V1,V2,V3,V4,V5,V6,V7,V8,V9,V10,V11,V12,target
5.23,3483.0,0.13,2.0,v2,v1,7159.0,v3,1.0,v1,1.37,2.0,class1
5.74,3123.0,0.62,2.0,v1,v1,4642.0,v2,1.0,v1,1.98,2.0,class2
5.68,3096.0,0.52,1.0,v1,v1,4519.0,v3,2.0,v2,0.56,0.0,class2
2.95,3076.0,0.43,2.0,v1,v1,4574.0,v2,0.0,v1,1.86,1.0,class3
7.47,3126.0,0.14,2.0,v2,v2,3285.0,v2,1.0,v2,2.01,2.0,class2
5.98,3140.0,0.42,1.0,v2,v2,4684.0,v2,1.0,v3,1.17,0.0,class3
5.46,3136.0,0.46,1.0,v1,v1,3814.0,v2,1.0,v1,1.87,1.0,class1
1.54,3134.0,0.13,1.0,v1,v2,5502.0,v3,1.0,v3,1.99,1.0,class1
1.84,3551.0,0.59,1.0,v2,v1,4552.0,v3,2.0,v1,1.9,1.0,class3
8.29,3493.0,0.44,0.0,v2,v1,6196.0,v2,1.0,v1,1.95,2.0,class3
6.19,3488.0,0.44,0.0,v1,v1,7183.0,v1,0.0,v1,0.95,1.0,class2
5.51,3141.0,0.44,2.0,v1,v1,7187.0,v1,1.0,v1,0.59,0.0,class2
7.32,3135.0,0.14,1.0,v1,v1,7230.0,v1,2.0,v1,1.6,2.0,class1
1.83,3469.0,0.53,2.0,v1,v1,4318.0,v3,0.0,v1,2.01,1.0,class1
7.02,3117.0,0.51,1.0,v2,v1,4577.0,v3,0.0,v1,1.21,0.0,class1
2.13,3506.0,0.61,1.0,v1,v1,5560.0,v1,2.0,v1,0.57,1.0,class3
6.13,3076.0,0.27,1.0,v2,v2,4416.0,v3,2.0,v2,1.06,0.0,class2
1.58,3178.0,0.21,1.0,v1,v2,4586.0,v2,1.0,v3,0.59,1.0,class2
7.26,3511.0,0.32,0.0,v1,v1,5602.0,v2,0.0,v1,1.83,1.0,class3
6.22,3133.0,0.47,2.0,v2,v1,3738.0,v3,2.0,v1,1.65,1.0,class2
6.23,3467.0,0.47,0.0,v1,v1,6588.0,v1,2.0,v1,1.94,2.0,class1
1.49,3551.0,0.41,0.0,v2,v1,7325.0,v1,0.0,v1,1.08,1.0,class3
7.48,3288.0,0.51,0.0,v2,v1,3098.0,v3,1.0,v1,1.2,1.0,class3
5.67,3123.0,0.51,1.0,v2,v1,3759.0,v3,2.0,v3,1.08,1.0,class3
2.05,3145.0,0.49,1.0,v2,v1,5822.0,v1,1.0,v1,1.13,0.0,class2
6.54,3122.0,0.53,1.0,v1,v1,7228.0,v1,1.0,v1,1.53,1.0,class1
1.66,3076.0,0.24,0.0,v1,v1,7290.0,v1,1.0,v1,1.19,1.0,class3
6.81,3132.0,0.4,2.0,v2,v1,3937.0,v2,0.0,v1,0.73,1.0,class2
2.46,3121.0,0.46,2.0,v2,v2,4584.0,v1,0.0,v2,0.55,2.0,class3
1.64,3147.0,0.43,1.0,v1,v1,4551.0,v2,2.0,v1,1.45,1.0,class1
1.55,3582.0,0.31,1.0,v2,v1,4518.0,v3,0.0,v1,1.73,2.0,class3
6.42,3599.0,0.62,1.0,v1,v1,3586.0,v1,0.0,v1,1.06,0.0,class3
6.04,3117.0,0.19,2.0,v2,v1,4569.0,v2,1.0,v1,0.6,1.0,class1
6.3,3130.0,0.24,1.0,v1,v1,3417.0,v3,2.0,v1,0.88,0.0,class1
1.41,3198.0,0.49,0.0,v2,v1,7298.0,v1,1.0,v1,1.88,0.0,class1
6.49,3097.0,0.54,0.0,v1,v1,4165.0,v1,0.0,v1,0.6,1.0,class2
4.49,3115.0,0.13,2.0,v1,v1,7318.0,v1,1.0,v1,0.56,0.0,class2
1.48,3137.0,0.64,1.0,v1,v1,5267.0,v3,2.0,v1,2.0,1.0,class2
4.13,3146.0,0.5,2.0,v2,v1,5128.0,v1,2.0,v1,1.27,1.0,class2
6.97,3462.0,0.21,2.0,v2,v1,3813.0,v1,1.0,v1,1.77,1.0,class2
7.89,3180.0,0.29,0.0,v2,v1,4560.0,v3,1.0,v1,1.63,1.0,class1
1.87,3118.0,0.62,1.0,v1,v1,4568.0,v1,0.0,v1,1.56,1.0,class3
1.45,3317.0,0.44,0.0,v2,v1,5480.0,v3,2.0,v1,0.56,1.0,class3
8.0,3423.0,0.53,0.0,v2,v1,4570.0,v3,2.0,v1,0.84,1.0,class3
5.89,3488.0,0.51,0.0,v2,v1,3240.0,v3,1.0,v1,1.8,1.0,class2
4.49,3598.0,0.6,0.0,v1,v1,7307.0,v2,0.0,v1,1.88,1.0,class3
1.55,3488.0,0.49,2.0,v2,v1,4523.0,v3,0.0,v1,1.33,1.0,class2
5.48,3441.0,0.16,1.0,v2,v1,3043.0,v2,1.0,v1,1.77,1.0,class1
4.57,3478.0,0.13,2.0,v2,v1,4566.0,v2,2.0,v3,1.16,1.0,class3
6.52,3521.0,0.51,2.0,v2,v2,7295.0,v2,2.0,v3,0.69,0.0,class2
7.72,3227.0,0.17,0.0,v1,v1,7353.0,v2,0.0,v1,0.6,2.0,class2
1.5,3131.0,0.14,2.0,v2,v1,5875.0,v2,0.0,v1,1.24,2.0,class2
7.48,3425.0,0.14,0.0,v1,v2,4739.0,v1,1.0,v3,1.13,1.0,class1
7.56,3142.0,0.58,2.0,v2,v2,4504.0,v2,1.0,v3,1.69,1.0,class2
6.14,3529.0,0.13,0.0,v1,v1,6434.0,v2,2.0,v1,0.79,2.0,class3
6.27,3301.0,0.13,0.0,v1,v1,3132.0,v2,2.0,v1,1.24,2.0,class3
5.43,3604.0,0.13,1.0,v1,v1,4063.0,v1,1.0,v1,1.78,1.0,class3
2.01,3117.0,0.64,2.0,v2,v1,4535.0,v1,2.0,v1,1.16,1.0,class3
5.6,3115.0,0.14,2.0,v1,v1,7177.0,v1,0.0,v1,1.64,2.0,class2
1.97,3463.0,0.52,2.0,v2,v2,4531.0,v3,2.0,v3,0.59,0.0,class2
1.97,3211.0,0.45,0.0,v1,v1,4545.0,v1,1.0,v1,1.08,0.0,class3
1.58,3116.0,0.52,2.0,v1,v1,3570.0,v1,0.0,v1,0.58,1.0,class1
1.45,3131.0,0.51,2.0,v1,v1,4311.0,v3,2.0,v1,1.94,1.0,class1
1.41,3145.0,0.21,2.0,v1,v1,7306.0,v3,0.0,v1,1.44,1.0,class1
1.87,3134.0,0.44,2.0,v1,v1,7266.0,v2,0.0,v1,1.73,0.0,class3
5.45,3481.0,0.39,2.0,v1,v2,4513.0,v1,1.0,v3,1.87,1.0,class3
1.53,3144.0,0.52,1.0,v2,v2,7349.0,v2,1.0,v3,0.73,2.0,class3
5.6,3130.0,0.62,2.0,v1,v1,3053.0,v1,1.0,v1,0.58,1.0,class1
1.49,3134.0,0.44,2.0,v2,v1,4477.0,v2,1.0,v1,1.9,1.0,class3
1.57,3146.0,0.62,2.0,v1,v1,3040.0,v3,2.0,v1,0.99,0.0,class1
6.33,3140.0,0.52,2.0,v1,v1,5988.0,v1,2.0,v3,0.87,1.0,class2
6.24,3134.0,0.13,2.0,v2,v1,4443.0,v3,1.0,v1,0.57,2.0,class2
5.5,3120.0,0.14,2.0,v1,v1,6522.0,v2,0.0,v1,1.66,2.0,class1
5.29,3071.0,0.14,2.0,v1,v1,5950.0,v2,2.0,v1,1.77,0.0,class3
1.93,3134.0,0.13,2.0,v1,v1,3933.0,v2,2.0,v1,1.23,2.0,class1
2.01,3564.0,0.47,0.0,v2,v1,5756.0,v2,2.0,v1,1.66,1.0,class2
6.78,3302.0,0.56,0.0,v1,v1,4150.0,v1,0.0,v1,1.73,1.0,class2
5.49,3129.0,0.49,2.0,v1,v1,3106.0,v3,2.0,v1,1.74,2.0,class2
6.11,3141.0,0.65,2.0,v2,v1,4536.0,v2,0.0,v1,1.97,0.0,class2
7.34,3137.0,0.61,1.0,v1,v1,5146.0,v2,1.0,v1,1.23,2.0,class1
7.87,3526.0,0.19,0.0,v2,v1,4796.0,v2,1.0,v1,0.78,1.0,class3
6.92,3121.0,0.63,2.0,v1,v1,3059.0,v1,1.0,v1,0.99,0.0,class1
1.6,3409.0,0.14,0.0,v1,v1,6734.0,v3,0.0,v2,2.05,0.0,class2
1.63,3147.0,0.13,1.0,v1,v1,4499.0,v1,1.0,v1,1.63,2.0,class3
8.21,3149.0,0.13,2.0,v1,v1,6503.0,v3,0.0,v1,1.45,0.0,class2
1.88,3484.0,0.15,2.0,v2,v2,3583.0,v2,2.0,v2,2.07,1.0,class3
1.47,3502.0,0.53,1.0,v2,v1,5324.0,v2,2.0,v3,1.97,0.0,class2
5.45,3132.0,0.53,2.0,v1,v1,5217.0,v1,1.0,v1,0.59,1.0,class1
1.75,3489.0,0.39,0.0,v2,v1,4488.0,v2,0.0,v1,0.61,0.0,class2
8.22,3139.0,0.63,1.0,v2,v2,3321.0,v1,0.0,v1,1.03,1.0,class3
7.86,3148.0,0.51,1.0,v2,v1,4586.0,v3,2.0,v1,1.81,1.0,class1
5.54,3143.0,0.43,1.0,v2,v1,5597.0,v1,2.0,v1,1.16,1.0,class3
1.57,3262.0,0.56,1.0,v2,v1,3524.0,v2,1.0,v1,0.58,0.0,class2
5.67,3420.0,0.47,0.0,v2,v2,5328.0,v3,2.0,v3,0.58,1.0,class3
1.57,3549.0,0.42,1.0,v1,v1,4264.0,v2,0.0,v1,1.78,1.0,class3
7.72,3136.0,0.26,1.0,v2,v2,3617.0,v2,1.0,v1,1.13,0.0,class1
7.78,3135.0,0.22,2.0,v1,v1,6295.0,v2,0.0,v1,1.77,2.0,class2
1.46,3142.0,0.52,2.0,v2,v1,4565.0,v2,1.0,v1,0.56,2.0,class2
6.19,3136.0,0.42,1.0,v2,v1,6213.0,v1,2.0,v1,1.59,2.0,class2
5.19,3240.0,0.48,0.0,v2,v1,4483.0,v3,2.0,v1,1.39,2.0,class1
5.88,3072.0,0.55,2.0,v1,v1,3510.0,v2,2.0,v1,0.6,0.0,class2
6.93,3472.0,0.59,2.0,v2,v1,3853.0,v2,2.0,v1,1.26,0.0,class2
5.6,3122.0,0.14,2.0,v2,v2,4590.0,v3,0.0,v3,1.26,2.0,class2
2.43,3313.0,0.34,0.0,v2,v1,3317.0,v2,1.0,v1,1.96,0.0,class1
2.03,3139.0,0.52,2.0,v2,v2,3614.0,v3,2.0,v3,0.57,1.0,class1
6.89,3129.0,0.29,2.0,v1,v1,7270.0,v2,2.0,v1,1.98,0.0,class3
5.57,3367.0,0.4,0.0,v2,v1,6269.0,v3,0.0,v1,0.77,2.0,class3
1.43,3361.0,0.64,1.0,v2,v2,4529.0,v1,2.0,v3,0.58,1.0,class1
1.63,3126.0,0.6,2.0,v2,v2,6978.0,v2,1.0,v3,1.83,2.0,class1
4.57,3145.0,0.14,1.0,v1,v1,7251.0,v1,1.0,v1,1.64,0.0,class2
5.56,3135.0,0.51,2.0,v1,v1,5343.0,v3,0.0,v1,0.59,1.0,class2
2.25,3142.0,0.14,1.0,v1,v1,7171.0,v3,2.0,v1,1.81,1.0,class3
7.69,3293.0,0.47,0.0,v1,v1,7201.0,v1,2.0,v1,1.08,1.0,class3
8.31,3117.0,0.61,2.0,v2,v1,6403.0,v2,1.0,v1,1.99,2.0,class2
5.63,3140.0,0.52,2.0,v2,v1,3287.0,v2,0.0,v2,0.83,0.0,class3
5.47,3360.0,0.53,1.0,v1,v1,3074.0,v3,0.0,v1,0.55,0.0,class2
7.05,3129.0,0.49,2.0,v2,v1,3292.0,v1,0.0,v1,1.78,0.0,class2
2.24,3150.0,0.63,2.0,v2,v1,4497.0,v3,1.0,v1,0.59,1.0,class1
7.71,3361.0,0.55,0.0,v1,v1,4024.0,v2,1.0,v1,1.79,0.0,class2
7.06,3513.0,0.65,1.0,v2,v1,4293.0,v2,1.0,v1,0.6,1.0,class3
2.52,3122.0,0.66,2.0,v2,v1,3229.0,v2,1.0,v1,0.57,0.0,class3
6.92,3073.0,0.13,1.0,v1,v1,4507.0,v1,1.0,v1,1.32,1.0,class3
7.83,3139.0,0.39,2.0,v1,v1,7260.0,v3,2.0,v1,0.55,0.0,class2
2.23,3170.0,0.48,0.0,v1,v1,7344.0,v1,0.0,v1,0.6,2.0,class3
1.9,3120.0,0.49,2.0,v2,v1,4514.0,v2,2.0,v1,0.58,1.0,class1
4.04,3275.0,0.63,0.0,v2,v1,3696.0,v1,0.0,v1,0.77,1.0,class3
6.78,3144.0,0.57,2.0,v2,v1,6409.0,v2,0.0,v1,0.57,0.0,class2
8.11,3143.0,0.48,2.0,v2,v1,7191.0,v3,0.0,v1,1.34,2.0,class1
1.93,3364.0,0.64,0.0,v1,v1,7121.0,v1,0.0,v1,1.9,0.0,class2
7.91,3605.0,0.17,1.0,v1,v2,7282.0,v3,1.0,v3,1.24,0.0,class3
5.59,3610.0,0.4,1.0,v2,v1,4544.0,v1,2.0,v1,1.24,1.0,class3
7.24,3260.0,0.48,0.0,v2,v1,4500.0,v2,2.0,v1,0.6,1.0,class1
6.43,3137.0,0.63,2.0,v2,v1,6276.0,v3,1.0,v1,1.92,2.0,class1
6.38,3122.0,0.52,2.0,v2,v1,7285.0,v3,2.0,v1,0.79,2.0,class1
1.46,3150.0,0.44,2.0,v2,v1,3489.0,v2,1.0,v1,1.62,0.0,class2
5.81,3210.0,0.39,0.0,v1,v1,4559.0,v1,2.0,v1,1.15,0.0,class3
6.74,3069.0,0.13,2.0,v1,v1,7289.0,v1,1.0,v1,2.05,0.0,class3
1.5,3148.0,0.18,2.0,v2,v2,4475.0,v1,1.0,v3,1.18,1.0,class1
7.36,3146.0,0.65,2.0,v2,v1,7216.0,v2,1.0,v1,1.74,0.0,class1
5.63,3441.0,0.61,0.0,v2,v1,7311.0,v3,1.0,v1,2.03,0.0,class1
7.0,3125.0,0.62,2.0,v1,v1,7249.0,v1,1.0,v1,1.65,0.0,class3
6.25,3607.0,0.48,1.0,v2,v2,7226.0,v2,0.0,v3,0.84,1.0,class2
6.92,3338.0,0.22,1.0,v1,v1,6614.0,v3,1.0,v1,1.71,0.0,class2
5.45,3130.0,0.5,2.0,v1,v2,4518.0,v3,0.0,v3,1.77,1.0,class1
1.48,3127.0,0.14,2.0,v1,v1,3225.0,v2,2.0,v1,1.71,1.0,class2
2.55,3141.0,0.44,0.0,v1,v1,4246.0,v2,2.0,v1,1.66,1.0,class1
7.48,3566.0,0.13,0.0,v2,v1,5429.0,v2,1.0,v1,1.74,1.0,class3
1.83,3380.0,0.61,1.0,v2,v1,4096.0,v2,1.0,v1,1.86,1.0,class2
1.53,3124.0,0.64,2.0,v2,v2,4146.0,v3,2.0,v3,2.04,2.0,class2
1.41,3243.0,0.47,0.0,v1,v1,4527.0,v2,1.0,v1,1.69,1.0,class3
1.55,3484.0,0.56,0.0,v2,v1,2999.0,v1,0.0,v1,1.49,0.0,class1
6.13,3466.0,0.61,2.0,v2,v1,3449.0,v1,0.0,v1,1.75,0.0,class2
1.87,3147.0,0.53,2.0,v2,v2,4471.0,v3,1.0,v2,1.35,0.0,class3
5.92,3287.0,0.52,0.0,v2,v1,7351.0,v2,0.0,v1,0.84,1.0,class3
5.99,3132.0,0.63,2.0,v2,v1,4511.0,v1,0.0,v1,1.09,1.0,class3
1.76,3213.0,0.25,0.0,v2,v1,3727.0,v1,2.0,v1,1.86,1.0,class1
3.24,3300.0,0.43,0.0,v1,v1,3246.0,v1,2.0,v1,2.01,2.0,class2
6.15,3071.0,0.14,1.0,v1,v1,4732.0,v2,2.0,v1,0.58,1.0,class3
7.36,3123.0,0.42,2.0,v1,v1,7351.0,v3,2.0,v1,1.62,0.0,class2
5.79,3141.0,0.48,2.0,v2,v1,3692.0,v2,1.0,v1,0.89,0.0,class2
4.57,3128.0,0.48,2.0,v1,v1,3147.0,v2,1.0,v1,1.15,0.0,class2
6.38,3069.0,0.47,2.0,v2,v1,4532.0,v3,0.0,v1,1.48,2.0,class2
7.24,3275.0,0.18,0.0,v1,v2,5475.0,v2,1.0,v3,0.8,1.0,class1
1.46,3152.0,0.67,1.0,v1,v1,3409.0,v3,1.0,v1,1.24,1.0,class3
1.68,3530.0,0.5,2.0,v1,v1,5914.0,v2,1.0,v1,1.0,2.0,class3
5.54,3140.0,0.14,2.0,v2,v1,6106.0,v3,1.0,v1,1.64,1.0,class2
3.91,3448.0,0.14,0.0,v2,v1,4606.0,v1,0.0,v1,1.15,1.0,class3
6.54,3122.0,0.53,2.0,v2,v2,3111.0,v2,0.0,v3,2.05,1.0,class1
5.5,3500.0,0.27,0.0,v2,v1,3212.0,v3,2.0,v1,1.19,1.0,class2
2.84,3149.0,0.45,2.0,v2,v1,3761.0,v1,0.0,v1,1.05,0.0,class1
1.91,3132.0,0.52,2.0,v1,v1,3415.0,v3,1.0,v1,1.73,2.0,class2
7.95,3140.0,0.26,1.0,v2,v1,7230.0,v1,1.0,v1,2.06,1.0,class2
2.7,3117.0,0.38,2.0,v2,v1,4477.0,v1,2.0,v1,1.75,2.0,class2
6.19,3123.0,0.14,2.0,v1,v1,4471.0,v2,2.0,v1,0.87,1.0,class3
8.11,3456.0,0.36,0.0,v1,v1,5540.0,v2,0.0,v1,1.74,2.0,class1
6.55,3611.0,0.4,0.0,v2,v1,7341.0,v1,1.0,v1,1.77,2.0,class3
5.62,3124.0,0.47,2.0,v2,v2,7180.0,v3,1.0,v3,0.69,2.0,class2
4.01,3304.0,0.14,0.0,v2,v1,4340.0,v3,1.0,v1,1.79,0.0,class2
4.25,3072.0,0.49,2.0,v2,v1,4440.0,v3,2.0,v1,0.58,0.0,class3
6.51,3150.0,0.67,1.0,v2,v1,6665.0,v2,2.0,v1,1.71,2.0,class1
8.28,3254.0,0.3,0.0,v2,v2,6056.0,v2,0.0,v3,1.86,1.0,class2
6.77,3551.0,0.67,2.0,v1,v1,7182.0,v3,2.0,v1,1.33,0.0,class3
5.62,3244.0,0.2,1.0,v2,v2,4156.0,v1,1.0,v3,1.64,1.0,class2
1.52,3399.0,0.5,0.0,v1,v1,4491.0,v2,1.0,v1,0.65,0.0,class3
6.05,3148.0,0.52,2.0,v1,v1,3569.0,v1,2.0,v1,1.69,1.0,class1
5.98,3584.0,0.51,1.0,v1,v1,3893.0,v2,1.0,v1,1.19,1.0,class3
6.28,3500.0,0.14,1.0,v1,v1,4533.0,v2,2.0,v1,0.67,0.0,class3
4.65,3474.0,0.51,2.0,v2,v1,4511.0,v3,0.0,v1,1.83,1.0,class2
5.26,3069.0,0.2,0.0,v1,v1,7233.0,v3,1.0,v2,0.6,1.0,class2
5.49,3266.0,0.13,0.0,v1,v1,4481.0,v1,0.0,v1,0.6,1.0,class2
6.25,3079.0,0.53,0.0,v1,v1,7313.0,v3,0.0,v1,1.41,1.0,class1
7.89,3316.0,0.31,0.0,v1,v2,3773.0,v2,0.0,v3,1.71,0.0,class1
6.17,3119.0,0.5,2.0,v2,v1,7244.0,v3,2.0,v1,0.57,0.0,class1
1.69,3123.0,0.45,2.0,v2,v1,3556.0,v1,0.0,v1,1.92,0.0,class3
3.6,3074.0,0.47,2.0,v2,v2,5655.0,v2,2.0,v3,0.92,2.0,class2
1.64,3069.0,0.53,1.0,v2,v1,4169.0,v2,0.0,v1,1.86,0.0,class2
8.19,3558.0,0.48,1.0,v2,v2,4473.0,v2,2.0,v3,1.27,1.0,class2
1.74,3599.0,0.53,0.0,v2,v1,4557.0,v3,2.0,v1,0.55,1.0,class3
6.95,3122.0,0.46,2.0,v2,v1,3169.0,v2,1.0,v1,0.57,2.0,class1
6.67,3331.0,0.58,0.0,v1,v1,7259.0,v3,1.0,v2,1.12,0.0,class3
5.63,3133.0,0.36,2.0,v1,v1,7241.0,v3,0.0,v1,0.91,2.0,class3
6.05,3150.0,0.14,2.0,v1,v1,4479.0,v1,2.0,v1,1.27,1.0,class1
2.61,3496.0,0.58,1.0,v2,v1,7170.0,v3,0.0,v1,1.67,2.0,class3
1.79,3130.0,0.13,2.0,v1,v1,4213.0,v2,2.0,v1,1.17,1.0,class1
5.72,3478.0,0.48,0.0,v1,v1,7336.0,v3,2.0,v1,1.7,2.0,class1
5.65,3126.0,0.13,1.0,v1,v1,3001.0,v2,1.0,v1,1.22,1.0,class1
7.74,3532.0,0.53,1.0,v1,v1,3106.0,v3,1.0,v1,0.84,1.0,class3
5.95,3577.0,0.34,1.0,v2,v1,4510.0,v3,1.0,v1,1.96,1.0,class3
7.25,3076.0,0.39,1.0,v2,v1,3891.0,v2,0.0,v1,1.69,0.0,class3
6.21,3546.0,0.13,0.0,v1,v1,4355.0,v2,1.0,v1,0.74,1.0,class3
1.58,3070.0,0.5,1.0,v1,v1,3057.0,v2,1.0,v1,0.89,0.0,class3
5.51,3484.0,0.62,2.0,v1,v1,4521.0,v2,1.0,v1,1.62,2.0,class2
6.51,3120.0,0.23,2.0,v1,v2,7215.0,v2,2.0,v3,2.02,0.0,class1
6.75,3070.0,0.37,1.0,v1,v1,3011.0,v2,1.0,v1,1.13,0.0,class3
7.08,3119.0,0.45,2.0,v1,v1,6193.0,v3,1.0,v1,1.21,1.0,class2
5.6,3128.0,0.43,2.0,v2,v2,4588.0,v2,0.0,v3,0.59,1.0,class3
5.76,3529.0,0.41,0.0,v2,v1,3402.0,v2,1.0,v1,1.67,1.0,class3
2.0,3074.0,0.51,2.0,v2,v1,5029.0,v3,0.0,v1,1.0,1.0,class3
1.53,3121.0,0.58,2.0,v2,v2,4555.0,v1,2.0,v2,1.08,0.0,class3
5.72,3522.0,0.51,2.0,v2,v1,7183.0,v3,2.0,v2,0.59,0.0,class2
6.16,3138.0,0.39,2.0,v2,v1,6834.0,v3,2.0,v1,0.56,2.0,class2
5.54,3618.0,0.46,1.0,v2,v1,5608.0,v2,1.0,v1,1.51,1.0,class3
6.49,3148.0,0.48,2.0,v1,v2,6910.0,v2,2.0,v3,1.82,0.0,class1
6.13,3123.0,0.17,1.0,v2,v1,3009.0,v2,2.0,v1,1.28,1.0,class2
6.79,3122.0,0.14,1.0,v1,v1,4233.0,v3,0.0,v3,1.51,1.0,class2
6.0,3406.0,0.53,0.0,v2,v1,4376.0,v2,2.0,v1,0.9,1.0,class3
3.14,3342.0,0.4,0.0,v1,v1,7240.0,v2,2.0,v1,2.0,0.0,class2
7.69,3192.0,0.47,0.0,v2,v1,7221.0,v2,0.0,v2,1.12,2.0,class3
1.54,3582.0,0.3,0.0,v1,v1,4563.0,v3,0.0,v1,1.06,1.0,class2
1.7,3234.0,0.52,0.0,v2,v1,7350.0,v3,0.0,v1,0.57,1.0,class2
4.63,3119.0,0.63,2.0,v1,v1,7075.0,v2,0.0,v1,1.77,0.0,class1
1.68,3499.0,0.51,1.0,v2,v2,7284.0,v3,2.0,v3,1.83,0.0,class2
5.63,3137.0,0.18,1.0,v2,v1,7288.0,v3,1.0,v1,1.76,2.0,class1
5.72,3536.0,0.51,1.0,v2,v1,4556.0,v3,2.0,v1,1.98,1.0,class3
1.87,3139.0,0.14,2.0,v1,v2,6178.0,v2,2.0,v3,1.97,1.0,class2
1.78,3149.0,0.14,2.0,v2,v1,4543.0,v3,0.0,v1,0.67,2.0,class2
7.9,3148.0,0.49,2.0,v2,v1,4167.0,v2,0.0,v1,1.26,1.0,class2
1.93,3076.0,0.38,2.0,v2,v1,5875.0,v2,2.0,v1,2.02,2.0,class3
5.74,3547.0,0.61,1.0,v2,v1,4563.0,v1,0.0,v1,1.26,0.0,class3
1.54,3146.0,0.47,2.0,v1,v1,7226.0,v1,2.0,v1,0.6,2.0,class1
5.0,3117.0,0.65,1.0,v2,v2,4179.0,v1,1.0,v3,1.27,1.0,class3
5.49,3132.0,0.14,1.0,v2,v1,7161.0,v2,2.0,v1,1.2,0.0,class2
1.68,3122.0,0.53,2.0,v2,v1,4525.0,v3,1.0,v1,1.06,2.0,class2
1.59,3371.0,0.44,0.0,v2,v1,7340.0,v2,1.0,v1,1.34,0.0,class1
7.07,3125.0,0.46,2.0,v2,v1,7161.0,v3,2.0,v1,0.57,0.0,class2
4.49,3516.0,0.43,1.0,v1,v1,4878.0,v2,2.0,v1,2.0,1.0,class3
2.34,3509.0,0.54,0.0,v1,v1,7250.0,v2,0.0,v1,1.81,1.0,class3
1.44,3152.0,0.47,1.0,v1,v1,4656.0,v2,0.0,v1,1.39,2.0,class3
5.46,3333.0,0.31,0.0,v2,v1,4060.0,v3,0.0,v2,2.04,0.0,class1
1.73,3529.0,0.48,1.0,v2,v1,3920.0,v1,1.0,v2,1.33,0.0,class3
6.25,3591.0,0.14,2.0,v1,v1,4806.0,v2,1.0,v1,2.02,1.0,class3
6.54,3134.0,0.37,2.0,v2,v1,5692.0,v3,1.0,v1,1.6,1.0,class1
1.62,3476.0,0.67,2.0,v2,v1,7242.0,v1,2.0,v1,0.83,2.0,class2
7.58,3460.0,0.14,0.0,v2,v1,4270.0,v2,1.0,v1,1.77,0.0,class1
7.32,3489.0,0.41,0.0,v2,v2,7185.0,v3,1.0,v1,0.64,1.0,class1
5.61,3129.0,0.35,2.0,v2,v1,4586.0,v3,2.0,v1,0.56,1.0,class3
7.25,3144.0,0.31,2.0,v2,v1,4555.0,v1,1.0,v1,1.23,1.0,class2
5.85,3266.0,0.28,0.0,v2,v1,3044.0,v3,1.0,v1,2.03,0.0,class2
5.78,3150.0,0.42,2.0,v1,v1,4530.0,v2,1.0,v1,1.85,1.0,class1
7.07,3215.0,0.51,0.0,v2,v1,4005.0,v3,0.0,v2,1.31,1.0,class3
5.77,3587.0,0.52,0.0,v2,v2,4137.0,v2,1.0,v3,1.27,0.0,class3
1.87,3216.0,0.61,0.0,v2,v1,4542.0,v3,0.0,v1,0.98,2.0,class3
5.59,3213.0,0.46,0.0,v2,v1,4863.0,v2,2.0,v1,0.79,1.0,class3
7.07,3131.0,0.67,2.0,v1,v1,7272.0,v3,1.0,v1,1.68,2.0,class1
1.7,3148.0,0.53,2.0,v1,v2,4021.0,v3,0.0,v2,0.71,0.0,class2
1.68,3115.0,0.46,1.0,v1,v1,7300.0,v2,1.0,v1,1.77,0.0,class2
5.6,3151.0,0.39,2.0,v1,v1,5498.0,v1,1.0,v2,1.02,2.0,class3
5.97,3128.0,0.51,2.0,v2,v1,4493.0,v1,1.0,v1,1.41,1.0,class1
2.26,3137.0,0.56,1.0,v1,v1,7069.0,v1,1.0,v1,0.76,2.0,class1
1.88,3326.0,0.34,0.0,v1,v1,5972.0,v1,2.0,v1,0.66,1.0,class3
6.56,3120.0,0.62,2.0,v2,v1,6042.0,v3,1.0,v1,1.87,2.0,class1
2.13,3604.0,0.56,0.0,v2,v2,4540.0,v3,2.0,v3,0.58,1.0,class2
3.66,3393.0,0.53,0.0,v1,v1,4931.0,v3,2.0,v1,2.01,0.0,class1
1.7,3145.0,0.14,2.0,v1,v1,4551.0,v2,2.0,v1,0.57,1.0,class1
5.83,3568.0,0.23,1.0,v1,v2,3309.0,v2,2.0,v1,2.07,0.0,class3
2.0,3152.0,0.14,2.0,v1,v2,5624.0,v2,2.0,v2,0.88,1.0,class3
5.62,3234.0,0.13,0.0,v1,v1,3647.0,v2,0.0,v1,0.79,0.0,class3
5.62,3120.0,0.14,1.0,v1,v1,7245.0,v1,0.0,v1,1.18,1.0,class2
1.41,3072.0,0.51,2.0,v2,v1,4857.0,v2,2.0,v2,0.56,1.0,class2
5.49,3602.0,0.14,0.0,v1,v2,3848.0,v2,0.0,v3,1.92,0.0,class3
5.53,3147.0,0.14,2.0,v1,v1,7334.0,v2,0.0,v1,1.35,2.0,class1
1.57,3122.0,0.19,1.0,v1,v1,6834.0,v2,2.0,v3,0.79,0.0,class2
1.52,3074.0,0.65,1.0,v2,v1,4589.0,v3,0.0,v1,0.71,0.0,class3
1.55,3598.0,0.61,0.0,v2,v1,6476.0,v2,1.0,v1,1.99,2.0,class3
1.67,3622.0,0.23,0.0,v1,v1,7228.0,v2,1.0,v1,1.54,0.0,class3
2.23,3547.0,0.47,2.0,v2,v1,7240.0,v1,1.0,v1,0.58,0.0,class3
6.67,3297.0,0.46,0.0,v1,v1,6282.0,v2,2.0,v3,1.94,2.0,class1
1.58,3076.0,0.13,2.0,v1,v1,5238.0,v2,2.0,v1,1.47,2.0,class3
1.52,3149.0,0.13,2.0,v1,v1,4489.0,v3,0.0,v1,1.23,1.0,class2
7.22,3121.0,0.58,1.0,v1,v1,5853.0,v3,1.0,v1,1.64,2.0,class2
8.02,3221.0,0.47,1.0,v2,v2,4536.0,v3,2.0,v3,0.97,0.0,class1
1.53,3609.0,0.21,1.0,v1,v1,3979.0,v2,2.0,v1,0.79,0.0,class3
5.48,3419.0,0.33,0.0,v1,v1,7225.0,v1,2.0,v1,1.88,0.0,class2
1.46,3096.0,0.5,1.0,v2,v1,3058.0,v2,1.0,v1,0.87,0.0,class1
7.37,3485.0,0.24,2.0,v1,v1,7156.0,v2,0.0,v1,0.79,0.0,class2
6.89,3139.0,0.51,1.0,v1,v1,7272.0,v2,1.0,v1,0.79,2.0,class3
1.45,3149.0,0.6,2.0,v1,v1,3042.0,v3,2.0,v1,1.88,2.0,class2
1.59,3564.0,0.45,0.0,v1,v2,4585.0,v3,0.0,v3,1.5,1.0,class2
6.28,3461.0,0.14,0.0,v2,v1,4585.0,v2,0.0,v1,1.81,0.0,class2
1.81,3075.0,0.51,0.0,v1,v1,4449.0,v2,1.0,v1,1.81,1.0,class2
6.36,3529.0,0.28,2.0,v1,v1,3657.0,v2,2.0,v1,0.75,1.0,class3
2.18,3140.0,0.51,2.0,v1,v1,7338.0,v3,2.0,v1,1.09,2.0,class1
6.3,3153.0,0.52,0.0,v2,v1,4508.0,v3,0.0,v1,0.93,1.0,class3
8.25,3181.0,0.53,0.0,v2,v2,7174.0,v2,1.0,v3,1.45,2.0,class3
6.92,3573.0,0.4,1.0,v1,v1,3175.0,v1,2.0,v1,1.02,0.0,class3
1.54,3134.0,0.16,2.0,v1,v1,4535.0,v2,1.0,v1,1.19,2.0,class1
3.84,3130.0,0.57,2.0,v2,v1,3742.0,v1,1.0,v1,1.09,1.0,class1
7.67,3142.0,0.63,0.0,v1,v1,4523.0,v2,1.0,v1,1.79,1.0,class2
8.33,3147.0,0.14,1.0,v1,v1,3249.0,v2,1.0,v1,1.69,0.0,class1
5.88,3137.0,0.14,2.0,v1,v2,3303.0,v1,2.0,v3,1.76,2.0,class1
1.94,3146.0,0.13,1.0,v1,v2,7258.0,v1,1.0,v3,0.58,1.0,class2
2.99,3076.0,0.13,2.0,v2,v1,5143.0,v1,0.0,v1,1.99,1.0,class3
1.89,3493.0,0.61,0.0,v2,v1,3511.0,v2,0.0,v1,2.05,1.0,class3
1.45,3147.0,0.14,2.0,v1,v1,7190.0,v1,1.0,v1,1.19,2.0,class1
5.84,3474.0,0.65,0.0,v2,v1,7191.0,v1,0.0,v2,1.08,0.0,class3
8.07,3136.0,0.62,1.0,v2,v2,4484.0,v1,0.0,v3,1.16,1.0,class3
1.98,3120.0,0.14,2.0,v1,v1,3040.0,v2,0.0,v1,1.17,2.0,class1
1.57,3120.0,0.6,2.0,v2,v1,7182.0,v2,1.0,v1,1.21,0.0,class2
5.46,3429.0,0.56,0.0,v1,v1,7177.0,v2,1.0,v1,1.08,0.0,class1
1.42,3432.0,0.36,0.0,v2,v1,3805.0,v1,2.0,v1,1.67,1.0,class2
6.44,3138.0,0.52,2.0,v1,v1,4503.0,v3,0.0,v1,0.56,1.0,class1
3.56,3502.0,0.4,2.0,v1,v1,6787.0,v2,2.0,v1,0.57,2.0,class3
8.05,3398.0,0.48,0.0,v2,v1,7273.0,v2,2.0,v1,1.79,0.0,class2
7.29,3142.0,0.13,1.0,v2,v1,4548.0,v2,2.0,v1,1.12,1.0,class3
1.47,3144.0,0.13,2.0,v1,v2,4542.0,v3,1.0,v3,1.55,1.0,class2
1.92,3475.0,0.62,2.0,v2,v2,4582.0,v2,1.0,v3,1.5,1.0,class3
6.41,3141.0,0.43,1.0,v1,v2,5629.0,v1,0.0,v3,0.57,1.0,class3
4.05,3149.0,0.62,1.0,v2,v2,4562.0,v1,1.0,v3,0.93,0.0,class3
5.94,3118.0,0.48,1.0,v2,v1,7080.0,v2,1.0,v1,0.55,2.0,class2
1.57,3133.0,0.35,2.0,v1,v2,3807.0,v1,2.0,v3,2.01,1.0,class1
5.47,3117.0,0.14,2.0,v2,v1,4505.0,v3,2.0,v1,1.88,0.0,class1
6.82,3136.0,0.54,1.0,v2,v1,7056.0,v2,2.0,v1,1.64,2.0,class2
2.13,3075.0,0.37,1.0,v2,v1,4587.0,v2,2.0,v1,0.97,1.0,class3
5.5,3136.0,0.13,2.0,v1,v2,5554.0,v2,0.0,v3,0.69,1.0,class2
4.98,3149.0,0.22,2.0,v1,v1,4517.0,v3,0.0,v1,1.66,1.0,class2
5.59,3069.0,0.14,2.0,v2,v2,7235.0,v3,0.0,v3,1.96,2.0,class2
7.02,3594.0,0.26,1.0,v2,v1,7005.0,v3,0.0,v1,1.93,2.0,class3
5.52,3150.0,0.58,2.0,v2,v1,6776.0,v3,1.0,v1,0.6,1.0,class1
1.66,3512.0,0.14,2.0,v1,v2,4381.0,v1,1.0,v3,1.62,0.0,class2
1.72,3142.0,0.57,2.0,v1,v1,4881.0,v2,0.0,v1,0.55,1.0,class1
5.82,3590.0,0.13,2.0,v1,v1,6043.0,v2,2.0,v1,1.35,1.0,class2
6.01,3150.0,0.59,2.0,v2,v1,3406.0,v1,0.0,v1,1.15,0.0,class1
7.6,3300.0,0.41,0.0,v1,v1,4256.0,v1,2.0,v1,1.97,0.0,class1
1.66,3115.0,0.14,2.0,v1,v1,3547.0,v1,0.0,v1,1.06,0.0,class1
7.18,3572.0,0.5,1.0,v2,v1,3811.0,v2,2.0,v1,1.73,1.0,class3
6.57,3119.0,0.46,2.0,v1,v1,3449.0,v2,1.0,v1,1.56,0.0,class2
2.24,3139.0,0.56,2.0,v1,v1,5365.0,v1,1.0,v1,1.39,2.0,class3
1.41,3486.0,0.48,0.0,v2,v1,5821.0,v1,1.0,v2,1.38,2.0,class3
7.14,3129.0,0.51,0.0,v2,v1,3129.0,v3,2.0,v1,0.57,0.0,class1
5.44,3123.0,0.34,2.0,v1,v1,7183.0,v3,1.0,v1,2.02,2.0,class1
5.7,3549.0,0.14,1.0,v1,v2,4493.0,v2,2.0,v3,0.86,1.0,class2
1.41,3071.0,0.44,1.0,v1,v1,3302.0,v2,1.0,v1,1.91,2.0,class3
4.5,3070.0,0.13,0.0,v2,v1,5762.0,v1,0.0,v1,1.63,1.0,class3
5.46,3143.0,0.57,2.0,v1,v1,5552.0,v1,0.0,v1,1.73,0.0,class2
1.54,3252.0,0.43,0.0,v2,v1,4512.0,v3,1.0,v1,1.12,1.0,class3
6.0,3123.0,0.13,2.0,v2,v1,4541.0,v2,1.0,v1,0.57,0.0,class1
1.48,3190.0,0.14,0.0,v1,v1,4785.0,v2,1.0,v1,1.44,0.0,class1
6.68,3237.0,0.14,0.0,v1,v1,7355.0,v1,0.0,v1,0.58,0.0,class2
1.48,3123.0,0.19,2.0,v2,v1,5568.0,v3,0.0,v1,1.16,1.0,class2
4.72,3150.0,0.5,2.0,v1,v2,6695.0,v1,0.0,v3,1.05,2.0,class2
1.57,3382.0,0.48,1.0,v2,v1,6358.0,v3,0.0,v1,0.55,2.0,class2
5.43,3137.0,0.18,2.0,v1,v1,4576.0,v3,1.0,v1,1.18,1.0,class1
1.69,3127.0,0.13,2.0,v1,v1,5762.0,v2,2.0,v1,0.89,0.0,class1
2.43,3361.0,0.57,0.0,v1,v1,4743.0,v3,0.0,v1,1.4,1.0,class1
3.35,3557.0,0.13,0.0,v2,v2,3106.0,v3,2.0,v3,0.77,2.0,class2
1.97,3606.0,0.53,2.0,v2,v1,4213.0,v3,0.0,v1,1.19,1.0,class3
6.84,3204.0,0.22,1.0,v2,v1,6255.0,v1,2.0,v1,1.22,1.0,class1
1.67,3072.0,0.39,2.0,v2,v2,5592.0,v3,1.0,v3,1.08,2.0,class2
4.54,3074.0,0.56,1.0,v2,v1,4540.0,v1,1.0,v2,2.04,1.0,class2
6.93,3126.0,0.47,1.0,v1,v1,3788.0,v1,1.0,v1,0.67,0.0,class3
5.63,3122.0,0.51,2.0,v2,v1,3222.0,v1,0.0,v1,0.59,0.0,class2
5.07,3243.0,0.47,1.0,v2,v1,7241.0,v3,0.0,v1,0.92,0.0,class2
5.63,3116.0,0.14,1.0,v1,v1,4486.0,v3,1.0,v1,1.71,1.0,class2
1.82,3487.0,0.51,2.0,v2,v1,4308.0,v1,1.0,v1,0.77,0.0,class1
7.09,3216.0,0.13,0.0,v1,v2,4544.0,v2,0.0,v1,0.78,1.0,class3
2.14,3345.0,0.57,0.0,v2,v2,7030.0,v1,2.0,v2,2.05,2.0,class2
7.87,3119.0,0.21,2.0,v2,v2,7199.0,v2,0.0,v3,0.86,0.0,class3
1.71,3149.0,0.39,2.0,v2,v1,6118.0,v2,2.0,v1,1.61,2.0,class1
6.0,3140.0,0.52,1.0,v2,v1,4566.0,v1,1.0,v1,2.01,2.0,class1
7.41,3073.0,0.58,2.0,v1,v1,3144.0,v1,1.0,v1,0.63,1.0,class3
1.45,3348.0,0.62,0.0,v1,v1,4530.0,v2,2.0,v1,0.99,1.0,class3
6.71,3126.0,0.13,1.0,v2,v1,5439.0,v3,2.0,v1,0.9,1.0,class3
6.0,3522.0,0.51,2.0,v1,v1,5585.0,v1,1.0,v1,0.6,1.0,class3
5.55,3129.0,0.41,2.0,v2,v2,4115.0,v3,0.0,v3,1.63,0.0,class2
1.59,3144.0,0.25,1.0,v2,v1,7361.0,v3,1.0,v1,1.85,2.0,class3
7.8,3383.0,0.17,0.0,v1,v1,3244.0,v2,2.0,v1,1.99,2.0,class1
3.45,3125.0,0.47,1.0,v1,v1,6970.0,v2,2.0,v1,0.58,2.0,class1
4.87,3139.0,0.49,2.0,v2,v1,4513.0,v1,2.0,v1,0.8,1.0,class2
6.04,3120.0,0.14,2.0,v1,v2,3415.0,v1,2.0,v2,0.68,0.0,class2
4.55,3118.0,0.13,1.0,v2,v2,4512.0,v3,2.0,v3,1.8,1.0,class1
5.45,3071.0,0.4,2.0,v1,v1,4641.0,v3,0.0,v1,1.5,1.0,class3
5.45,3116.0,0.53,2.0,v2,v1,7320.0,v3,1.0,v1,0.59,0.0,class1
1.46,3118.0,0.53,2.0,v2,v1,4496.0,v1,2.0,v1,0.58,2.0,class2
6.9,3140.0,0.66,2.0,v1,v1,4549.0,v1,0.0,v1,1.64,1.0,class1
1.49,3115.0,0.25,2.0,v2,v1,3195.0,v1,1.0,v1,1.62,0.0,class1
8.31,3150.0,0.13,1.0,v1,v1,6491.0,v2,1.0,v1,1.95,2.0,class2
6.75,3482.0,0.52,0.0,v1,v1,4505.0,v3,0.0,v1,0.6,0.0,class1
3.39,3122.0,0.27,2.0,v2,v1,4385.0,v2,1.0,v1,0.96,0.0,class2
5.51,3118.0,0.53,2.0,v2,v2,7165.0,v3,1.0,v3,1.71,0.0,class2
2.38,3589.0,0.45,0.0,v1,v1,3964.0,v1,2.0,v1,1.29,1.0,class3
6.57,3436.0,0.44,0.0,v1,v1,3114.0,v2,1.0,v1,0.58,2.0,class2
1.67,3532.0,0.42,0.0,v2,v1,4143.0,v3,1.0,v1,1.24,1.0,class3
5.43,3084.0,0.62,2.0,v1,v1,3149.0,v3,2.0,v1,1.09,2.0,class2
6.26,3557.0,0.17,1.0,v1,v1,4715.0,v3,0.0,v1,0.55,0.0,class3
5.76,3141.0,0.52,2.0,v1,v1,4474.0,v1,0.0,v1,1.1,1.0,class1
8.01,3311.0,0.33,0.0,v2,v1,3323.0,v1,0.0,v1,1.96,1.0,class2
2.03,3120.0,0.55,2.0,v1,v1,7292.0,v1,0.0,v1,1.15,0.0,class3
7.53,3150.0,0.16,1.0,v2,v1,6246.0,v3,0.0,v1,0.84,2.0,class2
1.76,3517.0,0.53,0.0,v1,v1,4542.0,v3,1.0,v2,1.4,2.0,class1
2.14,3384.0,0.13,0.0,v1,v1,5593.0,v1,0.0,v1,1.63,2.0,class2
6.01,3095.0,0.14,2.0,v2,v1,7362.0,v2,0.0,v1,1.44,2.0,class2
5.68,3117.0,0.52,2.0,v2,v1,3674.0,v2,1.0,v1,1.48,1.0,class2
4.93,3151.0,0.14,1.0,v1,v2,3243.0,v3,2.0,v3,1.31,2.0,class2
6.75,3148.0,0.46,2.0,v1,v1,3782.0,v1,0.0,v1,0.7,1.0,class1
5.85,3585.0,0.22,1.0,v1,v1,3988.0,v3,2.0,v2,1.15,0.0,class3
1.95,3079.0,0.52,2.0,v2,v1,3326.0,v3,2.0,v1,1.13,0.0,class2
8.35,3116.0,0.13,2.0,v1,v1,4569.0,v1,0.0,v1,1.94,1.0,class3
7.25,3162.0,0.35,0.0,v1,v1,3721.0,v3,1.0,v1,1.85,1.0,class1
5.5,3490.0,0.13,2.0,v1,v2,3218.0,v1,0.0,v2,1.97,0.0,class3
3.82,3176.0,0.52,0.0,v2,v1,7327.0,v3,0.0,v1,1.19,0.0,class3
5.11,3532.0,0.21,2.0,v1,v1,6724.0,v3,0.0,v1,1.1,2.0,class1
3.1,3550.0,0.15,2.0,v1,v1,4557.0,v1,1.0,v1,1.16,2.0,class3
1.46,3128.0,0.13,2.0,v2,v1,7289.0,v3,1.0,v1,1.81,1.0,class2
5.88,3458.0,0.49,1.0,v1,v1,7222.0,v2,1.0,v1,1.23,0.0,class1
7.01,3140.0,0.64,2.0,v2,v1,7200.0,v2,2.0,v1,1.8,0.0,class2
5.53,3304.0,0.14,0.0,v1,v1,7345.0,v1,1.0,v1,1.43,0.0,class1
1.46,3284.0,0.5,0.0,v1,v1,5638.0,v2,1.0,v1,1.74,0.0,class1
5.61,3121.0,0.14,2.0,v2,v1,7162.0,v3,2.0,v1,1.44,1.0,class2
2.85,3135.0,0.27,1.0,v1,v1,5746.0,v3,0.0,v1,1.86,2.0,class1
2.25,3466.0,0.39,2.0,v2,v1,3291.0,v2,1.0,v2,1.83,2.0,class3
6.49,3584.0,0.4,0.0,v2,v1,4090.0,v1,0.0,v1,0.56,2.0,class3
2.5,3126.0,0.59,2.0,v2,v1,7301.0,v2,1.0,v1,2.04,0.0,class1
4.97,3478.0,0.4,2.0,v2,v2,4214.0,v3,0.0,v3,1.85,1.0,class1
5.58,3073.0,0.53,1.0,v1,v1,4440.0,v3,1.0,v1,1.75,0.0,class3
8.14,3596.0,0.52,1.0,v2,v1,7341.0,v3,0.0,v1,1.79,0.0,class3
5.52,3142.0,0.5,1.0,v2,v1,3349.0,v2,2.0,v3,1.2,2.0,class3
6.18,3133.0,0.44,1.0,v2,v2,7163.0,v2,2.0,v3,0.55,0.0,class1
7.11,3405.0,0.2,1.0,v1,v1,7250.0,v2,1.0,v1,0.82,2.0,class1
5.52,3132.0,0.39,2.0,v2,v1,7314.0,v1,0.0,v1,1.76,1.0,class1
5.14,3115.0,0.13,2.0,v1,v1,4025.0,v2,2.0,v1,1.74,0.0,class3
8.07,3136.0,0.19,2.0,v1,v1,3728.0,v2,2.0,v1,0.85,0.0,class1
5.6,3116.0,0.6,1.0,v2,v2,4573.0,v2,1.0,v3,1.86,1.0,class1
4.24,3138.0,0.19,2.0,v1,v2,4272.0,v3,0.0,v1,0.57,0.0,class1
6.8,3076.0,0.41,1.0,v2,v1,3219.0,v3,2.0,v1,1.6,1.0,class3
7.81,3574.0,0.14,0.0,v1,v2,4480.0,v1,1.0,v1,1.82,1.0,class2
7.42,3124.0,0.14,2.0,v2,v2,7239.0,v2,1.0,v2,1.54,2.0,class2
7.71,3462.0,0.6,0.0,v2,v2,5761.0,v3,2.0,v3,1.19,1.0,class2
6.54,3117.0,0.42,2.0,v2,v1,5685.0,v1,2.0,v1,0.67,2.0,class1
5.58,3135.0,0.42,2.0,v1,v1,3748.0,v3,1.0,v1,1.63,1.0,class2
2.83,3179.0,0.13,0.0,v2,v1,4543.0,v3,2.0,v2,1.88,1.0,class1
2.17,3456.0,0.48,0.0,v1,v1,4237.0,v2,1.0,v1,0.58,0.0,class1
6.49,3120.0,0.47,2.0,v1,v1,4354.0,v1,1.0,v1,0.57,1.0,class1
1.45,3126.0,0.47,2.0,v2,v1,4477.0,v1,1.0,v1,1.24,2.0,class2
6.43,3533.0,0.14,1.0,v2,v2,7239.0,v3,0.0,v3,1.96,2.0,class2
5.81,3122.0,0.53,2.0,v1,v1,4566.0,v2,0.0,v1,1.14,2.0,class2
2.91,3124.0,0.13,1.0,v2,v1,5249.0,v3,1.0,v2,2.05,1.0,class1
8.35,3075.0,0.41,1.0,v1,v1,4201.0,v2,1.0,v1,0.55,1.0,class3
8.04,3125.0,0.52,2.0,v2,v1,4471.0,v3,1.0,v1,0.87,1.0,class3
5.48,3487.0,0.5,2.0,v2,v1,7056.0,v3,1.0,v1,0.73,2.0,class2
6.69,3132.0,0.48,2.0,v1,v2,7161.0,v1,2.0,v3,1.73,2.0,class1
1.61,3070.0,0.52,2.0,v2,v1,4271.0,v3,1.0,v1,0.59,0.0,class3
7.08,3121.0,0.44,2.0,v2,v1,4495.0,v2,0.0,v1,1.73,1.0,class2
1.47,3218.0,0.42,0.0,v2,v1,4543.0,v1,1.0,v1,1.26,1.0,class3
5.59,3127.0,0.37,1.0,v1,v1,7287.0,v1,2.0,v1,1.86,2.0,class2
7.13,3494.0,0.5,0.0,v2,v2,4575.0,v1,0.0,v1,1.19,0.0,class2
6.25,3151.0,0.51,1.0,v1,v1,4552.0,v2,2.0,v1,1.32,1.0,class2
1.48,3580.0,0.35,1.0,v2,v1,6061.0,v2,2.0,v1,2.02,1.0,class3
5.75,3464.0,0.65,0.0,v1,v2,7350.0,v3,2.0,v3,0.6,2.0,class2
3.81,3138.0,0.54,2.0,v2,v1,5090.0,v1,1.0,v1,1.19,2.0,class1
1.56,3143.0,0.41,1.0,v1,v1,7270.0,v1,0.0,v1,1.35,2.0,class2
7.29,3137.0,0.39,2.0,v1,v1,7228.0,v1,1.0,v1,0.78,1.0,class2
3.09,3116.0,0.13,2.0,v1,v1,4562.0,v1,1.0,v1,2.01,1.0,class1
6.12,3130.0,0.14,1.0,v2,v2,3631.0,v2,0.0,v3,1.83,1.0,class1
5.91,3125.0,0.14,2.0,v1,v1,5003.0,v2,2.0,v1,1.69,1.0,class1
4.09,3518.0,0.42,0.0,v1,v1,3965.0,v3,0.0,v1,1.24,1.0,class3
8.22,3129.0,0.53,2.0,v1,v1,6911.0,v2,0.0,v1,1.25,0.0,class1
5.27,3179.0,0.39,1.0,v2,v1,4523.0,v3,0.0,v1,1.93,1.0,class1
2.97,3140.0,0.28,2.0,v2,v2,4722.0,v2,1.0,v3,0.6,1.0,class2
1.7,3548.0,0.14,1.0,v1,v1,4337.0,v3,2.0,v1,1.26,0.0,class3
2.49,3236.0,0.57,0.0,v1,v1,6319.0,v3,0.0,v1,2.04,2.0,class2
1.5,3202.0,0.52,0.0,v1,v1,7244.0,v2,0.0,v1,1.92,2.0,class2
6.83,3393.0,0.44,0.0,v1,v1,3650.0,v2,1.0,v1,1.38,1.0,class3
6.37,3621.0,0.66,0.0,v2,v1,7260.0,v2,2.0,v1,1.59,2.0,class3
6.29,3409.0,0.49,0.0,v2,v2,3218.0,v1,2.0,v3,1.85,2.0,class3
5.53,3129.0,0.44,1.0,v1,v1,7258.0,v1,1.0,v1,1.08,1.0,class2
1.95,3129.0,0.61,1.0,v2,v1,3011.0,v1,2.0,v1,1.2,0.0,class2
5.63,3139.0,0.13,2.0,v2,v1,5604.0,v3,1.0,v1,2.04,1.0,class2
6.6,3505.0,0.51,0.0,v1,v1,3725.0,v2,1.0,v1,1.56,1.0,class2
7.55,3132.0,0.53,2.0,v2,v1,4254.0,v3,2.0,v1,1.66,0.0,class1
6.18,3215.0,0.52,1.0,v2,v1,7159.0,v2,0.0,v1,0.66,0.0,class2
5.48,3148.0,0.17,2.0,v2,v2,7307.0,v2,1.0,v3,0.94,1.0,class3
7.1,3436.0,0.14,0.0,v1,v1,7271.0,v2,1.0,v1,1.9,2.0,class2
8.14,3559.0,0.48,0.0,v2,v1,4583.0,v3,0.0,v1,0.59,1.0,class3
6.12,3129.0,0.51,1.0,v2,v1,7217.0,v2,2.0,v1,1.98,1.0,class2
4.39,3495.0,0.62,2.0,v1,v1,4349.0,v3,0.0,v1,1.11,1.0,class3
6.81,3172.0,0.63,0.0,v2,v1,5112.0,v2,0.0,v1,1.6,2.0,class1
1.51,3130.0,0.52,2.0,v1,v2,7199.0,v2,0.0,v3,0.75,0.0,class2
1.61,3149.0,0.51,2.0,v1,v1,3196.0,v3,0.0,v1,0.78,0.0,class3
6.97,3087.0,0.57,2.0,v1,v1,7305.0,v1,0.0,v1,1.87,2.0,class3
8.18,3257.0,0.14,0.0,v2,v1,4261.0,v2,2.0,v1,1.0,0.0,class3
6.21,3144.0,0.53,2.0,v1,v1,3032.0,v1,0.0,v1,0.71,0.0,class2
1.53,3250.0,0.48,0.0,v2,v1,4170.0,v3,2.0,v1,1.7,1.0,class1
7.75,3567.0,0.14,0.0,v2,v2,7296.0,v2,1.0,v3,1.92,2.0,class2
8.28,3143.0,0.62,2.0,v1,v1,3481.0,v1,2.0,v1,0.83,0.0,class3
6.47,3578.0,0.19,0.0,v2,v1,4517.0,v3,1.0,v1,0.67,0.0,class3
6.85,3384.0,0.42,0.0,v1,v1,3451.0,v2,0.0,v1,1.97,1.0,class2
5.5,3248.0,0.38,0.0,v1,v1,4571.0,v3,0.0,v1,2.04,1.0,class1
5.79,3465.0,0.56,2.0,v1,v2,4588.0,v1,1.0,v3,0.87,1.0,class1
8.37,3126.0,0.13,1.0,v1,v1,7165.0,v3,1.0,v1,0.77,2.0,class3
5.75,3134.0,0.13,2.0,v1,v2,5350.0,v1,2.0,v3,0.72,1.0,class2
8.25,3228.0,0.31,0.0,v1,v1,7361.0,v3,1.0,v1,1.24,1.0,class3
1.41,3463.0,0.18,2.0,v2,v1,7334.0,v1,1.0,v1,1.31,1.0,class2
6.13,3141.0,0.14,2.0,v1,v1,4526.0,v2,2.0,v1,0.6,2.0,class1
4.76,3130.0,0.39,1.0,v1,v1,3227.0,v3,0.0,v1,1.13,0.0,class1
6.24,3116.0,0.5,2.0,v2,v2,7354.0,v2,0.0,v3,2.02,0.0,class1
1.67,3168.0,0.58,1.0,v2,v1,5226.0,v1,2.0,v1,1.94,1.0,class1
1.55,3501.0,0.67,1.0,v2,v2,4165.0,v1,0.0,v3,0.58,1.0,class2
5.63,3260.0,0.13,1.0,v1,v1,4043.0,v1,0.0,v1,1.81,0.0,class1
2.98,3496.0,0.5,0.0,v1,v2,5399.0,v2,2.0,v3,1.61,1.0,class2
5.71,3214.0,0.64,0.0,v2,v1,3122.0,v3,2.0,v1,1.46,0.0,class1
2.91,3152.0,0.13,1.0,v2,v1,7207.0,v3,2.0,v2,1.63,0.0,class1
7.37,3413.0,0.45,0.0,v2,v1,3717.0,v2,0.0,v1,1.83,1.0,class2
7.73,3126.0,0.59,2.0,v1,v1,4572.0,v1,1.0,v1,1.91,0.0,class2
5.77,3607.0,0.13,0.0,v2,v1,7315.0,v3,1.0,v1,1.17,2.0,class3
1.49,3474.0,0.59,0.0,v1,v1,6464.0,v2,2.0,v2,1.62,2.0,class3
5.6,3137.0,0.14,2.0,v2,v1,4520.0,v2,2.0,v1,1.18,0.0,class2
1.51,3478.0,0.63,2.0,v1,v1,4483.0,v2,2.0,v1,1.76,1.0,class2
4.44,3484.0,0.48,0.0,v1,v1,6796.0,v1,0.0,v1,0.65,2.0,class1
6.86,3479.0,0.13,0.0,v1,v1,3385.0,v2,2.0,v1,0.64,2.0,class2
4.72,3137.0,0.47,1.0,v2,v1,6638.0,v1,0.0,v1,1.82,2.0,class1
8.32,3139.0,0.67,2.0,v1,v1,4149.0,v2,1.0,v2,1.26,1.0,class3
1.59,3466.0,0.59,2.0,v2,v1,4507.0,v1,2.0,v1,0.74,1.0,class2
3.02,3133.0,0.13,2.0,v1,v1,5550.0,v1,0.0,v1,1.88,2.0,class3
1.55,3140.0,0.14,2.0,v2,v1,5136.0,v2,1.0,v1,1.68,1.0,class1
1.47,3127.0,0.61,1.0,v2,v1,4315.0,v2,0.0,v1,1.14,1.0,class1
7.24,3517.0,0.37,1.0,v2,v1,7187.0,v1,1.0,v1,1.54,2.0,class3
2.51,3152.0,0.49,2.0,v2,v1,4473.0,v2,0.0,v1,0.56,0.0,class1
1.88,3546.0,0.53,1.0,v2,v1,7338.0,v3,2.0,v1,1.9,2.0,class3
5.46,3131.0,0.65,2.0,v1,v1,3885.0,v1,1.0,v1,1.92,1.0,class2
5.48,3138.0,0.62,2.0,v2,v1,3579.0,v2,1.0,v1,0.99,1.0,class2
2.47,3510.0,0.14,2.0,v2,v1,5587.0,v3,2.0,v1,2.07,1.0,class3
6.75,3151.0,0.39,2.0,v1,v1,4515.0,v3,1.0,v1,1.62,2.0,class1
7.69,3148.0,0.48,2.0,v2,v1,4593.0,v3,0.0,v1,1.58,1.0,class1
1.52,3075.0,0.43,0.0,v1,v1,4754.0,v1,0.0,v1,2.0,1.0,class3
5.78,3069.0,0.14,2.0,v1,v1,7309.0,v2,1.0,v1,1.62,0.0,class2
3.05,3431.0,0.14,0.0,v2,v1,3564.0,v2,2.0,v1,1.78,1.0,class2
2.24,3433.0,0.67,0.0,v1,v2,7253.0,v3,1.0,v3,0.6,1.0,class3
2.08,3289.0,0.49,1.0,v2,v1,3362.0,v3,1.0,v1,1.91,1.0,class1
4.41,3137.0,0.5,2.0,v1,v2,7267.0,v2,1.0,v3,1.44,2.0,class3
6.4,3120.0,0.33,2.0,v1,v2,3200.0,v1,1.0,v3,1.73,2.0,class2
7.31,3150.0,0.42,0.0,v2,v2,3351.0,v2,0.0,v3,0.59,1.0,class3
5.55,3299.0,0.42,0.0,v1,v1,3046.0,v1,1.0,v1,1.19,1.0,class3
5.53,3128.0,0.39,2.0,v1,v1,3683.0,v3,0.0,v1,1.13,2.0,class1
1.73,3133.0,0.38,1.0,v2,v2,4476.0,v1,2.0,v3,0.59,1.0,class2
5.93,3138.0,0.53,2.0,v1,v1,3032.0,v1,0.0,v1,0.56,0.0,class2
6.39,3487.0,0.5,2.0,v1,v1,5491.0,v1,1.0,v1,0.57,0.0,class1
4.42,3458.0,0.39,0.0,v2,v1,6596.0,v2,0.0,v1,0.86,2.0,class3
8.27,3498.0,0.13,0.0,v1,v1,4593.0,v3,0.0,v1,1.75,1.0,class3
2.17,3408.0,0.54,0.0,v2,v1,4495.0,v3,1.0,v1,1.99,1.0,class3
7.72,3604.0,0.64,2.0,v1,v2,4589.0,v1,2.0,v3,1.65,2.0,class2
5.46,3123.0,0.47,2.0,v2,v1,3226.0,v3,1.0,v1,0.62,0.0,class3
5.46,3617.0,0.14,1.0,v2,v1,7271.0,v3,2.0,v1,0.59,2.0,class3
6.38,3470.0,0.53,2.0,v1,v2,4273.0,v2,2.0,v3,0.57,1.0,class3
1.57,3138.0,0.5,2.0,v1,v2,4477.0,v2,0.0,v3,1.83,2.0,class2
5.76,3541.0,0.53,0.0,v1,v1,7316.0,v3,2.0,v1,1.4,0.0,class3
7.29,3117.0,0.51,2.0,v1,v1,4336.0,v1,0.0,v1,1.05,1.0,class1
8.28,3075.0,0.64,2.0,v1,v1,4482.0,v1,2.0,v1,1.43,1.0,class3
6.4,3118.0,0.47,1.0,v1,v2,6743.0,v1,1.0,v3,1.36,2.0,class3
5.52,3134.0,0.31,2.0,v2,v1,4473.0,v2,1.0,v1,1.1,0.0,class1
5.52,3200.0,0.46,1.0,v2,v1,4562.0,v2,2.0,v1,1.98,2.0,class1
5.86,3076.0,0.47,1.0,v2,v1,4539.0,v2,2.0,v1,0.56,1.0,class3
6.56,3259.0,0.67,1.0,v2,v2,7181.0,v1,2.0,v3,1.12,0.0,class1
7.11,3148.0,0.51,2.0,v1,v1,7360.0,v1,1.0,v3,1.09,0.0,class1
1.46,3270.0,0.33,1.0,v2,v1,4556.0,v2,2.0,v1,1.21,1.0,class1
3.1,3124.0,0.41,2.0,v1,v1,7196.0,v2,0.0,v1,0.83,1.0,class2
1.87,3490.0,0.4,2.0,v1,v1,4535.0,v2,1.0,v1,1.71,1.0,class1
7.73,3502.0,0.45,0.0,v1,v2,7308.0,v1,1.0,v3,1.7,1.0,class3
8.18,3164.0,0.16,0.0,v2,v1,3528.0,v3,1.0,v1,1.88,1.0,class2
1.46,3520.0,0.14,2.0,v1,v1,3357.0,v3,1.0,v1,0.56,2.0,class3
1.49,3448.0,0.14,0.0,v1,v1,5445.0,v3,0.0,v1,1.9,1.0,class3
6.5,3148.0,0.55,2.0,v2,v1,4476.0,v3,0.0,v1,1.76,1.0,class1
6.04,3523.0,0.51,0.0,v1,v1,4618.0,v2,0.0,v1,1.35,1.0,class3
7.76,3076.0,0.51,1.0,v2,v1,6010.0,v3,2.0,v1,0.93,2.0,class3
7.28,3132.0,0.5,2.0,v2,v2,6259.0,v2,2.0,v3,0.7,1.0,class2
7.94,3490.0,0.51,2.0,v2,v1,5395.0,v1,0.0,v1,0.97,1.0,class2
1.54,3416.0,0.13,0.0,v2,v1,7350.0,v1,0.0,v1,1.96,0.0,class1
6.03,3617.0,0.4,1.0,v1,v1,4497.0,v3,2.0,v1,1.99,0.0,class3
6.08,3137.0,0.46,2.0,v1,v1,3792.0,v2,1.0,v1,1.27,1.0,class1
2.07,3132.0,0.53,1.0,v2,v1,7331.0,v3,0.0,v1,0.58,2.0,class1
2.23,3478.0,0.45,0.0,v1,v1,3696.0,v1,2.0,v1,0.74,0.0,class1
6.88,3492.0,0.54,1.0,v2,v1,7187.0,v1,0.0,v1,0.91,0.0,class3
6.94,3216.0,0.61,0.0,v1,v2,4581.0,v2,2.0,v3,0.69,2.0,class3
5.54,3343.0,0.13,0.0,v1,v1,6177.0,v2,0.0,v1,0.57,2.0,class1
5.85,3071.0,0.43,1.0,v1,v1,4564.0,v1,0.0,v1,0.84,0.0,class3
4.11,3424.0,0.41,0.0,v2,v1,3659.0,v1,0.0,v1,1.54,1.0,class1
1.99,3299.0,0.45,0.0,v1,v1,4346.0,v1,2.0,v1,1.93,1.0,class2
5.45,3586.0,0.13,0.0,v1,v1,7295.0,v1,1.0,v1,0.93,0.0,class2
5.4,3135.0,0.5,1.0,v2,v1,7247.0,v1,0.0,v1,0.88,2.0,class1
4.83,3374.0,0.49,1.0,v2,v2,4527.0,v3,2.0,v3,1.01,1.0,class1
1.78,3121.0,0.47,2.0,v2,v1,6715.0,v2,2.0,v1,0.58,0.0,class2
5.51,3150.0,0.14,1.0,v1,v1,6981.0,v2,0.0,v1,0.55,2.0,class3
5.95,3422.0,0.47,0.0,v2,v1,5437.0,v1,0.0,v1,1.67,1.0,class2
6.08,3511.0,0.55,1.0,v2,v1,7301.0,v1,1.0,v1,1.89,0.0,class3
6.68,3532.0,0.67,2.0,v2,v2,4508.0,v2,2.0,v3,1.77,2.0,class2
7.0,3485.0,0.5,2.0,v2,v1,7269.0,v1,2.0,v1,1.78,2.0,class2
1.57,3146.0,0.22,1.0,v2,v2,4194.0,v3,2.0,v3,1.95,1.0,class1
3.93,3595.0,0.39,0.0,v1,v1,4551.0,v3,1.0,v2,1.3,1.0,class2
5.53,3592.0,0.49,1.0,v2,v2,4076.0,v1,2.0,v3,0.87,0.0,class3
1.8,3395.0,0.53,1.0,v2,v1,3872.0,v3,1.0,v1,0.86,0.0,class1
7.08,3262.0,0.44,0.0,v2,v2,7285.0,v1,2.0,v3,0.65,1.0,class3
5.81,3126.0,0.51,1.0,v2,v1,6989.0,v3,0.0,v1,1.81,2.0,class1
6.02,3146.0,0.52,2.0,v2,v2,7248.0,v2,2.0,v3,0.6,0.0,class3
5.99,3139.0,0.14,2.0,v1,v1,3446.0,v3,1.0,v1,1.9,2.0,class1
6.86,3119.0,0.37,1.0,v2,v1,4286.0,v1,0.0,v1,1.75,1.0,class1
5.58,3070.0,0.49,2.0,v2,v1,7117.0,v3,1.0,v2,1.13,2.0,class2
6.05,3135.0,0.52,2.0,v2,v1,4497.0,v3,2.0,v1,1.05,0.0,class2
1.73,3122.0,0.52,1.0,v2,v1,3206.0,v3,2.0,v1,1.32,2.0,class2
7.29,3144.0,0.41,2.0,v2,v1,4504.0,v3,2.0,v1,2.03,1.0,class2
1.99,3466.0,0.51,2.0,v2,v1,5818.0,v3,0.0,v1,1.8,1.0,class1
2.59,3120.0,0.47,2.0,v2,v1,7291.0,v1,2.0,v1,1.72,2.0,class2
6.16,3146.0,0.45,1.0,v2,v1,4456.0,v1,0.0,v1,0.72,2.0,class2
1.63,3481.0,0.6,2.0,v1,v1,7281.0,v2,2.0,v1,1.58,0.0,class1
2.1,3135.0,0.47,1.0,v2,v1,3145.0,v1,1.0,v2,1.68,2.0,class1
8.19,3132.0,0.48,2.0,v2,v1,7193.0,v3,2.0,v1,1.09,2.0,class1
1.45,3152.0,0.31,2.0,v2,v1,3018.0,v3,0.0,v1,1.27,2.0,class1
6.94,3598.0,0.5,0.0,v1,v1,4430.0,v1,2.0,v1,1.27,0.0,class3
7.23,3355.0,0.48,0.0,v2,v1,4475.0,v1,0.0,v1,1.76,1.0,class2
1.87,3219.0,0.13,0.0,v1,v1,5149.0,v1,0.0,v2,1.9,2.0,class1
5.91,3237.0,0.48,0.0,v2,v1,7276.0,v2,2.0,v1,0.56,0.0,class3
5.62,3120.0,0.47,2.0,v1,v2,3458.0,v3,0.0,v3,1.0,1.0,class2
5.78,3475.0,0.48,2.0,v1,v1,4549.0,v1,2.0,v1,2.02,1.0,class1
5.5,3070.0,0.44,2.0,v2,v2,4351.0,v1,0.0,v3,1.05,2.0,class2
7.07,3116.0,0.4,2.0,v1,v1,4548.0,v1,2.0,v1,1.53,1.0,class3
7.65,3564.0,0.42,2.0,v2,v1,4500.0,v1,1.0,v1,0.79,2.0,class3
6.29,3143.0,0.31,2.0,v1,v1,7290.0,v3,2.0,v1,0.73,1.0,class1
4.81,3474.0,0.53,2.0,v1,v1,4183.0,v2,0.0,v1,1.73,0.0,class1
2.36,3142.0,0.49,1.0,v2,v2,4245.0,v1,2.0,v3,1.75,0.0,class1
1.57,3134.0,0.66,2.0,v1,v1,3161.0,v2,0.0,v1,1.23,0.0,class2
5.48,3138.0,0.51,2.0,v1,v1,3926.0,v2,0.0,v1,2.06,1.0,class1
2.08,3547.0,0.13,2.0,v1,v2,7286.0,v1,0.0,v3,0.68,0.0,class3
1.95,3313.0,0.32,0.0,v1,v1,3563.0,v1,0.0,v1,1.27,1.0,class3
1.66,3071.0,0.13,0.0,v1,v1,4311.0,v1,1.0,v1,1.79,0.0,class2
5.06,3146.0,0.14,2.0,v1,v1,4474.0,v2,2.0,v1,1.85,2.0,class2
8.04,3074.0,0.47,1.0,v1,v1,4558.0,v3,1.0,v1,0.77,1.0,class3
6.24,3493.0,0.51,1.0,v2,v2,3198.0,v2,2.0,v3,0.68,0.0,class3
1.92,3138.0,0.54,1.0,v2,v1,3950.0,v3,2.0,v1,1.14,1.0,class1
7.75,3135.0,0.67,2.0,v2,v1,7275.0,v3,2.0,v3,1.27,0.0,class1
2.12,3126.0,0.49,2.0,v1,v2,4561.0,v2,1.0,v3,1.81,1.0,class1
1.41,3128.0,0.51,1.0,v1,v2,4552.0,v2,0.0,v3,0.56,0.0,class2
2.84,3150.0,0.13,1.0,v1,v1,4560.0,v1,1.0,v1,1.19,0.0,class1
4.38,3589.0,0.67,0.0,v2,v1,3143.0,v3,0.0,v1,0.85,2.0,class3
1.42,3347.0,0.4,0.0,v2,v2,4526.0,v2,1.0,v3,0.56,0.0,class3
6.65,3151.0,0.5,2.0,v2,v1,6588.0,v3,0.0,v1,1.21,2.0,class2
1.47,3329.0,0.13,0.0,v1,v1,4551.0,v1,1.0,v1,1.21,1.0,class3
5.58,3182.0,0.34,1.0,v1,v1,5869.0,v3,1.0,v1,1.37,1.0,class1
4.76,3406.0,0.14,0.0,v2,v1,6301.0,v2,2.0,v2,0.92,2.0,class3
7.66,3132.0,0.27,2.0,v1,v1,4231.0,v1,1.0,v1,0.97,0.0,class2
1.63,3151.0,0.39,0.0,v2,v1,6661.0,v3,2.0,v1,1.23,0.0,class2
5.95,3208.0,0.67,0.0,v2,v2,4549.0,v1,0.0,v3,2.02,1.0,class1
7.17,3538.0,0.64,1.0,v2,v2,6974.0,v1,1.0,v3,1.9,1.0,class3
6.48,3350.0,0.23,0.0,v2,v1,3538.0,v2,0.0,v1,0.96,1.0,class1
4.26,3335.0,0.63,1.0,v2,v1,5929.0,v3,0.0,v2,1.25,0.0,class1
5.6,3133.0,0.14,1.0,v1,v1,3813.0,v1,0.0,v1,1.82,0.0,class2
6.94,3073.0,0.49,1.0,v1,v1,6591.0,v3,0.0,v1,1.66,2.0,class3
6.0,3487.0,0.51,2.0,v1,v1,4506.0,v2,0.0,v1,1.39,1.0,class1
1.54,3140.0,0.4,2.0,v2,v2,4414.0,v2,1.0,v3,2.01,0.0,class3
7.92,3129.0,0.15,2.0,v2,v1,6542.0,v3,1.0,v1,0.8,0.0,class2
6.05,3116.0,0.52,2.0,v2,v1,7209.0,v3,0.0,v1,1.99,0.0,class1
6.74,3150.0,0.16,2.0,v1,v1,5483.0,v1,1.0,v1,0.71,1.0,class2
8.26,3386.0,0.3,0.0,v2,v1,4538.0,v1,0.0,v1,1.62,1.0,class1
2.25,3150.0,0.53,2.0,v2,v2,3429.0,v3,2.0,v3,1.45,0.0,class2
5.84,3496.0,0.59,0.0,v2,v1,4723.0,v1,2.0,v1,1.77,1.0,class3
5.92,3466.0,0.4,2.0,v2,v2,7209.0,v3,1.0,v3,0.57,0.0,class3
2.06,3148.0,0.21,2.0,v2,v2,4559.0,v2,0.0,v3,1.91,1.0,class1
1.72,3130.0,0.46,2.0,v2,v1,3768.0,v1,1.0,v1,1.63,1.0,class1
2.22,3157.0,0.47,0.0,v2,v1,6569.0,v3,1.0,v3,1.83,0.0,class2
4.23,3072.0,0.52,1.0,v2,v2,6283.0,v3,0.0,v3,2.01,1.0,class2
5.47,3138.0,0.62,2.0,v1,v1,7114.0,v1,1.0,v3,1.14,0.0,class2
5.54,3370.0,0.46,0.0,v2,v1,3307.0,v1,0.0,v1,1.28,2.0,class1
7.9,3590.0,0.59,0.0,v2,v1,3385.0,v1,0.0,v1,2.02,0.0,class3
5.55,3260.0,0.48,0.0,v2,v1,6804.0,v1,2.0,v1,1.17,2.0,class3
6.34,3534.0,0.21,0.0,v1,v2,3435.0,v2,2.0,v3,0.81,2.0,class2
6.17,3553.0,0.25,2.0,v2,v1,3348.0,v2,2.0,v1,0.55,1.0,class3
1.77,3227.0,0.61,0.0,v2,v1,4508.0,v3,1.0,v1,1.67,1.0,class2
1.54,3157.0,0.54,0.0,v1,v2,4784.0,v2,1.0,v3,1.9,1.0,class2
7.1,3326.0,0.14,0.0,v1,v2,6215.0,v3,0.0,v3,1.16,2.0,class3
7.83,3482.0,0.42,2.0,v2,v1,3028.0,v2,1.0,v1,1.54,2.0,class2
1.78,3124.0,0.56,1.0,v1,v1,4494.0,v3,1.0,v1,0.64,0.0,class1
5.81,3499.0,0.2,0.0,v1,v1,3271.0,v2,1.0,v1,1.18,0.0,class3
1.9,3129.0,0.51,1.0,v2,v1,7247.0,v3,2.0,v1,1.2,1.0,class1
5.92,3158.0,0.67,1.0,v1,v1,4569.0,v1,2.0,v1,1.14,1.0,class2
1.41,3129.0,0.41,2.0,v2,v2,4471.0,v1,0.0,v3,1.2,1.0,class1
6.28,3332.0,0.13,0.0,v1,v1,4464.0,v1,2.0,v1,1.69,0.0,class2
1.69,3417.0,0.5,0.0,v1,v2,5845.0,v2,1.0,v3,1.15,1.0,class3
8.01,3069.0,0.13,0.0,v1,v1,4471.0,v1,2.0,v2,1.21,1.0,class3
3.21,3154.0,0.14,0.0,v2,v2,6415.0,v2,2.0,v3,0.59,0.0,class3
7.35,3118.0,0.67,2.0,v1,v1,4487.0,v2,1.0,v1,0.75,0.0,class2
2.13,3150.0,0.13,2.0,v2,v2,7358.0,v1,1.0,v1,0.57,2.0,class2
1.56,3145.0,0.22,2.0,v1,v2,7337.0,v1,1.0,v3,1.09,0.0,class3
8.04,3140.0,0.35,2.0,v2,v2,3151.0,v3,1.0,v2,1.19,2.0,class3
,,,,v2,v1,,v1,,v1,,,class2
,,,,v1,v2,,v2,,v3,,,class2
,,,,v2,v1,,v2,,v1,,,class2
,,,,v1,v2,,v3,,v3,,,class2
,,,,v1,v1,,v2,,v1,,,class2
,,,,v1,v1,,v2,,v1,,,class1
,,,,v2,v1,,v3,,v1,,,class2
,,,,v2,v1,,v3,,v1,,,class3
,,,,v2,v1,,v1,,v1,,,class3
,,,,v1,v1,,v1,,v1,,,class3
,,,,v2,v2,,v1,,v3,,,class1
,,,,v2,v1,,v3,,v1,,,class1
,,,,v2,v1,,v3,,v1,,,class3
,,,,v1,v2,,v1,,v1,,,class2
,,,,v1,v1,,v2,,v1,,,class2
,,,,v1,v1,,v1,,v1,,,class1
,,,,v2,v2,,v3,,v3,,,class2
,,,,v2,v1,,v1,,v1,,,class3
,,,,v1,v1,,v1,,v1,,,class2
,,,,v1,v1,,v2,,v1,,,class1
,,,,v1,v2,,v2,,v3,,,class1
,,,,v1,v1,,v2,,v1,,,class1
,,,,v1,v1,,v3,,v1,,,class3
,,,,v1,v1,,v2,,v1,,,class2
,,,,v2,v1,,v2,,v1,,,class3
,,,,v1,v1,,v3,,v1,,,class1
,,,,v2,v1,,v1,,v1,,,class3
,,,,v2,v1,,v2,,v1,,,class1
,,,,v1,v1,,v2,,v1,,,class2
,,,,v2,v1,,v2,,v1,,,class2
,,,,v2,v2,,v2,,v3,,,class3
,,,,v2,v1,,v2,,v2,,,class3
,,,,v1,v1,,v1,,v1,,,class1
,,,,v2,v1,,v1,,v1,,,class2
,,,,v2,v1,,v3,,v1,,,class2
,,,,v2,v1,,v3,,v1,,,class1
,,,,v1,v1,,v3,,v1,,,class1
,,,,v2,v1,,v3,,v1,,,class3
,,,,v1,v1,,v2,,v1,,,class1
,,,,v2,v1,,v1,,v1,,,class3
,,,,v2,v1,,v3,,v2,,,class3
,,,,v1,v2,,v1,,v1,,,class2
,,,,v2,v1,,v2,,v1,,,class3
,,,,v2,v1,,v3,,v1,,,class2
,,,,v2,v2,,v3,,v3,,,class1
,,,,v2,v1,,v3,,v1,,,class3
,,,,v1,v1,,v2,,v1,,,class2
,,,,v2,v1,,v1,,v1,,,class1
,,,,v2,v1,,v3,,v1,,,class3
,,,,v2,v1,,v2,,v1,,,class2
,,,,v1,v1,,v2,,v1,,,class2
,,,,v2,v2,,v1,,v3,,,class3
,,,,v1,v1,,v3,,v1,,,class1
,,,,v2,v1,,v3,,v1,,,class2
,,,,v1,v1,,v1,,v1,,,class3
,,,,v2,v1,,v1,,v1,,,class2
,,,,v1,v1,,v2,,v1,,,class2
,,,,v1,v1,,v2,,v1,,,class1
,,,,v1,v1,,v2,,v3,,,class1
,,,,v1,v1,,v2,,v1,,,class1
,,,,v2,v1,,v3,,v2,,,class1
,,,,v2,v1,,v2,,v1,,,class1
,,,,v1,v1,,v1,,v1,,,class2
,,,,v1,v1,,v3,,v1,,,class3
,,,,v2,v1,,v3,,v1,,,class3
,,,,v2,v1,,v1,,v1,,,class2
,,,,v1,v1,,v1,,v1,,,class3
,,,,v2,v1,,v3,,v1,,,class3
,,,,v2,v1,,v3,,v1,,,class3
,,,,v2,v1,,v2,,v3,,,class3
6.255066562611999,3588.9292600172002,0.42257895706400206,1.0,v2,v2,6771.191562862817,v2,0.33777084079998776,v3,0.8112894785320011,0.8311145796000061,class2
1.966433717627151,3324.0391750211525,0.46178314118642466,0.29457852966061604,v1,v1,4341.875900584751,v3,1.705421470339384,v1,1.9417831411864246,1.0,class1
5.4636257836922555,3134.0819161384175,0.5629811913858632,2.0,v2,v2,4505.371589744951,v2,1.0,v3,1.7423365990794704,1.0,class3
7.237522553943063,3126.6461562705426,0.5488487929901089,0.8053049561881808,v1,v1,5365.873000382829,v3,0.8053049561881808,v1,1.4355702039975897,1.8053049561881807,class2
4.022612439721896,3159.3332572173654,0.47,0.7893088941757995,v2,v1,6193.231075605113,v1,0.21069110582420048,v1,1.792610156242854,1.7893088941757995,class1
6.546665239936465,3121.3334760063535,0.5144477734815806,1.2221746645488494,v1,v1,6388.401942669898,v2,1.0,v1,1.5366652399364655,0.7778253354511506,class2
3.9368743654804326,3176.5128979863807,0.42893132354278135,1.138358455715233,v2,v1,7287.959464163519,v3,0.0,v1,0.7635209374715896,1.5691792278576164,class2
2.8291580854176415,3410.1739042122163,0.44816729896922636,2.0,v1,v1,5758.817271870545,v1,0.1766648600879246,v1,1.6074353025041623,1.0,class2
6.300619168240859,3224.6944424460485,0.5384062688396783,0.43187462320643344,v2,v1,3981.1370223262848,v3,0.8637492464128669,v3,1.4492814949158181,1.0,class3
5.283666452018223,3438.771957737463,0.4931377395594566,0.0,v2,v2,6690.268808852798,v1,2.0,v2,1.9654515135154023,2.0,class2
3.227604750646216,3334.007576944215,0.30584133830208926,0.0,v1,v1,3992.3167417676955,v2,1.0,v1,1.9497524014906267,0.3415866169791075,class2
5.619281965149719,3130.514185737326,0.557012247177582,2.0,v1,v1,3348.271159659376,v1,1.1285464343314653,v1,0.5979965008064051,1.0,class1
5.260003787689769,3122.7441838443665,0.48534896933801525,2.0,v1,v1,4630.9955021184,v2,0.0,v1,1.5960478549364878,1.0,class2
3.6979790667771018,3318.0191337633064,0.3666571676352379,2.0,v2,v1,3581.3143352704756,v1,1.4444896779274385,v1,1.1499511478383664,1.0,class1
1.9376586700674099,3155.055458826076,0.5049982588693723,0.0972270586961882,v2,v1,5027.456554975256,v3,1.0,v1,1.8863882117825335,1.097227058696188,class1
6.146625803876668,3150.5692741828193,0.5444580653744441,1.430725817180551,v1,v1,4058.3882135110885,v2,1.1385483656388977,v1,1.2467766110793064,0.5692741828194489,class2
4.92477751986647,3286.6173120176927,0.386451131213253,0.9087185905819022,v1,v1,5523.370088562833,v2,2.0,v1,1.3172206026814663,1.454359295290951,class3
2.168413472605109,3144.6310682099484,0.4822093291928211,1.8382666290256462,v1,v2,4484.4397350648205,v2,0.0,v3,1.8461733370974356,1.8382666290256462,class2
6.918125452028147,3129.3069615210634,0.4830696152106334,2.0,v2,v1,7263.787914076956,v2,0.6726855200208498,v1,1.6418056560062548,0.6546289599583004,class2
6.62203504029076,3078.423324532317,0.3642850600518203,0.9751524350079146,v1,v1,3103.507484465534,v2,0.9751524350079146,v1,1.1528597597927184,0.0,class3
1.6525467492198733,3139.474704848094,0.14114194598240395,2.0,v2,v1,5123.05033255954,v2,1.0,v1,1.6553339667800748,1.0,class1
6.1220452803554535,3134.152408466406,0.3749263015214692,2.0,v2,v1,3612.6755792783,v3,2.0,v1,1.6816912328261768,1.2881021166016084,class2
4.432043354183493,3137.8095602032827,0.38693137868125704,1.576715532968573,v2,v1,6359.942888975592,v3,0.5767155329685729,v1,1.4941788832421432,1.423284467031427,class1
4.498482804905447,3235.9277067143034,0.4288918242543468,0.7036939191521774,v1,v1,6239.975213221474,v3,0.7036939191521774,v1,1.527042222849346,0.7036939191521774,class1
4.335393106133755,3203.760114823217,0.5623229100476912,0.5232291004769127,v2,v1,3734.7698152804023,v2,0.47677089952308727,v1,1.1686062539713853,1.0,class1
5.891780954463074,3612.3513576870982,0.390365857303648,0.5087436654648152,v1,v1,5633.546501508986,v1,1.4912563345351848,v1,1.686661296438315,1.4912563345351848,class3
6.8703602362322265,3333.252791150593,0.22888746862217774,1.0216767527370187,v1,v1,6623.992983011766,v3,0.9783232472629811,v1,1.7113006051642212,0.0,class2
1.9005802666291116,3174.923724714165,0.20433317710504095,1.080954612785129,v1,v2,4709.051011433396,v2,1.0,v3,0.6750023434243856,1.0,class2
6.106036575593208,3150.4840465188977,0.5113789883702755,1.7844747092568884,v1,v1,6767.711967203479,v2,0.10776264537155578,v1,1.8380546700261062,0.21552529074311155,class2
3.640682491810017,3126.557245524903,0.489397737999138,2.0,v2,v1,6164.643544370865,v2,0.0,v1,1.1248777095105595,0.382528275010775,class2
6.053472460429298,3187.4086532924703,0.5241202434127105,1.4597046052322606,v2,v1,6539.117672326339,v3,1.7298523026161303,v3,1.2537911381569677,0.2701476973838697,class1
6.389187927338422,3139.5362946008804,0.360381169441738,2.0,v1,v1,6623.86647528752,v1,1.8425588454945687,v1,0.7709347001714121,0.8425588454945687,class1
5.375647028073627,3289.518340951009,0.29709523187204345,0.5085434356704603,v2,v2,5532.263827548124,v3,2.0,v3,1.8688039190061354,1.4914565643295397,class1
5.100579695377041,3175.9508927176885,0.1389237586350302,1.7847517270060356,v1,v1,7335.721986183951,v2,0.0,v1,1.4156507232631592,1.7847517270060356,class1
5.310222223777448,3174.136461445647,0.16404444475548963,1.747818927737114,v2,v1,4033.1958848485438,v1,1.747818927737114,v1,1.591213167364897,0.2521810722628861,class3
5.481265814199448,3463.927872881571,0.3934739793554942,2.0,v1,v1,4477.21801263841,v2,1.0,v1,1.8402230340957642,1.0,class1
4.3853568095342075,3326.573697902171,0.624603845947203,1.0415088773292078,v2,v1,5942.697929518638,v3,0.08301775465841588,v2,1.2271701174689356,0.04150887732920794,class1
3.26393785839867,3498.4234638696034,0.4755293298370042,0.0,v2,v1,3639.2884172906547,v1,1.6352952880427973,v1,0.9734110156526097,0.0,class3
1.934439526758429,3297.35735565746,0.5154495012742109,2.0,v2,v2,3929.804611569763,v3,1.5449501274210906,v3,0.6610099745157818,0.5449501274210905,class1
1.5469917385558554,3121.2039008626703,0.5786406609155316,1.9320330457765786,v1,v1,4550.854015792372,v3,1.9320330457765786,v1,1.0500945401416946,0.0,class1
3.2658944067189353,3197.018006643958,0.42824521161394963,1.3138356845994401,v2,v1,4389.115838992159,v3,0.6569178422997201,v2,1.8889088962710645,0.6569178422997201,class1
5.803485086618408,3132.6759419093587,0.18832770807187177,2.0,v2,v1,4184.249607079628,v2,1.7456436417269907,v1,1.3198959970501551,0.5087127165460186,class2
1.8838310521963446,3482.909503460385,0.51,2.0,v1,v1,4344.826535218004,v1,1.0,v3,0.7738612356716125,0.0,class1
3.1179219497224397,3116.959817021709,0.14425182850416216,1.9709146357057916,v2,v2,4562.0,v1,1.0,v3,1.9785878065622546,0.9709146357057915,class3
3.2432961534559848,3461.7262556641417,0.22497205887325689,0.653631222101976,v2,v1,4582.79609161538,v1,0.326815611050988,v1,1.333016742188553,1.0,class3
4.663349703171782,3163.0931651852543,0.43829093856557716,1.268362457376913,v1,v1,5261.381862821232,v2,1.6341812286884565,v1,1.0431351467377743,1.6341812286884565,class3
5.332861799238745,3275.4892320681315,0.13087057174936984,0.08705717493698373,v1,v1,4441.911328453294,v1,0.08705717493698373,v1,0.663987023578683,1.0,class2
1.700545351721501,3143.96593626714,0.26914048652013645,1.7447935130648473,v2,v1,3711.1551198263464,v1,1.1276032434675765,v1,1.668489232517679,0.0,class1
5.963174259375789,3140.447348464176,0.4842121228659306,2.0,v1,v1,6524.370808546865,v1,1.5526515358241322,v1,0.744742430030757,0.5526515358241323,class2
5.950233511855991,3156.5774006185734,0.6073709989690443,1.3910142709863462,v2,v1,3921.5391437408193,v3,0.6955071354931731,v2,1.7342593526508356,1.0,class3
5.09387715733564,3443.8630307802605,0.40306872817116923,2.0,v1,v2,4820.659642362942,v1,1.1089060680930767,v3,1.7850532668874002,1.1089060680930767,class3
5.592398738923724,3136.923987389237,0.1392398738923724,2.0,v2,v1,4598.597039528692,v2,1.8479747784744822,v1,1.142753820726248,0.07601261076275889,class2
2.8621528054414176,3131.5757442738,0.2564372655425433,1.8082249181971402,v1,v1,6735.593343466232,v2,1.0,v1,0.9864414558264558,0.19177508180285974,class3
5.85572489173728,3088.6983320473864,0.5404370785631709,1.8528781317410896,v1,v1,3475.8677265639326,v1,1.9264390658705448,v1,0.6434009511363785,0.07356093412945519,class3
5.596576329714872,3605.767066648315,0.40111149234617555,0.9907375637818706,v2,v1,4543.6665522961475,v3,1.9814751275637412,v1,1.23712864477238,1.0,class3
6.01649342598795,3144.3599248684336,0.591038948158072,1.0,v1,v1,5695.471084883756,v3,1.4359924868433718,v1,1.5464378211845777,1.4359924868433718,class1
5.718327284435054,3389.398270795855,0.4577978223966194,2.0,v1,v1,4335.365713283027,v1,1.5066182754804314,v1,1.800445132588792,1.2466908622597843,class1
1.9717483045657036,3580.7521020027007,0.5233091040676568,0.0,v1,v1,4465.091420420268,v1,1.939173673342335,v1,0.5889288490609056,1.0,class3
5.666176498200792,3464.782481943997,0.4864164079420844,0.6416407942084431,v2,v1,5222.749458532982,v2,2.0,v1,0.7589086462046174,0.0,class3
7.042302672055902,3356.307626761455,0.5462044806869684,0.6328884625062541,v2,v2,5389.810916740082,v3,1.367111537493746,v3,1.0001334612481236,1.0,class2
6.7074593113865975,3299.608269459567,0.3801319461066749,0.4279431137777385,v2,v1,4658.143532924516,v1,0.4279431137777385,v1,1.4389107185600212,0.5720568862222615,class2
5.085116040534355,3216.282542634733,0.4244780812323996,0.42493553303646936,v2,v2,3689.0521391493603,v1,1.0,v3,1.5625709136598838,0.0,class3
5.044015128257769,3461.466395991337,0.4647163526845599,1.1446514695189998,v1,v1,4772.549078720649,v2,1.8553485304810002,v2,1.8929579125559401,1.0,class3
2.5046445056369535,3201.6915134826286,0.13174833197145167,0.34966639429033264,v1,v1,5389.045979680313,v1,0.0,v2,1.8580400326851598,2.0,class1
4.528698065511891,3277.429027735303,0.5058441436434411,1.1688287286882197,v2,v1,4126.729928822873,v1,0.8311712713117803,v1,1.013897348369008,0.41558563565589013,class2
6.486908395131831,3119.578317664222,0.5595588652051678,2.0,v2,v1,5834.9539731330515,v2,1.0,v1,1.6914878111873564,1.8594392214073672,class1
7.13587815365306,3074.895595035352,0.4268134988215936,1.0,v2,v1,4884.964468183027,v2,0.0,v1,1.6789559503535219,0.7362699764318719,class3
6.130787158810843,3131.212379531128,0.5817582462815992,2.0,v2,v2,4779.578579885301,v2,0.09845255860898139,v2,1.1343036513740417,1.0984525586089813,class2
6.627649007502152,3351.043111670164,0.3222647691575212,0.45777325989886,v1,v2,5806.080877541157,v2,0.45777325989886,v1,1.2881283184877346,0.54222674010114,class3
2.190914753590621,3360.212527770459,0.6093395105227611,0.0,v1,v1,6881.186877402537,v1,0.12023721363623086,v1,1.8603217195000439,0.12023721363623086,class2
5.692350192559,3124.7017788371786,0.5553324041872146,2.0,v1,v1,4623.620788558472,v2,0.6596442325642875,v1,1.5069054832643596,1.6596442325642875,class2
4.3044779200770416,3286.1858045050503,0.6119889588478,0.0,v2,v1,3691.639432142099,v1,0.09479495343263145,v1,0.8278249215939052,1.0,class3
4.492296612643412,3079.7496726462828,0.5331148306321706,1.1192257330197326,v2,v2,6282.165419868862,v3,0.1192257330197325,v3,1.9992696840282238,1.1192257330197326,class2
7.423394605524782,3122.1134527460886,0.555452913298567,1.568161416232088,v2,v1,4574.15919291884,v3,0.568161416232088,v1,1.6077129913624617,0.0,class1
5.722529660655184,3373.0930030545237,0.14,0.0,v2,v1,6265.624978283613,v2,1.1773250763630903,v2,1.0187209908364292,2.0,class3
3.8155388164752617,3139.0015438385412,0.30947322883023287,0.972889522241013,v2,v1,6546.137096227336,v3,0.5135552388794935,v3,1.7473043906095138,0.972889522241013,class2
6.927284072284236,3124.4743426912114,0.6094868538242268,2.0,v1,v1,7248.561952242676,v1,1.0876095514647766,v1,1.5553816844180413,0.0,class3
1.8961206445380279,3134.030851154966,0.4406170230993235,2.0,v1,v1,7266.010283718322,v2,0.01028371832205821,v1,1.7270177216866032,0.02056743664411642,class3
6.455279952559861,3358.5237359786115,0.24667263428386757,0.0,v1,v1,3244.5897894944915,v1,2.0,v1,1.9958978949449129,2.0,class2
2.07713013776199,3147.002900880298,0.3908792639380535,1.4164249266418234,v2,v2,4683.4840451583605,v2,0.4164249266418235,v3,1.0610243079529593,1.5835750733581766,class2
4.583110730061024,3137.723710507807,0.6034226304684304,1.7237105078071726,v1,v1,7101.566972851323,v1,1.0,v1,1.0350099929667256,0.5525789843856548,class1
1.628496220766621,3147.027341440607,0.13,1.0136707203034452,v1,v1,4498.863292796966,v3,0.9863292796965549,v1,1.624531711878622,1.9863292796965548,class2
5.18683159499503,3097.2087614233965,0.44301306811232943,2.0,v2,v1,5671.192159132603,v1,2.0,v1,0.7850653405616472,2.0,class1
5.608239044305412,3128.823904430541,0.36408764555670303,2.0,v2,v2,4586.352191138918,v2,1.6478088610824235,v3,0.5652828670837637,1.0,class3
6.0728419898817965,3613.2026418059318,0.37955268664732456,0.9026318411777359,v1,v1,4498.947363176445,v3,1.9026318411777359,v1,1.8614740303546113,0.0,class3
2.9932403465347757,3499.2039385883936,0.5713740114927863,1.1232284072459087,v2,v1,7171.601969294197,v3,0.2464568144918171,v2,1.5369133201744187,1.7535431855081829,class2
7.280062038681624,3462.4994830109863,0.23747983742847228,0.4998966021972937,v1,v2,4270.7498449032955,v2,1.2499483010986467,v3,1.4700620386816239,0.24994830109864685,class3
6.491760047133251,3557.2976136644534,0.34232310953767514,1.3430129564069797,v2,v1,7022.493660776756,v3,0.3430129564069797,v1,1.5183844523116243,2.0,class2
2.330190911561586,3556.6855024090632,0.42389789477771045,0.1263444979791859,v2,v1,7327.021511967667,v3,0.0,v1,1.1697045935652222,0.8736555020208141,class3
6.805463729239039,3470.130742134777,0.5885434354296963,1.9757239238282729,v2,v1,3853.4612454472626,v3,1.9757239238282729,v1,1.2502895695313092,0.0,class1
5.5,3495.66894531303,0.20936523438241955,0.8662109373940063,v1,v2,3214.598632812182,v1,1.1337890626059937,v2,1.5278222655836624,0.5668945313029968,class3
6.79595628000529,3494.1735444826218,0.5378264555173783,1.0724514827540599,v2,v1,7186.710194068984,v3,0.14490296550811976,v2,0.8868155255187009,0.0,class2
5.8644828260623125,3137.1862060872522,0.1635861043852842,2.0,v2,v1,3302.006900867988,v2,1.8758626084985044,v2,1.7022761129518047,1.8758626084985044,class3
2.3173381422571255,3305.27461546906,0.3882836533183749,0.321891022122499,v2,v1,3331.4850959955124,v2,1.0,v1,1.943905448893875,0.321891022122499,class1
2.630347598106944,3183.008014765271,0.39405129449773413,0.5996794093891615,v2,v1,7300.698557342252,v1,1.0,v1,1.598150677587094,0.29983970469458077,class1
6.860514654788481,3123.9916722032904,0.5998334440658046,2.0,v2,v1,7248.159726836076,v3,1.1680546327849617,v1,1.4685009965922413,0.0,class1
5.6493728111171,3126.0,0.5134584801434117,1.038427557149019,v2,v2,6988.577296871361,v2,0.03842755714901891,v3,1.8107685511429805,2.0,class1
5.340816663814549,3136.273773617194,0.2999808170181141,1.7271855319005185,v1,v1,7243.728144680995,v1,0.2728144680994815,v1,1.1091545617126215,1.454371063801037,class2
5.831240032130186,3290.869024240479,0.43351592874223205,0.0,v2,v1,7349.634462032772,v2,0.22758966120465252,v1,0.9742779001107449,0.7724103387953475,class3
2.8436576733000156,3146.69477815884,0.41096348194764704,2.0,v2,v2,4471.915665523479,v3,1.3052218411598795,v2,1.5026109205799398,0.610443682319759,class3
6.594049510786983,3378.902453569133,0.42375608684379684,0.05365838348281271,v2,v1,3446.2244038700296,v3,0.05365838348281271,v1,1.9667804969910312,1.0,class1
5.4705983086279275,3264.318520081087,0.15263530660075159,0.0,v2,v1,4481.129344609147,v3,0.12934460914715196,v1,0.651091120613125,1.064672304573576,class1
1.8713790944418434,3122.0,0.5450545230656432,1.178960879040308,v2,v1,3210.116100217927,v2,1.821039120959692,v1,1.185779340719769,1.6420782419193836,class3
4.72,3145.5765892926634,0.4897921291369152,1.6597376378971749,v1,v2,6675.605045360139,v1,0.0,v3,1.3120020188191752,2.0,class2
5.41778047374976,3259.740974391646,0.21425611395861366,0.0,v2,v1,4481.481463508335,v3,0.48146350833493523,v1,0.7901780857922994,1.2407317541674676,class1
6.503754259108948,3149.1485244010482,0.14,1.0,v1,v1,3245.7772133984276,v2,1.5371311002620738,v1,1.485890181900412,1.0742622005241478,class1
5.753518325271156,3339.0905235112523,0.38824083736442183,0.6456020934110545,v1,v1,3094.555078582159,v3,0.7087958131778911,v1,0.7945345555463724,0.7087958131778911,class2
5.479964601870867,3137.987610654803,0.510247786903937,2.0,v1,v1,3925.9274338352757,v1,0.001769906456693171,v1,2.059752213096063,1.0,class2
6.643215521885837,3437.5536887010685,0.2860467379004466,0.0,v1,v1,7283.429509608549,v2,1.0,v1,1.940395906227783,1.3785245195725677,class2
2.382400717821162,3253.0755382588154,0.5594739832651137,0.11695574149873711,v2,v1,6323.561273918451,v3,0.0,v1,1.8657359451668818,2.0,class2
5.537270497130209,3112.7273563576173,0.4692223323557469,2.0,v2,v1,7326.545287284765,v2,0.8441598265531971,v1,0.7224641474297824,0.3116803468936058,class2
1.8248909486623772,3141.8193157086016,0.21048289271503576,2.0,v1,v2,6161.084105748391,v2,2.0,v3,1.8685046344903484,1.2819315708601429,class2
7.322111421868975,3120.829581403973,0.5440407235908704,1.4255090448858798,v1,v1,4574.872454775571,v1,0.42550904488587993,v1,1.5078563314201159,0.0,class2
1.64620876067236,3070.7241752134473,0.23757166675559033,0.5516495731055915,v1,v1,4299.967008537888,v1,1.0,v1,1.4590102561366451,0.0,class2
5.981515178516549,3578.7597058986944,0.5234480588202611,1.0,v2,v1,7339.9655823539215,v3,0.6896117640522208,v1,1.8279286470228722,0.6896117640522208,class3
5.4492333652768625,3502.4558239897824,0.5484386556992968,0.0,v2,v1,5759.01687137305,v2,2.0,v1,1.3764140909333114,1.0,class2
5.415763280194575,3125.099532312013,0.5977083583481682,1.6412039816463126,v2,v1,7068.18287565128,v2,0.7175920367073747,v1,1.7233565176140206,0.7175920367073747,class2
5.738049935304057,3132.554318475891,0.28992531566513546,1.0,v1,v1,3416.071156917858,v3,1.883894614732243,v1,0.9217979386963925,0.11610538526775693,class3
5.996893343475505,3556.2387953806838,0.29840416983609525,0.7040185326048678,v1,v2,3849.760046331512,v2,0.7040185326048678,v3,1.6876738842403936,0.0,class3
1.5893793597522774,3147.7584341628317,0.264548043008911,2.0,v2,v2,4474.033736651327,v1,1.0,v3,1.221066192318614,0.758434162831683,class1
7.030984671469574,3400.4438767210954,0.4437219383605477,0.0,v1,v1,3674.9369870156693,v2,0.6278061639452335,v1,1.5474872262246449,1.0,class3
4.176980559350427,3255.204561310468,0.3636259970216637,0.327480059566726,v2,v1,4566.087799106499,v2,0.654960119133452,v1,1.7681915505596173,1.0,class1
3.7319841182489792,3075.444903731076,0.4032231045417234,0.44490373107615255,v1,v1,4434.318176874487,v2,1.4449037310761526,v1,1.4763222016928856,0.5550962689238474,class2
6.617893250907147,3170.136277807308,0.6206813890365408,0.1433632455916809,v2,v1,5113.146905964733,v2,0.1433632455916809,v1,1.5763450644773727,1.9283183772041594,class1
2.9756709746021084,3126.945041671395,0.5584986109535027,2.0,v2,v1,7303.047590288023,v1,0.8424930547675138,v1,1.995898055334904,0.1575069452324862,class1
5.8009008318674145,3134.95667062794,0.31710778488323427,1.0,v1,v1,3233.4145149302753,v2,0.291568860467063,v1,1.2932785618615552,0.0,class1
1.5697082726848883,3137.985413634244,0.49978120451366614,2.0,v1,v2,4477.0,v2,0.003646591438898006,v3,1.830255261400723,1.9963534085611019,class2
3.692858196644428,3124.931800701995,0.41815325614245774,2.0,v2,v1,7195.650574736752,v3,0.23295017549879304,v1,0.8602835228148431,1.1164750877493965,class1
2.1642769893996894,3141.6897458196477,0.52,1.844872909823857,v2,v1,4565.155127090176,v2,1.0,v1,0.7849342807554074,2.0,class2
1.9817991561499317,3492.5824613235386,0.6046751523618179,0.9950023440279674,v1,v1,7246.019990623888,v2,0.9950023440279674,v1,1.322448851426296,1.4975011720139837,class3
3.3261497800798034,3124.399538123102,0.52,2.0,v2,v1,7203.00032991207,v3,0.0,v1,1.2460409090966864,0.0,class1
6.144912447145645,3117.7755601625713,0.24653360975427133,1.3551120325142376,v1,v1,4489.196008292628,v3,0.6448879674857623,v1,1.7171022406502847,1.0,class2
6.545941742318508,3407.932630783931,0.3555283542324247,0.4578865830703013,v1,v1,6599.905051159828,v1,1.5421134169296988,v1,1.8346860858938308,1.0842268338593974,class1
4.9912031143289814,3071.4446382227247,0.16134263469078705,2.0,v2,v1,5943.330426659129,v2,2.0,v1,1.7922319111362366,0.1778552890898919,class3
5.894992461073019,3128.932980781204,0.41679216834237803,1.1603915828810973,v2,v2,4677.103161936113,v2,0.8396084171189028,v3,1.222929222350762,0.16039158288109723,class3
1.5033088467335638,3147.667278831661,0.6088848077889273,2.0,v1,v1,3041.1115192211073,v3,2.0,v1,1.4846260533927345,1.1115192211072686,class2
1.840137539059398,3115.0,0.4411938121389319,1.056988448063843,v1,v1,7301.025792065149,v1,1.0,v1,1.7010439778427502,0.0,class2
4.316744163718971,3213.291742347382,0.3033284897675643,0.0,v1,v1,4544.541651530523,v1,0.5416515305236386,v1,0.9424954591570917,0.45834846947636143,class3
7.738712335083209,3134.2858182852133,0.5160899518810176,2.0,v1,v1,6910.72179903762,v2,0.5564019247592973,v1,1.4085745485563996,0.0,class1
6.779228195871948,3136.467498866855,0.31046430190207125,1.5046430190207123,v2,v1,7235.551073209228,v1,0.4953569809792877,v1,1.479660528126181,1.5046430190207123,class2
