OBS.,TOWN,TOWN_ID,TRACT,LON,LAT,MEDV,CMEDV,CRIM,ZN,INDUS,CHAS,NOX,RM,AGE,DIS,RAD,TAX,PTRATIO,B,target
1.0,Nahant,0.0,2011.0,-70.955,42.255,24.0,24.0,0.00632,18.0,2.31,0.0,0.538,6.575,65.2,4.09,1.0,296.0,15.3,396.9,P
2.0,Swampscott,1.0,2021.0,-70.95,42.2875,21.6,21.6,0.02731,0.0,7.07,0.0,0.469,6.421,78.9,4.9671,2.0,242.0,17.8,396.9,P
3.0,Swampscott,1.0,2022.0,-70.936,42.283,34.7,34.7,0.02729,0.0,7.07,0.0,0.469,7.185,61.1,4.9671,2.0,242.0,17.8,392.83,P
4.0,Marblehead,2.0,2031.0,-70.928,42.293,33.4,33.4,0.03237,0.0,2.18,0.0,0.458,6.998,45.8,6.0622,3.0,222.0,18.7,394.63,P
5.0,Marblehead,2.0,2032.0,-70.922,42.298,36.2,36.2,0.06905,0.0,2.18,0.0,0.458,7.147,54.2,6.0622,3.0,222.0,18.7,396.9,P
6.0,Marblehead,2.0,2033.0,-70.9165,42.304,28.7,28.7,0.02985,0.0,2.18,0.0,0.458,6.43,58.7,6.0622,3.0,222.0,18.7,394.12,P
7.0,Salem,3.0,2041.0,-70.936,42.297,22.9,22.9,0.08829,12.5,7.87,0.0,0.524,6.012,66.6,5.5605,5.0,311.0,15.2,395.6,P
8.0,Salem,3.0,2042.0,-70.9375,42.31,27.1,22.1,0.14455,12.5,7.87,0.0,0.524,6.172,96.1,5.9505,5.0,311.0,15.2,396.9,N
9.0,Salem,3.0,2043.0,-70.933,42.312,16.5,16.5,0.21124,12.5,7.87,0.0,0.524,5.631,100.0,6.0821,5.0,311.0,15.2,386.63,N
10.0,Salem,3.0,2044.0,-70.929,42.316,18.9,18.9,0.17004,12.5,7.87,0.0,0.524,6.004,85.9,6.5921,5.0,311.0,15.2,386.71,N
11.0,Salem,3.0,2045.0,-70.935,42.316,15.0,15.0,0.22489,12.5,7.87,0.0,0.524,6.377,94.3,6.3467,5.0,311.0,15.2,392.52,N
12.0,Salem,3.0,2046.0,-70.944,42.317,18.9,18.9,0.11747,12.5,7.87,0.0,0.524,6.009,82.9,6.2267,5.0,311.0,15.2,396.9,N
13.0,Salem,3.0,2047.0,-70.951,42.306,21.7,21.7,0.09378,12.5,7.87,0.0,0.524,5.889,39.0,5.4509,5.0,311.0,15.2,390.5,N
14.0,Lynn,4.0,2051.0,-70.9645,42.292,20.4,20.4,0.62976,0.0,8.14,0.0,0.538,5.949,61.8,4.7075,4.0,307.0,21.0,396.9,P
15.0,Lynn,4.0,2052.0,-70.972,42.287,18.2,18.2,0.63796,0.0,8.14,0.0,0.538,6.096,84.5,4.4619,4.0,307.0,21.0,380.02,P
16.0,Lynn,4.0,2053.0,-70.9765,42.294,19.9,19.9,0.62739,0.0,8.14,0.0,0.538,5.834,56.5,4.4986,4.0,307.0,21.0,395.62,P
17.0,Lynn,4.0,2054.0,-70.987,42.2985,23.1,23.1,1.05393,0.0,8.14,0.0,0.538,5.935,29.3,4.4986,4.0,307.0,21.0,386.85,P
18.0,Lynn,4.0,2055.0,-70.978,42.285,17.5,17.5,0.7842,0.0,8.14,0.0,0.538,5.99,81.7,4.2579,4.0,307.0,21.0,386.75,N
19.0,Lynn,4.0,2056.0,-70.9925,42.2825,20.2,20.2,0.80271,0.0,8.14,0.0,0.538,5.456,36.6,3.7965,4.0,307.0,21.0,288.99,P
20.0,Lynn,4.0,2057.0,-70.988,42.2776,18.2,18.2,0.7258,0.0,8.14,0.0,0.538,5.727,69.5,3.7965,4.0,307.0,21.0,390.95,P
21.0,Lynn,4.0,2058.0,-70.9835,42.277,13.6,13.6,1.25179,0.0,8.14,0.0,0.538,5.57,98.1,3.7979,4.0,307.0,21.0,376.57,N
22.0,Lynn,4.0,2059.0,-70.982,42.281,19.6,19.6,0.85204,0.0,8.14,0.0,0.538,5.965,89.2,4.0123,4.0,307.0,21.0,392.53,N
23.0,Lynn,4.0,2060.0,-70.9775,42.279,15.2,15.2,1.23247,0.0,8.14,0.0,0.538,6.142,91.7,3.9769,4.0,307.0,21.0,396.9,N
24.0,Lynn,4.0,2061.0,-70.973,42.279,14.5,14.5,0.98843,0.0,8.14,0.0,0.538,5.813,100.0,4.0952,4.0,307.0,21.0,394.54,N
25.0,Lynn,4.0,2062.0,-70.9693,42.2816,15.6,15.6,0.75026,0.0,8.14,0.0,0.538,5.924,94.1,4.3996,4.0,307.0,21.0,394.33,N
26.0,Lynn,4.0,2063.0,-70.964,42.284,13.9,13.9,0.84054,0.0,8.14,0.0,0.538,5.599,85.7,4.4546,4.0,307.0,21.0,303.42,N
27.0,Lynn,4.0,2064.0,-70.9597,42.287,16.6,16.6,0.67191,0.0,8.14,0.0,0.538,5.813,90.3,4.682,4.0,307.0,21.0,376.88,N
28.0,Lynn,4.0,2065.0,-70.9597,42.2825,14.8,14.8,0.95577,0.0,8.14,0.0,0.538,6.047,88.8,4.4534,4.0,307.0,21.0,306.38,N
29.0,Lynn,4.0,2066.0,-70.957,42.28,18.4,18.4,0.77299,0.0,8.14,0.0,0.538,6.495,94.4,4.4547,4.0,307.0,21.0,387.94,N
30.0,Lynn,4.0,2067.0,-70.951,42.278,21.0,21.0,1.00245,0.0,8.14,0.0,0.538,6.674,87.3,4.239,4.0,307.0,21.0,380.23,P
31.0,Lynn,4.0,2068.0,-70.967,42.279,12.7,12.7,1.13081,0.0,8.14,0.0,0.538,5.713,94.1,4.233,4.0,307.0,21.0,360.17,N
32.0,Lynn,4.0,2069.0,-70.964,42.2765,14.5,14.5,1.35472,0.0,8.14,0.0,0.538,6.072,100.0,4.175,4.0,307.0,21.0,376.73,N
33.0,Lynn,4.0,2070.0,-70.972,42.2765,13.2,13.2,1.38799,0.0,8.14,0.0,0.538,5.95,82.0,3.99,4.0,307.0,21.0,232.6,N
34.0,Lynn,4.0,2071.0,-70.9795,42.276,13.1,13.1,1.15172,0.0,8.14,0.0,0.538,5.701,95.0,3.7872,4.0,307.0,21.0,358.77,N
35.0,Lynn,4.0,2072.0,-70.9775,42.272,13.5,13.5,1.61282,0.0,8.14,0.0,0.538,6.096,96.9,3.7598,4.0,307.0,21.0,248.31,N
36.0,Sargus,5.0,2081.0,-71.0,42.27,18.9,18.9,0.06417,0.0,5.96,0.0,0.499,5.933,68.2,3.3603,5.0,279.0,19.2,396.9,P
37.0,Sargus,5.0,2082.0,-71.008,42.2745,20.0,20.0,0.09744,0.0,5.96,0.0,0.499,5.841,61.4,3.3779,5.0,279.0,19.2,377.56,P
38.0,Sargus,5.0,2083.0,-71.004,42.2865,21.0,21.0,0.08014,0.0,5.96,0.0,0.499,5.85,41.5,3.9342,5.0,279.0,19.2,396.9,P
39.0,Sargus,5.0,2084.0,-71.02,42.2875,24.7,24.2,0.17505,0.0,5.96,0.0,0.499,5.966,30.2,3.8473,5.0,279.0,19.2,393.43,P
40.0,Lynnfield,6.0,2091.0,-71.013,42.313,30.8,30.8,0.02763,75.0,2.95,0.0,0.428,6.595,21.8,5.4011,3.0,252.0,18.3,395.63,P
41.0,Lynnfield,6.0,2092.0,-71.03,42.324,34.9,34.9,0.03359,75.0,2.95,0.0,0.428,7.024,15.8,5.4011,3.0,252.0,18.3,395.62,P
42.0,Peabody,7.0,2101.0,-71.004,42.335,26.6,26.6,0.12744,0.0,6.91,0.0,0.448,6.77,2.9,5.7209,3.0,233.0,17.9,385.41,P
43.0,Peabody,7.0,2102.0,-71.003,42.3235,25.3,25.3,0.1415,0.0,6.91,0.0,0.448,6.169,6.6,5.7209,3.0,233.0,17.9,383.37,P
44.0,Peabody,7.0,2103.0,-70.9775,42.3237,24.7,24.7,0.15936,0.0,6.91,0.0,0.448,6.211,6.5,5.7209,3.0,233.0,17.9,394.46,P
45.0,Peabody,7.0,2104.0,-70.9675,42.317,21.2,21.2,0.12269,0.0,6.91,0.0,0.448,6.069,40.0,5.7209,3.0,233.0,17.9,389.39,P
46.0,Peabody,7.0,2105.0,-70.9725,42.3075,19.3,19.3,0.17142,0.0,6.91,0.0,0.448,5.682,33.8,5.1004,3.0,233.0,17.9,396.9,P
47.0,Peabody,7.0,2106.0,-70.965,42.3075,20.0,20.0,0.18836,0.0,6.91,0.0,0.448,5.786,33.3,5.1004,3.0,233.0,17.9,396.9,N
48.0,Peabody,7.0,2107.0,-70.956,42.3125,16.6,16.6,0.22927,0.0,6.91,0.0,0.448,6.03,85.5,5.6894,3.0,233.0,17.9,392.74,N
49.0,Peabody,7.0,2108.0,-70.955,42.3165,14.4,14.4,0.25387,0.0,6.91,0.0,0.448,5.399,95.3,5.87,3.0,233.0,17.9,396.9,N
50.0,Peabody,7.0,2109.0,-70.9525,42.3208,19.4,19.4,0.21977,0.0,6.91,0.0,0.448,5.602,62.0,6.0877,3.0,233.0,17.9,396.9,N
51.0,Danvers,8.0,2111.0,-70.951,42.334,19.7,19.7,0.08873,21.0,5.64,0.0,0.439,5.963,45.7,6.8147,4.0,243.0,16.8,395.56,N
52.0,Danvers,8.0,2112.0,-70.963,42.3382,20.5,20.5,0.04337,21.0,5.64,0.0,0.439,6.115,63.0,6.8147,4.0,243.0,16.8,393.97,P
53.0,Danvers,8.0,2113.0,-70.958,42.346,25.0,25.0,0.0536,21.0,5.64,0.0,0.439,6.511,21.1,6.8147,4.0,243.0,16.8,396.9,P
54.0,Danvers,8.0,2114.0,-70.978,42.3425,23.4,23.4,0.04981,21.0,5.64,0.0,0.439,5.998,21.4,6.8147,4.0,243.0,16.8,396.9,P
55.0,Middleton,9.0,2121.0,-71.0175,42.3715,18.9,18.9,0.0136,75.0,4.0,0.0,0.41,5.888,47.6,7.3197,3.0,469.0,21.1,396.9,N
56.0,Topsfield,10.0,2141.0,-70.9625,42.381,35.4,35.4,0.01311,90.0,1.22,0.0,0.403,7.249,21.9,8.6966,5.0,226.0,17.9,395.93,P
57.0,Hamilton,11.0,2151.0,-70.93,42.374,24.7,24.7,0.02055,85.0,0.74,0.0,0.41,6.383,35.7,9.1876,2.0,313.0,17.3,396.9,P
58.0,Wenham,12.0,2161.0,-70.9295,42.3715,31.6,31.6,0.01432,100.0,1.32,0.0,0.411,6.816,40.5,8.3248,5.0,256.0,15.1,392.9,P
59.0,Beverly,13.0,2171.0,-70.9385,42.346,23.3,23.3,0.15445,25.0,5.13,0.0,0.453,6.145,29.2,7.8148,8.0,284.0,19.7,390.68,P
60.0,Beverly,13.0,2172.0,-70.94,42.332,19.6,19.6,0.10328,25.0,5.13,0.0,0.453,5.927,47.2,6.932,8.0,284.0,19.7,396.9,P
61.0,Beverly,13.0,2173.0,-70.93,42.337,18.7,18.7,0.14932,25.0,5.13,0.0,0.453,5.741,66.2,7.2254,8.0,284.0,19.7,395.11,N
62.0,Beverly,13.0,2174.0,-70.93,42.3275,16.0,16.0,0.17171,25.0,5.13,0.0,0.453,5.966,93.4,6.8185,8.0,284.0,19.7,378.08,N
63.0,Beverly,13.0,2175.0,-70.9215,42.332,22.2,22.2,0.11027,25.0,5.13,0.0,0.453,6.456,67.8,7.2255,8.0,284.0,19.7,396.9,P
64.0,Beverly,13.0,2176.0,-70.9075,42.339,25.0,25.0,0.1265,25.0,5.13,0.0,0.453,6.762,43.4,7.9809,8.0,284.0,19.7,395.58,P
65.0,Manchester,14.0,2181.0,-70.86,42.345,33.0,33.0,0.01951,17.5,1.38,0.0,0.4161,7.104,59.5,9.2229,3.0,216.0,18.6,393.24,P
66.0,North_Reading,15.0,3301.0,-71.045,42.345,23.5,23.5,0.03584,80.0,3.37,0.0,0.398,6.29,17.8,6.6115,4.0,337.0,16.1,396.9,P
67.0,North_Reading,15.0,3302.0,-71.069,42.3525,19.4,19.4,0.04379,80.0,3.37,0.0,0.398,5.787,31.1,6.6115,4.0,337.0,16.1,396.9,P
68.0,Wilmington,16.0,3311.0,-71.09,42.3362,22.0,22.0,0.05789,12.5,6.07,0.0,0.409,5.878,21.4,6.498,4.0,345.0,18.9,396.21,P
69.0,Wilmington,16.0,3312.0,-71.108,42.34,17.4,17.4,0.13554,12.5,6.07,0.0,0.409,5.594,36.8,6.498,4.0,345.0,18.9,396.9,N
70.0,Wilmington,16.0,3313.0,-71.111,42.327,20.9,20.9,0.12816,12.5,6.07,0.0,0.409,5.885,33.0,6.498,4.0,345.0,18.9,396.9,P
71.0,Burlington,17.0,3321.0,-71.121,42.316,24.2,24.2,0.08826,0.0,10.81,0.0,0.413,6.417,6.6,5.2873,4.0,305.0,19.2,383.73,P
72.0,Burlington,17.0,3322.0,-71.1095,42.3008,21.7,21.7,0.15876,0.0,10.81,0.0,0.413,5.961,17.5,5.2873,4.0,305.0,19.2,376.94,P
73.0,Burlington,17.0,3323.0,-71.13,42.305,22.8,22.8,0.09164,0.0,10.81,0.0,0.413,6.065,7.8,5.2873,4.0,305.0,19.2,390.91,P
74.0,Burlington,17.0,3324.0,-71.123,42.292,23.4,23.4,0.19539,0.0,10.81,0.0,0.413,6.245,6.2,5.2873,4.0,305.0,19.2,377.17,P
75.0,Woburn,18.0,3331.0,-71.1105,42.289,24.1,24.1,0.07896,0.0,12.83,0.0,0.437,6.273,6.0,4.2515,5.0,398.0,18.7,394.92,P
76.0,Woburn,18.0,3332.0,-71.1,42.2875,21.4,21.4,0.09512,0.0,12.83,0.0,0.437,6.286,45.0,4.5026,5.0,398.0,18.7,383.23,P
77.0,Woburn,18.0,3333.0,-71.09,42.2835,20.0,20.0,0.10153,0.0,12.83,0.0,0.437,6.279,74.5,4.0522,5.0,398.0,18.7,373.66,P
78.0,Woburn,18.0,3334.0,-71.076,42.2895,20.8,20.8,0.08707,0.0,12.83,0.0,0.437,6.14,45.8,4.0905,5.0,398.0,18.7,386.96,P
79.0,Woburn,18.0,3335.0,-71.0905,42.295,21.2,21.2,0.05646,0.0,12.83,0.0,0.437,6.232,53.7,5.0141,5.0,398.0,18.7,386.4,P
80.0,Woburn,18.0,3336.0,-71.091,42.305,20.3,20.3,0.08387,0.0,12.83,0.0,0.437,5.874,36.6,4.5026,5.0,398.0,18.7,396.06,P
81.0,Reading,19.0,3341.0,-71.0685,42.308,28.0,28.0,0.04113,25.0,4.86,0.0,0.426,6.727,33.5,5.4007,4.0,281.0,19.0,396.9,P
82.0,Reading,19.0,3342.0,-71.069,42.315,23.9,23.9,0.04462,25.0,4.86,0.0,0.426,6.619,70.4,5.4007,4.0,281.0,19.0,395.63,P
83.0,Reading,19.0,3343.0,-71.0675,42.326,24.8,24.8,0.03659,25.0,4.86,0.0,0.426,6.302,32.2,5.4007,4.0,281.0,19.0,396.9,P
84.0,Reading,19.0,3344.0,-71.0575,42.317,22.9,22.9,0.03551,25.0,4.86,0.0,0.426,6.167,46.7,5.4007,4.0,281.0,19.0,390.64,P
85.0,Wakefield,20.0,3351.0,-71.043,42.3075,23.9,23.9,0.05059,0.0,4.49,0.0,0.449,6.389,48.0,4.7794,3.0,247.0,18.5,396.9,P
86.0,Wakefield,20.0,3352.0,-71.05,42.3,26.6,26.6,0.05735,0.0,4.49,0.0,0.449,6.63,56.1,4.4377,3.0,247.0,18.5,392.3,P
87.0,Wakefield,20.0,3353.0,-71.033,42.305,22.5,22.5,0.05188,0.0,4.49,0.0,0.449,6.015,45.1,4.4272,3.0,247.0,18.5,395.99,N
88.0,Wakefield,20.0,3354.0,-71.039,42.2885,22.2,22.2,0.07151,0.0,4.49,0.0,0.449,6.121,56.8,3.7476,3.0,247.0,18.5,395.15,P
89.0,Melrose,21.0,3361.0,-71.042,42.2796,23.6,23.6,0.0566,0.0,3.41,0.0,0.489,7.007,86.3,3.4217,2.0,270.0,17.8,396.9,P
90.0,Melrose,21.0,3362.0,-71.0345,42.2785,28.7,28.7,0.05302,0.0,3.41,0.0,0.489,7.079,63.1,3.4145,2.0,270.0,17.8,396.06,P
91.0,Melrose,21.0,3363.0,-71.03,42.272,22.6,22.6,0.04684,0.0,3.41,0.0,0.489,6.417,66.1,3.0923,2.0,270.0,17.8,392.18,P
92.0,Melrose,21.0,3364.0,-71.0425,42.2715,22.0,22.0,0.03932,0.0,3.41,0.0,0.489,6.405,73.9,3.0921,2.0,270.0,17.8,393.55,P
93.0,Stoneham,22.0,3371.0,-71.053,42.283,22.9,22.9,0.04203,28.0,15.04,0.0,0.464,6.442,53.6,3.6659,4.0,270.0,18.2,395.01,P
94.0,Stoneham,22.0,3372.0,-71.062,42.296,25.0,25.0,0.02875,28.0,15.04,0.0,0.464,6.211,28.9,3.6659,4.0,270.0,18.2,396.33,P
95.0,Stoneham,22.0,3373.0,-71.0615,42.284,20.6,20.6,0.04294,28.0,15.04,0.0,0.464,6.249,77.3,3.615,4.0,270.0,18.2,396.9,P
96.0,Winchester,23.0,3381.0,-71.076,42.2775,28.4,28.4,0.12204,0.0,2.89,0.0,0.445,6.625,57.8,3.4952,2.0,276.0,18.0,357.98,P
97.0,Winchester,23.0,3382.0,-71.085,42.2775,21.4,21.4,0.11504,0.0,2.89,0.0,0.445,6.163,69.6,3.4952,2.0,276.0,18.0,391.83,P
98.0,Winchester,23.0,3383.0,-71.089,42.2715,38.7,38.7,0.12083,0.0,2.89,0.0,0.445,8.069,76.0,3.4952,2.0,276.0,18.0,396.9,P
99.0,Winchester,23.0,3384.0,-71.0982,42.2685,43.8,43.8,0.08187,0.0,2.89,0.0,0.445,7.82,36.9,3.4952,2.0,276.0,18.0,393.53,P
100.0,Winchester,23.0,3385.0,-71.08,42.268,33.2,33.2,0.0686,0.0,2.89,0.0,0.445,7.416,62.5,3.4952,2.0,276.0,18.0,396.9,P
101.0,Medford,24.0,3391.0,-71.0668,42.2545,27.5,27.5,0.14866,0.0,8.56,0.0,0.52,6.727,79.9,2.7778,5.0,384.0,20.9,394.76,P
102.0,Medford,24.0,3392.0,-71.081,42.245,26.5,26.5,0.11432,0.0,8.56,0.0,0.52,6.781,71.3,2.8561,5.0,384.0,20.9,395.58,P
103.0,Medford,24.0,3393.0,-71.0812,42.2515,18.6,18.6,0.22876,0.0,8.56,0.0,0.52,6.405,85.4,2.7147,5.0,384.0,20.9,70.8,P
104.0,Medford,24.0,3394.0,-71.077,42.249,19.3,19.3,0.21161,0.0,8.56,0.0,0.52,6.137,87.4,2.7147,5.0,384.0,20.9,394.47,N
105.0,Medford,24.0,3395.0,-71.069,42.248,20.1,20.1,0.1396,0.0,8.56,0.0,0.52,6.167,90.0,2.421,5.0,384.0,20.9,392.69,P
106.0,Medford,24.0,3396.0,-71.0662,42.2425,19.5,19.5,0.13262,0.0,8.56,0.0,0.52,5.851,96.7,2.1069,5.0,384.0,20.9,394.05,N
107.0,Medford,24.0,3397.0,-71.0622,42.2431,19.5,19.5,0.1712,0.0,8.56,0.0,0.52,5.836,91.9,2.211,5.0,384.0,20.9,395.67,N
108.0,Medford,24.0,3398.0,-71.0553,42.2465,20.4,20.4,0.13117,0.0,8.56,0.0,0.52,6.127,85.2,2.1224,5.0,384.0,20.9,387.69,N
109.0,Medford,24.0,3399.0,-71.055,42.2505,19.8,19.8,0.12802,0.0,8.56,0.0,0.52,6.474,97.1,2.4329,5.0,384.0,20.9,395.24,P
110.0,Medford,24.0,3400.0,-71.06,42.254,19.4,19.4,0.26363,0.0,8.56,0.0,0.52,6.229,91.2,2.5451,5.0,384.0,20.9,391.23,N
111.0,Medford,24.0,3401.0,-71.056,42.2605,21.7,21.7,0.10793,0.0,8.56,0.0,0.52,6.195,54.4,2.7778,5.0,384.0,20.9,393.49,N
112.0,Malden,25.0,3411.0,-71.0475,42.261,22.8,22.8,0.10084,0.0,10.01,0.0,0.547,6.715,81.6,2.6775,6.0,432.0,17.8,395.59,P
113.0,Malden,25.0,3412.0,-71.049,42.253,18.8,18.8,0.12329,0.0,10.01,0.0,0.547,5.913,92.9,2.3534,6.0,432.0,17.8,394.95,N
114.0,Malden,25.0,3413.0,-71.0428,42.258,18.7,18.7,0.22212,0.0,10.01,0.0,0.547,6.092,95.4,2.548,6.0,432.0,17.8,396.9,N
115.0,Malden,25.0,3414.0,-71.0396,42.2512,18.5,18.5,0.14231,0.0,10.01,0.0,0.547,6.254,84.2,2.2565,6.0,432.0,17.8,388.74,P
116.0,Malden,25.0,3415.0,-71.0355,42.2545,18.3,18.3,0.17134,0.0,10.01,0.0,0.547,5.928,88.2,2.4631,6.0,432.0,17.8,344.91,N
117.0,Malden,25.0,3416.0,-71.036,42.2608,21.2,21.2,0.13158,0.0,10.01,0.0,0.547,6.176,72.5,2.7301,6.0,432.0,17.8,393.3,P
118.0,Malden,25.0,3417.0,-71.0285,42.262,19.2,19.2,0.15098,0.0,10.01,0.0,0.547,6.021,82.6,2.7474,6.0,432.0,17.8,394.51,P
119.0,Malden,25.0,3418.0,-71.0285,42.258,20.4,20.4,0.13058,0.0,10.01,0.0,0.547,5.872,73.1,2.4775,6.0,432.0,17.8,338.63,N
120.0,Malden,25.0,3419.0,-71.019,42.2605,19.3,19.3,0.14476,0.0,10.01,0.0,0.547,5.731,65.2,2.7592,6.0,432.0,17.8,391.5,N
121.0,Everett,26.0,3421.0,-71.0243,42.2483,22.0,22.0,0.06899,0.0,25.65,0.0,0.581,5.87,69.7,2.2577,2.0,188.0,19.1,389.15,N
122.0,Everett,26.0,3422.0,-71.0312,42.2505,20.3,20.3,0.07165,0.0,25.65,0.0,0.581,6.004,84.1,2.1974,2.0,188.0,19.1,377.67,N
123.0,Everett,26.0,3423.0,-71.0377,42.247,20.5,20.5,0.09299,0.0,25.65,0.0,0.581,5.961,92.9,2.0869,2.0,188.0,19.1,378.09,N
124.0,Everett,26.0,3424.0,-71.037,42.2435,17.3,17.3,0.15038,0.0,25.65,0.0,0.581,5.856,97.0,1.9444,2.0,188.0,19.1,370.31,N
125.0,Everett,26.0,3425.0,-71.0308,42.245,18.8,18.8,0.09849,0.0,25.65,0.0,0.581,5.879,95.8,2.0063,2.0,188.0,19.1,379.38,N
126.0,Everett,26.0,3426.0,-71.0262,42.2431,21.4,21.4,0.16902,0.0,25.65,0.0,0.581,5.986,88.4,1.9929,2.0,188.0,19.1,385.02,N
127.0,Everett,26.0,3427.0,-71.0333,42.2395,15.7,15.7,0.38735,0.0,25.65,0.0,0.581,5.613,95.6,1.7572,2.0,188.0,19.1,359.29,N
128.0,Somerville,27.0,3501.0,-71.053,42.2355,16.2,16.2,0.25915,0.0,21.89,0.0,0.624,5.693,96.0,1.7883,4.0,437.0,21.2,392.11,N
129.0,Somerville,27.0,3502.0,-71.058,42.235,18.0,18.0,0.32543,0.0,21.89,0.0,0.624,6.431,98.8,1.8125,4.0,437.0,21.2,396.9,N
130.0,Somerville,27.0,3503.0,-71.0638,42.2368,14.3,14.3,0.88125,0.0,21.89,0.0,0.624,5.637,94.7,1.9799,4.0,437.0,21.2,396.9,N
131.0,Somerville,27.0,3504.0,-71.0692,42.239,19.2,19.2,0.34006,0.0,21.89,0.0,0.624,6.458,98.9,2.1185,4.0,437.0,21.2,395.04,P
132.0,Somerville,27.0,3505.0,-71.075,42.24,19.6,19.6,1.19294,0.0,21.89,0.0,0.624,6.326,97.7,2.271,4.0,437.0,21.2,396.9,P
133.0,Somerville,27.0,3506.0,-71.0745,42.2405,23.0,23.0,0.59005,0.0,21.89,0.0,0.624,6.372,97.9,2.3274,4.0,437.0,21.2,385.76,P
134.0,Somerville,27.0,3507.0,-71.079,42.245,18.4,18.4,0.32982,0.0,21.89,0.0,0.624,5.822,95.4,2.4699,4.0,437.0,21.2,388.69,N
135.0,Somerville,27.0,3508.0,-71.076,42.2405,15.6,15.6,0.97617,0.0,21.89,0.0,0.624,5.757,98.4,2.346,4.0,437.0,21.2,262.76,N
136.0,Somerville,27.0,3509.0,-71.075,42.2362,18.1,18.1,0.55778,0.0,21.89,0.0,0.624,6.335,98.2,2.1107,4.0,437.0,21.2,394.67,N
137.0,Somerville,27.0,3510.0,-71.0677,42.2335,17.4,17.4,0.32264,0.0,21.89,0.0,0.624,5.942,93.5,1.9669,4.0,437.0,21.2,378.25,N
138.0,Somerville,27.0,3511.0,-71.063,42.2325,17.1,17.1,0.35233,0.0,21.89,0.0,0.624,6.454,98.4,1.8498,4.0,437.0,21.2,394.08,N
139.0,Somerville,27.0,3512.0,-71.062,42.2275,13.3,13.3,0.2498,0.0,21.89,0.0,0.624,5.857,98.2,1.6686,4.0,437.0,21.2,392.04,N
140.0,Somerville,27.0,3513.0,-71.0568,42.23,17.8,17.8,0.54452,0.0,21.89,0.0,0.624,6.151,97.9,1.6687,4.0,437.0,21.2,396.9,N
141.0,Somerville,27.0,3514.0,-71.0518,42.2312,14.0,14.0,0.2909,0.0,21.89,0.0,0.624,6.174,93.6,1.6119,4.0,437.0,21.2,388.08,N
142.0,Somerville,27.0,3515.0,-71.0543,42.2265,14.4,14.4,1.62864,0.0,21.89,0.0,0.624,5.019,100.0,1.4394,4.0,437.0,21.2,396.9,N
143.0,Cambridge,28.0,3521.0,-71.048,42.2222,13.4,13.4,3.32105,0.0,19.58,1.0,0.871,5.403,100.0,1.3216,5.0,403.0,14.7,396.9,N
144.0,Cambridge,28.0,3522.0,-71.0519,42.223,15.6,15.6,4.0974,0.0,19.58,0.0,0.871,5.468,100.0,1.4118,5.0,403.0,14.7,396.9,N
145.0,Cambridge,28.0,3523.0,-71.051,42.2205,11.8,11.8,2.77974,0.0,19.58,0.0,0.871,4.903,97.8,1.3459,5.0,403.0,14.7,396.9,N
146.0,Cambridge,28.0,3524.0,-71.054,42.219,13.8,13.8,2.37934,0.0,19.58,0.0,0.871,6.13,100.0,1.4191,5.0,403.0,14.7,172.91,N
147.0,Cambridge,28.0,3525.0,-71.059,42.221,15.6,15.6,2.15505,0.0,19.58,0.0,0.871,5.628,100.0,1.5166,5.0,403.0,14.7,169.27,N
148.0,Cambridge,28.0,3526.0,-71.0555,42.2222,14.6,14.6,2.36862,0.0,19.58,0.0,0.871,4.926,95.7,1.4608,5.0,403.0,14.7,391.71,N
149.0,Cambridge,28.0,3527.0,-71.0567,42.224,17.8,17.8,2.33099,0.0,19.58,0.0,0.871,5.186,93.8,1.5296,5.0,403.0,14.7,356.99,N
150.0,Cambridge,28.0,3528.0,-71.058,42.223,15.4,15.4,2.73397,0.0,19.58,0.0,0.871,5.597,94.9,1.5257,5.0,403.0,14.7,351.85,N
151.0,Cambridge,28.0,3529.0,-71.062,42.2236,21.5,21.5,1.6566,0.0,19.58,0.0,0.871,6.122,97.3,1.618,5.0,403.0,14.7,372.8,N
152.0,Cambridge,28.0,3530.0,-71.0622,42.2205,19.6,19.6,1.49632,0.0,19.58,0.0,0.871,5.404,100.0,1.5916,5.0,403.0,14.7,341.6,N
153.0,Cambridge,28.0,3531.0,-71.059,42.217,15.3,15.3,1.12658,0.0,19.58,1.0,0.871,5.012,88.0,1.6102,5.0,403.0,14.7,343.28,P
154.0,Cambridge,28.0,3532.0,-71.0645,42.215,19.4,19.4,2.14918,0.0,19.58,0.0,0.871,5.709,98.5,1.6232,5.0,403.0,14.7,261.95,N
155.0,Cambridge,28.0,3533.0,-71.0662,42.2162,17.0,17.0,1.41385,0.0,19.58,1.0,0.871,6.129,96.0,1.7494,5.0,403.0,14.7,321.02,N
156.0,Cambridge,28.0,3534.0,-71.068,42.215,15.6,15.6,3.53501,0.0,19.58,1.0,0.871,6.152,82.6,1.7455,5.0,403.0,14.7,88.01,N
157.0,Cambridge,28.0,3535.0,-71.0667,42.22,13.1,13.1,2.44668,0.0,19.58,0.0,0.871,5.272,94.0,1.7364,5.0,403.0,14.7,88.63,N
158.0,Cambridge,28.0,3536.0,-71.069,42.2285,41.3,41.3,1.22358,0.0,19.58,0.0,0.605,6.943,97.4,1.8773,5.0,403.0,14.7,363.43,P
159.0,Cambridge,28.0,3537.0,-71.067,42.2245,24.3,24.3,1.34284,0.0,19.58,0.0,0.605,6.066,100.0,1.7573,5.0,403.0,14.7,353.89,P
160.0,Cambridge,28.0,3538.0,-71.065,42.2223,23.3,23.3,1.42502,0.0,19.58,0.0,0.871,6.51,100.0,1.7659,5.0,403.0,14.7,364.31,P
161.0,Cambridge,28.0,3539.0,-71.07,42.2214,27.0,27.0,1.27346,0.0,19.58,1.0,0.605,6.25,92.6,1.7984,5.0,403.0,14.7,338.92,P
162.0,Cambridge,28.0,3540.0,-71.0735,42.2282,50.0,50.0,1.46336,0.0,19.58,0.0,0.605,7.489,90.8,1.9709,5.0,403.0,14.7,374.43,P
163.0,Cambridge,28.0,3541.0,-71.077,42.225,50.0,50.0,1.83377,0.0,19.58,1.0,0.605,7.802,98.2,2.0407,5.0,403.0,14.7,389.61,P
164.0,Cambridge,28.0,3542.0,-71.0815,42.225,50.0,50.0,1.51902,0.0,19.58,1.0,0.605,8.375,93.9,2.162,5.0,403.0,14.7,388.45,P
165.0,Cambridge,28.0,3543.0,-71.0918,42.2265,22.7,22.7,2.24236,0.0,19.58,0.0,0.605,5.854,91.8,2.422,5.0,403.0,14.7,395.11,P
166.0,Cambridge,28.0,3544.0,-71.082,42.2295,25.0,25.0,2.924,0.0,19.58,0.0,0.605,6.101,93.0,2.2834,5.0,403.0,14.7,240.16,P
167.0,Cambridge,28.0,3545.0,-71.077,42.2305,50.0,50.0,2.01019,0.0,19.58,0.0,0.605,7.929,96.2,2.0459,5.0,403.0,14.7,369.3,P
168.0,Cambridge,28.0,3546.0,-71.0866,42.2345,23.8,23.8,1.80028,0.0,19.58,0.0,0.605,5.877,79.2,2.4259,5.0,403.0,14.7,227.61,P
169.0,Cambridge,28.0,3547.0,-71.074,42.2331,23.8,23.8,2.3004,0.0,19.58,0.0,0.605,6.319,96.1,2.1,5.0,403.0,14.7,297.09,P
170.0,Cambridge,28.0,3548.0,-71.0775,42.2351,22.3,22.3,2.44953,0.0,19.58,0.0,0.605,6.402,95.2,2.2625,5.0,403.0,14.7,330.04,P
171.0,Cambridge,28.0,3549.0,-71.081,42.2368,17.4,17.4,1.20742,0.0,19.58,0.0,0.605,5.875,94.6,2.4259,5.0,403.0,14.7,292.29,N
172.0,Cambridge,28.0,3550.0,-71.0792,42.239,19.1,19.1,2.3139,0.0,19.58,0.0,0.605,5.88,97.3,2.3887,5.0,403.0,14.7,348.13,P
173.0,Arlington,29.0,3561.0,-71.087,42.2416,23.1,23.1,0.13914,0.0,4.05,0.0,0.51,5.572,88.5,2.5961,5.0,296.0,16.6,396.9,N
174.0,Arlington,29.0,3562.0,-71.0855,42.245,23.6,23.6,0.09178,0.0,4.05,0.0,0.51,6.416,84.1,2.6463,5.0,296.0,16.6,395.5,P
175.0,Arlington,29.0,3563.0,-71.0833,42.2475,22.6,22.6,0.08447,0.0,4.05,0.0,0.51,5.859,68.7,2.7019,5.0,296.0,16.6,393.23,P
176.0,Arlington,29.0,3564.0,-71.094,42.2575,29.4,29.4,0.06664,0.0,4.05,0.0,0.51,6.546,33.1,3.1323,5.0,296.0,16.6,390.96,P
177.0,Arlington,29.0,3565.0,-71.1125,42.255,23.2,23.2,0.07022,0.0,4.05,0.0,0.51,6.02,47.2,3.5549,5.0,296.0,16.6,393.23,P
178.0,Arlington,29.0,3566.0,-71.106,42.2512,24.6,24.6,0.05425,0.0,4.05,0.0,0.51,6.315,73.4,3.3175,5.0,296.0,16.6,395.6,P
179.0,Arlington,29.0,3567.0,-71.0965,42.247,29.9,29.9,0.06642,0.0,4.05,0.0,0.51,6.86,74.4,2.9153,5.0,296.0,16.6,391.27,P
180.0,Belmont,30.0,3571.0,-71.1,42.2408,37.2,37.2,0.0578,0.0,2.46,0.0,0.488,6.98,58.4,2.829,3.0,193.0,17.8,396.9,P
181.0,Belmont,30.0,3572.0,-71.0995,42.2345,39.8,39.8,0.06588,0.0,2.46,0.0,0.488,7.765,83.3,2.741,3.0,193.0,17.8,395.56,P
182.0,Belmont,30.0,3573.0,-71.0966,42.2282,36.2,36.2,0.06888,0.0,2.46,0.0,0.488,6.144,62.2,2.5979,3.0,193.0,17.8,396.9,P
183.0,Belmont,30.0,3574.0,-71.1005,42.2287,37.9,37.9,0.09103,0.0,2.46,0.0,0.488,7.155,92.2,2.7006,3.0,193.0,17.8,394.12,P
184.0,Belmont,30.0,3575.0,-71.1065,42.23,32.5,32.5,0.10008,0.0,2.46,0.0,0.488,6.563,95.6,2.847,3.0,193.0,17.8,396.9,P
185.0,Belmont,30.0,3576.0,-71.112,42.23,26.4,26.4,0.08308,0.0,2.46,0.0,0.488,5.604,89.8,2.9879,3.0,193.0,17.8,391.0,N
186.0,Belmont,30.0,3577.0,-71.1175,42.235,29.6,29.6,0.06047,0.0,2.46,0.0,0.488,6.153,68.8,3.2797,3.0,193.0,17.8,387.11,N
187.0,Belmont,30.0,3578.0,-71.1115,42.2442,50.0,50.0,0.05602,0.0,2.46,0.0,0.488,7.831,53.6,3.1992,3.0,193.0,17.8,392.63,P
188.0,Lexington,31.0,3581.0,-71.122,42.2565,32.0,32.0,0.07875,45.0,3.44,0.0,0.437,6.782,41.1,3.7886,5.0,398.0,15.2,393.87,P
189.0,Lexington,31.0,3583.0,-71.1408,42.255,29.8,29.8,0.12579,45.0,3.44,0.0,0.437,6.556,29.1,4.5667,5.0,398.0,15.2,382.84,P
190.0,Lexington,31.0,3584.0,-71.145,42.2651,34.9,34.9,0.0837,45.0,3.44,0.0,0.437,7.185,38.9,4.5667,5.0,398.0,15.2,396.9,P
191.0,Lexington,31.0,3585.0,-71.1216,42.27,37.0,33.0,0.09068,45.0,3.44,0.0,0.437,6.951,21.5,6.4798,5.0,398.0,15.2,377.68,P
192.0,Lexington,31.0,3586.0,-71.1485,42.2765,30.5,30.5,0.06911,45.0,3.44,0.0,0.437,6.739,30.8,6.4798,5.0,398.0,15.2,389.71,P
193.0,Lexington,31.0,3587.0,-71.134,42.2785,36.4,36.4,0.08664,45.0,3.44,0.0,0.437,7.178,26.3,6.4798,5.0,398.0,15.2,390.49,P
194.0,Bedford,32.0,3591.0,-71.1525,42.3,31.1,31.1,0.02187,60.0,2.93,0.0,0.401,6.8,9.9,6.2196,1.0,265.0,15.6,393.37,P
195.0,Bedford,32.0,3592.0,-71.1633,42.303,29.1,29.1,0.01439,60.0,2.93,0.0,0.401,6.604,18.8,6.2196,1.0,265.0,15.6,376.7,P
196.0,Lincoln,33.0,3602.0,-71.189,42.2525,50.0,50.0,0.01381,80.0,0.46,0.0,0.422,7.875,32.0,5.6484,4.0,255.0,14.4,394.23,P
197.0,Concord,34.0,3611.0,-71.22,42.2715,33.3,33.3,0.04011,80.0,1.52,0.0,0.404,7.287,34.1,7.309,2.0,329.0,12.6,396.9,P
198.0,Concord,34.0,3612.0,-71.24,42.2725,30.3,30.3,0.04666,80.0,1.52,0.0,0.404,7.107,36.6,7.309,2.0,329.0,12.6,354.31,P
199.0,Concord,34.0,3613.0,-71.222,42.289,34.6,34.6,0.03768,80.0,1.52,0.0,0.404,7.274,38.3,7.309,2.0,329.0,12.6,392.2,P
200.0,Sudbury,35.0,3651.0,-71.244,42.2425,34.9,34.9,0.0315,95.0,1.47,0.0,0.403,6.975,15.3,7.6534,3.0,402.0,17.0,396.9,P
201.0,Sudbury,35.0,3652.0,-71.263,42.2225,32.9,32.9,0.01778,95.0,1.47,0.0,0.403,7.135,13.9,7.6534,3.0,402.0,17.0,384.3,P
202.0,Wayland,36.0,3661.0,-71.2185,42.1955,24.1,24.1,0.03445,82.5,2.03,0.0,0.415,6.162,38.4,6.27,2.0,348.0,14.7,393.77,P
203.0,Wayland,36.0,3662.0,-71.214,42.218,42.3,42.3,0.02177,82.5,2.03,0.0,0.415,7.61,15.7,6.27,2.0,348.0,14.7,395.38,P
204.0,Weston,37.0,3671.0,-71.199,42.232,48.5,48.5,0.0351,95.0,2.68,0.0,0.4161,7.853,33.2,5.118,4.0,224.0,14.7,392.78,P
205.0,Weston,37.0,3672.0,-71.199,42.2058,50.0,50.0,0.02009,95.0,2.68,0.0,0.4161,8.034,31.9,5.118,4.0,224.0,14.7,390.55,P
206.0,Waltham,38.0,3681.0,-71.1475,42.2445,22.6,22.6,0.13642,0.0,10.59,0.0,0.489,5.891,22.3,3.9454,4.0,277.0,18.6,396.9,P
207.0,Waltham,38.0,3682.0,-71.15,42.2308,24.4,24.4,0.22969,0.0,10.59,0.0,0.489,6.326,52.5,4.3549,4.0,277.0,18.6,394.87,P
208.0,Waltham,38.0,3683.0,-71.149,42.2268,22.5,22.5,0.25199,0.0,10.59,0.0,0.489,5.783,72.7,4.3549,4.0,277.0,18.6,389.43,N
209.0,Waltham,38.0,3684.0,-71.1503,42.222,24.4,24.4,0.13587,0.0,10.59,1.0,0.489,6.064,59.1,4.2392,4.0,277.0,18.6,381.32,N
210.0,Waltham,38.0,3685.0,-71.143,42.2217,20.0,20.0,0.43571,0.0,10.59,1.0,0.489,5.344,100.0,3.875,4.0,277.0,18.6,396.9,N
211.0,Waltham,38.0,3686.0,-71.1435,42.2177,21.7,21.7,0.17446,0.0,10.59,1.0,0.489,5.96,92.1,3.8771,4.0,277.0,18.6,393.25,N
212.0,Waltham,38.0,3687.0,-71.138,42.2216,19.3,19.3,0.37578,0.0,10.59,1.0,0.489,5.404,88.6,3.665,4.0,277.0,18.6,395.24,N
213.0,Waltham,38.0,3688.0,-71.1335,42.225,22.4,22.4,0.21719,0.0,10.59,1.0,0.489,5.807,53.8,3.6526,4.0,277.0,18.6,390.94,N
214.0,Waltham,38.0,3689.0,-71.1375,42.2355,28.1,28.1,0.14052,0.0,10.59,0.0,0.489,6.375,32.3,3.9454,4.0,277.0,18.6,385.81,P
215.0,Waltham,38.0,3690.0,-71.127,42.235,23.7,23.7,0.28955,0.0,10.59,0.0,0.489,5.412,9.8,3.5875,4.0,277.0,18.6,348.93,N
216.0,Waltham,38.0,3691.0,-71.1245,42.2277,25.0,25.0,0.19802,0.0,10.59,0.0,0.489,6.182,42.4,3.9454,4.0,277.0,18.6,393.63,P
217.0,Watertown,39.0,3701.0,-71.1166,42.223,23.3,23.3,0.0456,0.0,13.89,1.0,0.55,5.888,56.0,3.1121,5.0,276.0,16.4,392.8,N
218.0,Watertown,39.0,3702.0,-71.105,42.2235,28.7,28.7,0.07013,0.0,13.89,0.0,0.55,6.642,85.1,3.4211,5.0,276.0,16.4,392.78,P
219.0,Watertown,39.0,3703.0,-71.0933,42.222,21.5,21.5,0.11069,0.0,13.89,1.0,0.55,5.951,93.8,2.8893,5.0,276.0,16.4,396.9,N
220.0,Watertown,39.0,3704.0,-71.106,42.2185,23.0,23.0,0.11425,0.0,13.89,1.0,0.55,6.373,92.4,3.3633,5.0,276.0,16.4,393.74,P
221.0,Newton,40.0,3731.0,-71.11,42.2137,26.7,26.7,0.35809,0.0,6.2,1.0,0.507,6.951,88.5,2.8617,8.0,307.0,17.4,391.7,P
222.0,Newton,40.0,3732.0,-71.121,42.2166,21.7,21.7,0.40771,0.0,6.2,1.0,0.507,6.164,91.3,3.048,8.0,307.0,17.4,395.24,N
223.0,Newton,40.0,3733.0,-71.125,42.2134,27.5,27.5,0.62356,0.0,6.2,1.0,0.507,6.879,77.7,3.2721,8.0,307.0,17.4,390.39,P
224.0,Newton,40.0,3734.0,-71.1208,42.2183,30.1,30.1,0.6147,0.0,6.2,0.0,0.507,6.618,80.8,3.2721,8.0,307.0,17.4,396.9,P
225.0,Newton,40.0,3735.0,-71.11,42.206,44.8,44.8,0.31533,0.0,6.2,0.0,0.504,8.266,78.3,2.8944,8.0,307.0,17.4,385.05,P
226.0,Newton,40.0,3736.0,-71.1012,42.1975,50.0,50.0,0.52693,0.0,6.2,0.0,0.504,8.725,83.0,2.8944,8.0,307.0,17.4,382.0,P
227.0,Newton,40.0,3737.0,-71.1215,42.2025,37.6,37.6,0.38214,0.0,6.2,0.0,0.504,8.04,86.5,3.2157,8.0,307.0,17.4,387.38,P
228.0,Newton,40.0,3738.0,-71.116,42.1947,31.6,31.6,0.41238,0.0,6.2,0.0,0.504,7.163,79.9,3.2157,8.0,307.0,17.4,372.08,P
229.0,Newton,40.0,3739.0,-71.11,42.185,46.7,46.7,0.29819,0.0,6.2,0.0,0.504,7.686,17.0,3.3751,8.0,307.0,17.4,377.51,P
230.0,Newton,40.0,3740.0,-71.119,42.1807,31.5,31.5,0.44178,0.0,6.2,0.0,0.504,6.552,21.4,3.3751,8.0,307.0,17.4,380.34,P
231.0,Newton,40.0,3741.0,-71.13,42.188,24.3,24.3,0.537,0.0,6.2,0.0,0.504,5.981,68.1,3.6715,8.0,307.0,17.4,378.35,P
232.0,Newton,40.0,3742.0,-71.1285,42.193,31.7,31.7,0.46296,0.0,6.2,0.0,0.504,7.412,76.9,3.6715,8.0,307.0,17.4,376.14,P
233.0,Newton,40.0,3743.0,-71.14,42.1946,41.7,41.7,0.57529,0.0,6.2,0.0,0.507,8.337,73.3,3.8384,8.0,307.0,17.4,385.91,P
234.0,Newton,40.0,3744.0,-71.134,42.204,48.3,48.3,0.33147,0.0,6.2,0.0,0.507,8.247,70.4,3.6519,8.0,307.0,17.4,378.95,P
235.0,Newton,40.0,3745.0,-71.132,42.2142,29.0,29.0,0.44791,0.0,6.2,1.0,0.507,6.726,66.5,3.6519,8.0,307.0,17.4,360.2,P
236.0,Newton,40.0,3746.0,-71.138,42.2141,24.0,24.0,0.33045,0.0,6.2,0.0,0.507,6.086,61.5,3.6519,8.0,307.0,17.4,376.75,P
237.0,Newton,40.0,3747.0,-71.1485,42.211,25.1,25.1,0.52058,0.0,6.2,1.0,0.507,6.631,76.5,4.148,8.0,307.0,17.4,388.45,P
238.0,Newton,40.0,3748.0,-71.1491,42.203,31.5,31.5,0.51183,0.0,6.2,0.0,0.507,7.358,71.6,4.148,8.0,307.0,17.4,390.07,P
239.0,Natick,41.0,3821.0,-71.2055,42.1875,23.7,23.7,0.08244,30.0,4.93,0.0,0.428,6.481,18.5,6.1899,6.0,300.0,16.6,379.41,P
240.0,Natick,41.0,3822.0,-71.2035,42.187,23.3,23.3,0.09252,30.0,4.93,0.0,0.428,6.606,42.2,6.1899,6.0,300.0,16.6,383.78,P
241.0,Natick,41.0,3823.0,-71.1966,42.164,22.0,27.0,0.11329,30.0,4.93,0.0,0.428,6.897,54.3,6.3361,6.0,300.0,16.6,391.25,P
242.0,Natick,41.0,3824.0,-71.2138,42.1645,20.1,20.1,0.10612,30.0,4.93,0.0,0.428,6.095,65.1,6.3361,6.0,300.0,16.6,394.62,P
243.0,Natick,41.0,3825.0,-71.22,42.1782,22.2,22.2,0.1029,30.0,4.93,0.0,0.428,6.358,52.9,7.0355,6.0,300.0,16.6,372.75,P
244.0,Natick,41.0,3826.0,-71.232,42.1725,23.7,23.7,0.12757,30.0,4.93,0.0,0.428,6.393,7.8,7.0355,6.0,300.0,16.6,374.71,P
245.0,Framingham,42.0,3831.0,-71.2435,42.163,17.6,17.6,0.20608,22.0,5.86,0.0,0.431,5.593,76.5,7.9549,7.0,330.0,19.1,372.49,P
246.0,Framingham,42.0,3832.0,-71.2575,42.1618,18.5,18.5,0.19133,22.0,5.86,0.0,0.431,5.605,70.2,7.9549,7.0,330.0,19.1,389.13,N
247.0,Framingham,42.0,3833.0,-71.262,42.169,24.3,24.3,0.33983,22.0,5.86,0.0,0.431,6.108,34.9,8.0555,7.0,330.0,19.1,390.18,P
248.0,Framingham,42.0,3834.0,-71.247,42.1703,20.5,20.5,0.19657,22.0,5.86,0.0,0.431,6.226,79.2,8.0555,7.0,330.0,19.1,376.14,P
249.0,Framingham,42.0,3835.0,-71.255,42.1767,24.5,24.5,0.16439,22.0,5.86,0.0,0.431,6.433,49.1,7.8265,7.0,330.0,19.1,374.71,P
250.0,Framingham,42.0,3836.0,-71.2475,42.1825,26.2,26.2,0.19073,22.0,5.86,0.0,0.431,6.718,17.5,7.8265,7.0,330.0,19.1,393.74,P
251.0,Framingham,42.0,3837.0,-71.238,42.191,24.4,24.4,0.1403,22.0,5.86,0.0,0.431,6.487,13.0,7.3967,7.0,330.0,19.1,396.28,P
252.0,Framingham,42.0,3838.0,-71.2435,42.1982,24.8,24.8,0.21409,22.0,5.86,0.0,0.431,6.438,8.9,7.3967,7.0,330.0,19.1,377.07,P
253.0,Framingham,42.0,3839.0,-71.2685,42.1935,29.6,29.6,0.08221,22.0,5.86,0.0,0.431,6.957,6.8,8.9067,7.0,330.0,19.1,386.09,P
254.0,Framingham,42.0,3840.0,-71.2807,42.1727,42.8,42.8,0.36894,22.0,5.86,0.0,0.431,8.259,8.4,8.9067,7.0,330.0,19.1,396.9,P
255.0,Ashland,43.0,3851.0,-71.2895,42.1575,21.9,21.9,0.04819,80.0,3.64,0.0,0.392,6.108,32.0,9.2203,1.0,315.0,16.4,392.89,P
256.0,Ashland,43.0,3852.0,-71.269,42.1482,20.9,20.9,0.03548,80.0,3.64,0.0,0.392,5.876,19.1,9.2203,1.0,315.0,16.4,395.18,P
257.0,Sherborn,44.0,3861.0,-71.223,42.145,44.0,44.0,0.01538,90.0,3.75,0.0,0.394,7.454,34.2,6.3361,3.0,244.0,15.9,386.34,P
258.0,Brookline,45.0,4001.0,-71.0679,42.2073,50.0,50.0,0.61154,20.0,3.97,0.0,0.647,8.704,86.9,1.801,5.0,264.0,13.0,389.7,P
259.0,Brookline,45.0,4002.0,-71.0727,42.2077,36.0,36.0,0.66351,20.0,3.97,0.0,0.647,7.333,100.0,1.8946,5.0,264.0,13.0,383.29,P
260.0,Brookline,45.0,4003.0,-71.0765,42.2075,30.1,30.1,0.65665,20.0,3.97,0.0,0.647,6.842,100.0,2.0107,5.0,264.0,13.0,391.93,P
261.0,Brookline,45.0,4004.0,-71.08,42.204,33.8,33.8,0.54011,20.0,3.97,0.0,0.647,7.203,81.8,2.1121,5.0,264.0,13.0,392.8,P
262.0,Brookline,45.0,4005.0,-71.079,42.202,43.1,43.1,0.53412,20.0,3.97,0.0,0.647,7.52,89.4,2.1398,5.0,264.0,13.0,388.37,P
263.0,Brookline,45.0,4006.0,-71.0835,42.2,48.8,48.8,0.52014,20.0,3.97,0.0,0.647,8.398,91.5,2.2885,5.0,264.0,13.0,386.86,P
264.0,Brookline,45.0,4007.0,-71.075,42.198,31.0,31.0,0.82526,20.0,3.97,0.0,0.647,7.327,94.5,2.0788,5.0,264.0,13.0,393.42,P
265.0,Brookline,45.0,4008.0,-71.071,42.203,36.5,36.5,0.55007,20.0,3.97,0.0,0.647,7.206,91.6,1.9301,5.0,264.0,13.0,387.89,P
266.0,Brookline,45.0,4009.0,-71.07,42.2,22.8,22.8,0.76162,20.0,3.97,0.0,0.647,5.56,62.8,1.9865,5.0,264.0,13.0,392.4,P
267.0,Brookline,45.0,4010.0,-71.0725,42.1965,30.7,30.7,0.7857,20.0,3.97,0.0,0.647,7.014,84.6,2.1329,5.0,264.0,13.0,384.07,N
268.0,Brookline,45.0,4011.0,-71.085,42.1925,50.0,50.0,0.57834,20.0,3.97,0.0,0.575,8.297,67.0,2.4216,5.0,264.0,13.0,384.54,P
269.0,Brookline,45.0,4012.0,-71.0925,42.2075,43.5,43.5,0.5405,20.0,3.97,0.0,0.575,7.47,52.6,2.872,5.0,264.0,13.0,390.3,P
270.0,Dedham,46.0,4021.0,-71.098,42.154,20.7,20.7,0.09065,20.0,6.96,1.0,0.464,5.92,61.5,3.9175,3.0,223.0,18.6,391.34,N
271.0,Dedham,46.0,4022.0,-71.087,42.141,21.1,21.1,0.29916,20.0,6.96,0.0,0.464,5.856,42.1,4.429,3.0,223.0,18.6,388.65,N
272.0,Dedham,46.0,4023.0,-71.094,42.1355,25.2,25.2,0.16211,20.0,6.96,0.0,0.464,6.24,16.3,4.429,3.0,223.0,18.6,396.9,P
273.0,Dedham,46.0,4024.0,-71.0982,42.1445,24.4,24.4,0.1146,20.0,6.96,0.0,0.464,6.538,58.7,3.9175,3.0,223.0,18.6,394.96,P
274.0,Dedham,46.0,4025.0,-71.117,42.151,35.2,35.2,0.22188,20.0,6.96,1.0,0.464,7.691,51.8,4.3665,3.0,223.0,18.6,390.77,P
275.0,Needham,47.0,4031.0,-71.1305,42.1675,32.4,32.4,0.05644,40.0,6.41,1.0,0.447,6.758,32.9,4.0776,4.0,254.0,17.6,396.9,P
276.0,Needham,47.0,4032.0,-71.138,42.1733,32.0,32.0,0.09604,40.0,6.41,0.0,0.447,6.854,42.8,4.2673,4.0,254.0,17.6,396.9,P
277.0,Needham,47.0,4033.0,-71.1405,42.1632,33.2,33.2,0.10469,40.0,6.41,1.0,0.447,7.267,49.0,4.7872,4.0,254.0,17.6,389.25,P
278.0,Needham,47.0,4034.0,-71.1495,42.173,33.1,33.1,0.06127,40.0,6.41,1.0,0.447,6.826,27.6,4.8628,4.0,254.0,17.6,393.45,P
279.0,Needham,47.0,4035.0,-71.1395,42.1813,29.1,29.1,0.07978,40.0,6.41,0.0,0.447,6.482,32.1,4.1403,4.0,254.0,17.6,396.9,P
280.0,Wellesley,48.0,4041.0,-71.148,42.188,35.1,35.1,0.21038,20.0,3.33,0.0,0.4429,6.812,32.2,4.1007,5.0,216.0,14.9,396.9,P
281.0,Wellesley,48.0,4042.0,-71.166,42.187,45.4,45.4,0.03578,20.0,3.33,0.0,0.4429,7.82,64.5,4.6947,5.0,216.0,14.9,387.31,P
282.0,Wellesley,48.0,4043.0,-71.185,42.1848,35.4,35.4,0.03705,20.0,3.33,0.0,0.4429,6.968,37.2,5.2447,5.0,216.0,14.9,392.23,P
283.0,Wellesley,48.0,4044.0,-71.1775,42.1735,46.0,46.0,0.06129,20.0,3.33,1.0,0.4429,7.645,49.7,5.2119,5.0,216.0,14.9,377.07,P
284.0,Dover,49.0,4051.0,-71.173,42.1475,50.0,50.0,0.01501,90.0,1.21,1.0,0.401,7.923,24.8,5.885,1.0,198.0,13.6,395.52,P
285.0,Medfield,50.0,4061.0,-71.18,42.1105,32.2,32.2,0.00906,90.0,2.97,0.0,0.4,7.088,20.8,7.3073,1.0,285.0,15.3,394.72,P
286.0,Millis,51.0,4071.0,-71.2135,42.1,22.0,22.0,0.01096,55.0,2.25,0.0,0.389,6.453,31.9,7.3073,1.0,300.0,15.3,394.72,P
287.0,Norfolk,52.0,4091.0,-71.195,42.0675,20.1,20.1,0.01965,80.0,1.76,0.0,0.385,6.23,31.5,9.0892,1.0,241.0,18.2,341.6,N
288.0,Walpole,53.0,4111.0,-71.148,42.0775,23.2,23.2,0.03871,52.5,5.32,0.0,0.405,6.209,31.3,7.3172,6.0,293.0,16.6,396.9,P
289.0,Walpole,53.0,4112.0,-71.1325,42.094,22.3,22.3,0.0459,52.5,5.32,0.0,0.405,6.315,45.6,7.3172,6.0,293.0,16.6,396.9,P
290.0,Walpole,53.0,4113.0,-71.155,42.098,24.8,24.8,0.04297,52.5,5.32,0.0,0.405,6.565,22.9,7.3172,6.0,293.0,16.6,371.72,P
291.0,Westwood,54.0,4121.0,-71.1385,42.1235,28.5,28.5,0.03502,80.0,4.95,0.0,0.411,6.861,27.9,5.1167,4.0,245.0,19.2,396.9,P
292.0,Westwood,54.0,4122.0,-71.133,42.1408,37.3,37.3,0.07886,80.0,4.95,0.0,0.411,7.148,27.7,5.1167,4.0,245.0,19.2,396.9,P
293.0,Westwood,54.0,4123.0,-71.107,42.1307,27.9,27.9,0.03615,80.0,4.95,0.0,0.411,6.63,23.4,5.1167,4.0,245.0,19.2,396.9,P
294.0,Norwood,55.0,4131.0,-71.109,42.11,23.9,23.9,0.08265,0.0,13.92,0.0,0.437,6.127,18.4,5.5027,4.0,289.0,16.0,396.9,P
295.0,Norwood,55.0,4132.0,-71.118,42.1217,21.7,21.7,0.08199,0.0,13.92,0.0,0.437,6.009,42.3,5.5027,4.0,289.0,16.0,396.9,P
296.0,Norwood,55.0,4133.0,-71.1309,42.1166,28.6,28.6,0.12932,0.0,13.92,0.0,0.437,6.678,31.1,5.9604,4.0,289.0,16.0,396.9,P
297.0,Norwood,55.0,4134.0,-71.128,42.1108,27.1,27.1,0.05372,0.0,13.92,0.0,0.437,6.549,51.0,5.9604,4.0,289.0,16.0,392.85,P
298.0,Norwood,55.0,4135.0,-71.121,42.1025,20.3,20.3,0.14103,0.0,13.92,0.0,0.437,5.79,58.0,6.32,4.0,289.0,16.0,396.9,N
299.0,Sharon,56.0,4141.0,-71.12,42.0725,22.5,22.5,0.06466,70.0,2.24,0.0,0.4,6.345,20.1,7.8278,5.0,358.0,14.8,368.24,P
300.0,Sharon,56.0,4142.0,-71.1,42.059,29.0,29.0,0.05561,70.0,2.24,0.0,0.4,7.041,10.0,7.8278,5.0,358.0,14.8,371.58,P
301.0,Sharon,56.0,4143.0,-71.1035,42.0735,24.8,24.8,0.04417,70.0,2.24,0.0,0.4,6.871,47.4,7.8278,5.0,358.0,14.8,390.86,P
302.0,Canton,57.0,4151.0,-71.0875,42.095,22.0,22.0,0.03537,34.0,6.09,0.0,0.433,6.59,40.4,5.4917,7.0,329.0,16.1,395.75,P
303.0,Canton,57.0,4152.0,-71.0625,42.102,26.4,26.4,0.09266,34.0,6.09,0.0,0.433,6.495,18.4,5.4917,7.0,329.0,16.1,383.61,P
304.0,Canton,57.0,4153.0,-71.0865,42.12,33.1,33.1,0.1,34.0,6.09,0.0,0.433,6.982,17.7,5.4917,7.0,329.0,16.1,390.43,P
305.0,Milton,58.0,4161.0,-71.0465,42.145,36.1,36.1,0.05515,33.0,2.18,0.0,0.472,7.236,41.1,4.022,7.0,222.0,18.4,393.68,P
306.0,Milton,58.0,4162.0,-71.057,42.1525,28.4,28.4,0.05479,33.0,2.18,0.0,0.472,6.616,58.1,3.37,7.0,222.0,18.4,393.36,P
307.0,Milton,58.0,4163.0,-71.045,42.159,33.4,33.4,0.07503,33.0,2.18,0.0,0.472,7.42,71.9,3.0992,7.0,222.0,18.4,396.9,P
308.0,Milton,58.0,4164.0,-71.028,42.1565,28.2,28.2,0.04932,33.0,2.18,0.0,0.472,6.849,70.3,3.1827,7.0,222.0,18.4,396.9,P
309.0,Quincy,59.0,4171.0,-71.0138,42.1555,22.8,22.8,0.49298,0.0,9.9,0.0,0.544,6.635,82.5,3.3175,4.0,304.0,18.4,396.9,P
310.0,Quincy,59.0,4172.0,-71.0201,42.16,20.3,20.3,0.3494,0.0,9.9,0.0,0.544,5.972,76.7,3.1025,4.0,304.0,18.4,396.24,P
311.0,Quincy,59.0,4173.0,-71.016,42.176,16.1,16.1,2.63548,0.0,9.9,0.0,0.544,4.973,37.8,2.5194,4.0,304.0,18.4,350.45,P
312.0,Quincy,59.0,4174.0,-71.0075,42.178,22.1,22.1,0.79041,0.0,9.9,0.0,0.544,6.122,52.8,2.6403,4.0,304.0,18.4,396.9,P
313.0,Quincy,59.0,4175.0,-71.015,42.167,19.4,19.4,0.26169,0.0,9.9,0.0,0.544,6.023,90.4,2.834,4.0,304.0,18.4,396.3,P
314.0,Quincy,59.0,4176.0,-71.0075,42.1613,21.6,21.6,0.26938,0.0,9.9,0.0,0.544,6.266,82.8,3.2628,4.0,304.0,18.4,393.39,P
315.0,Quincy,59.0,4177.0,-71.0,42.153,23.8,23.8,0.3692,0.0,9.9,0.0,0.544,6.567,87.3,3.6023,4.0,304.0,18.4,395.69,P
316.0,Quincy,59.0,4178.0,-70.9795,42.158,16.2,16.2,0.25356,0.0,9.9,0.0,0.544,5.705,77.7,3.945,4.0,304.0,18.4,396.42,P
317.0,Quincy,59.0,4179.0,-70.988,42.1485,17.8,17.8,0.31827,0.0,9.9,0.0,0.544,5.914,83.2,3.9986,4.0,304.0,18.4,390.7,N
318.0,Quincy,59.0,4180.0,-71.004,42.1425,19.8,19.8,0.24522,0.0,9.9,0.0,0.544,5.782,71.7,4.0317,4.0,304.0,18.4,396.9,N
319.0,Quincy,59.0,4181.0,-71.01,42.15,23.1,23.1,0.40202,0.0,9.9,0.0,0.544,6.382,67.2,3.5325,4.0,304.0,18.4,395.21,P
320.0,Quincy,59.0,4182.0,-71.02,42.151,21.0,21.0,0.47547,0.0,9.9,0.0,0.544,6.113,58.8,4.0019,4.0,304.0,18.4,396.23,N
321.0,Braintree,60.0,4191.0,-71.0085,42.129,23.8,23.8,0.1676,0.0,7.38,0.0,0.493,6.426,52.3,4.5404,5.0,287.0,19.6,396.9,P
322.0,Braintree,60.0,4192.0,-70.9975,42.134,23.1,23.1,0.18159,0.0,7.38,0.0,0.493,6.376,54.3,4.5404,5.0,287.0,19.6,396.9,P
323.0,Braintree,60.0,4193.0,-70.99,42.1367,20.4,20.4,0.35114,0.0,7.38,0.0,0.493,6.041,49.9,4.7211,5.0,287.0,19.6,396.9,P
324.0,Braintree,60.0,4194.0,-70.9834,42.1375,18.5,18.5,0.28392,0.0,7.38,0.0,0.493,5.708,74.3,4.7211,5.0,287.0,19.6,391.13,P
325.0,Braintree,60.0,4195.0,-70.9895,42.1265,25.0,25.0,0.34109,0.0,7.38,0.0,0.493,6.415,40.1,4.7211,5.0,287.0,19.6,396.9,P
326.0,Braintree,60.0,4196.0,-71.0,42.1066,24.6,24.6,0.19186,0.0,7.38,0.0,0.493,6.431,14.7,5.4159,5.0,287.0,19.6,393.68,P
327.0,Braintree,60.0,4197.0,-70.9995,42.1175,23.0,23.0,0.30347,0.0,7.38,0.0,0.493,6.312,28.9,5.4159,5.0,287.0,19.6,396.9,P
328.0,Braintree,60.0,4198.0,-71.01,42.1215,22.2,22.2,0.24103,0.0,7.38,0.0,0.493,6.083,43.7,5.4159,5.0,287.0,19.6,396.9,N
329.0,Randolph,61.0,4201.0,-71.0275,42.113,19.3,19.3,0.06617,0.0,3.24,0.0,0.46,5.868,25.8,5.2146,4.0,430.0,16.9,382.44,P
330.0,Randolph,61.0,4202.0,-71.0415,42.115,22.6,22.6,0.06724,0.0,3.24,0.0,0.46,6.333,17.2,5.2146,4.0,430.0,16.9,375.21,P
331.0,Randolph,61.0,4203.0,-71.025,42.098,19.8,19.8,0.04544,0.0,3.24,0.0,0.46,6.144,32.2,5.8736,4.0,430.0,16.9,368.57,P
332.0,Holbrook,62.0,4211.0,-71.0115,42.0865,17.1,17.1,0.05023,35.0,6.06,0.0,0.4379,5.706,28.4,6.6407,1.0,304.0,16.9,394.02,P
333.0,Holbrook,62.0,4212.0,-70.996,42.0895,19.4,19.4,0.03466,35.0,6.06,0.0,0.4379,6.031,23.3,6.6407,1.0,304.0,16.9,362.25,P
334.0,Weymouth,63.0,4221.0,-70.9795,42.0995,22.2,22.2,0.05083,0.0,5.19,0.0,0.515,6.316,38.1,6.4584,5.0,224.0,20.2,389.71,P
335.0,Weymouth,63.0,4222.0,-70.965,42.101,20.7,20.7,0.03738,0.0,5.19,0.0,0.515,6.31,38.5,6.4584,5.0,224.0,20.2,389.4,P
336.0,Weymouth,63.0,4223.0,-70.97,42.115,21.1,21.1,0.03961,0.0,5.19,0.0,0.515,6.037,34.5,5.9853,5.0,224.0,20.2,396.9,P
337.0,Weymouth,63.0,4224.0,-70.976,42.128,19.5,19.5,0.03427,0.0,5.19,0.0,0.515,5.869,46.3,5.2311,5.0,224.0,20.2,396.9,P
338.0,Weymouth,63.0,4225.0,-70.9602,42.127,18.5,18.5,0.03041,0.0,5.19,0.0,0.515,5.895,59.6,5.615,5.0,224.0,20.2,394.81,P
339.0,Weymouth,63.0,4226.0,-70.9633,42.1374,20.6,20.6,0.03306,0.0,5.19,0.0,0.515,6.059,37.3,4.8122,5.0,224.0,20.2,396.14,P
340.0,Weymouth,63.0,4227.0,-70.9675,42.144,19.0,19.0,0.05497,0.0,5.19,0.0,0.515,5.985,45.4,4.8122,5.0,224.0,20.2,396.9,P
341.0,Weymouth,63.0,4228.0,-70.965,42.1503,18.7,18.7,0.06151,0.0,5.19,0.0,0.515,5.968,58.5,4.8122,5.0,224.0,20.2,396.9,P
342.0,Cohasset,64.0,4231.0,-70.8875,42.1465,32.7,32.7,0.01301,35.0,1.52,0.0,0.442,7.241,49.3,7.0379,1.0,284.0,15.5,394.74,P
343.0,Hull,65.0,5001.0,-70.915,42.16,16.5,16.5,0.02498,0.0,1.89,0.0,0.518,6.54,59.7,6.2669,1.0,422.0,15.9,389.96,P
344.0,Hingham,66.0,5011.0,-70.937,42.1475,23.9,23.9,0.02543,55.0,3.78,0.0,0.484,6.696,56.4,5.7321,5.0,370.0,17.6,396.9,P
345.0,Hingham,66.0,5012.0,-70.9325,42.123,31.2,31.2,0.03049,55.0,3.78,0.0,0.484,6.874,28.1,6.4654,5.0,370.0,17.6,387.97,P
346.0,Rockland,67.0,5021.0,-70.947,42.0725,17.5,17.5,0.03113,0.0,4.39,0.0,0.442,6.014,48.5,8.0136,3.0,352.0,18.8,385.64,P
347.0,Rockland,67.0,5022.0,-70.9501,42.0825,17.2,17.2,0.06162,0.0,4.39,0.0,0.442,5.898,52.3,8.0136,3.0,352.0,18.8,364.61,N
348.0,Hanover,68.0,5031.0,-70.9275,42.0795,23.1,23.1,0.0187,85.0,4.15,0.0,0.429,6.516,27.7,8.5353,4.0,351.0,17.9,392.43,P
349.0,Norwell,69.0,5041.0,-70.92,42.1016,24.5,24.5,0.01501,80.0,2.01,0.0,0.435,6.635,29.7,8.344,4.0,280.0,17.0,390.94,P
350.0,Scituate,70.0,5051.0,-70.855,42.13,26.6,26.6,0.02899,40.0,1.25,0.0,0.429,6.939,34.5,8.7921,1.0,335.0,19.7,389.85,P
351.0,Scituate,70.0,5052.0,-70.833,42.115,22.9,22.9,0.06211,40.0,1.25,0.0,0.429,6.49,44.4,8.7921,1.0,335.0,19.7,396.9,P
352.0,Marshfield,71.0,5061.0,-70.83,42.0775,24.1,24.1,0.0795,60.0,1.69,0.0,0.411,6.579,35.9,10.7103,4.0,411.0,18.3,370.78,P
353.0,Marshfield,71.0,5062.0,-70.81,42.059,18.6,18.6,0.07244,60.0,1.69,0.0,0.411,5.884,18.5,10.7103,4.0,411.0,18.3,392.33,P
354.0,Duxbury,72.0,5071.0,-70.83,42.0485,30.1,30.1,0.01709,90.0,2.02,0.0,0.41,6.728,36.1,12.1265,5.0,187.0,17.0,384.46,P
355.0,Pembroke,73.0,5081.0,-70.853,42.052,18.2,18.2,0.04301,80.0,1.91,0.0,0.413,5.663,21.9,10.5857,4.0,334.0,22.0,382.8,P
356.0,Pembroke,73.0,5082.0,-70.8525,42.03,20.6,20.6,0.10659,80.0,1.91,0.0,0.413,5.936,19.5,10.5857,4.0,334.0,22.0,376.04,P
357.0,Boston_Allston-Brighton,74.0,1.0,-71.083,42.2172,17.8,17.8,8.98296,0.0,18.1,1.0,0.77,6.212,97.4,2.1222,24.0,666.0,20.2,377.73,N
358.0,Boston_Allston-Brighton,74.0,2.0,-71.095,42.212,21.7,21.7,3.8497,0.0,18.1,1.0,0.77,6.395,91.0,2.5052,24.0,666.0,20.2,391.34,N
359.0,Boston_Allston-Brighton,74.0,3.0,-71.1007,42.21,22.7,22.7,5.20177,0.0,18.1,1.0,0.77,6.127,83.4,2.7227,24.0,666.0,20.2,395.43,P
360.0,Boston_Allston-Brighton,74.0,4.0,-71.093,42.207,22.6,22.6,4.26131,0.0,18.1,0.0,0.77,6.112,81.3,2.5091,24.0,666.0,20.2,390.74,N
361.0,Boston_Allston-Brighton,74.0,5.0,-71.0905,42.2033,25.0,25.0,4.54192,0.0,18.1,0.0,0.77,6.398,88.0,2.5182,24.0,666.0,20.2,374.56,P
362.0,Boston_Allston-Brighton,74.0,6.0,-71.0865,42.21,19.9,19.9,3.83684,0.0,18.1,0.0,0.77,6.251,91.1,2.2955,24.0,666.0,20.2,350.65,N
363.0,Boston_Allston-Brighton,74.0,7.0,-71.081,42.208,20.8,20.8,3.67822,0.0,18.1,0.0,0.77,5.362,96.2,2.1036,24.0,666.0,20.2,380.79,P
364.0,Boston_Allston-Brighton,74.0,8.0,-71.0865,42.215,16.8,16.8,4.22239,0.0,18.1,1.0,0.77,5.803,89.0,1.9047,24.0,666.0,20.2,353.04,N
365.0,Boston_Back_Bay,75.0,101.0,-71.059,42.2098,21.9,21.9,3.47428,0.0,18.1,1.0,0.718,8.78,82.9,1.9047,24.0,666.0,20.2,354.55,P
366.0,Boston_Back_Bay,75.0,102.0,-71.0595,42.2075,27.5,27.5,4.55587,0.0,18.1,0.0,0.718,3.561,87.9,1.6132,24.0,666.0,20.2,354.7,P
367.0,Boston_Back_Bay,75.0,104.0,-71.054,42.2052,21.9,21.9,3.69695,0.0,18.1,0.0,0.718,4.963,91.4,1.7523,24.0,666.0,20.2,316.03,N
368.0,Boston_Back_Bay,75.0,105.0,-71.0508,42.207,23.1,23.1,13.5222,0.0,18.1,0.0,0.631,3.863,100.0,1.5106,24.0,666.0,20.2,131.42,N
369.0,Boston_Back_Bay,75.0,107.0,-71.048,42.2105,50.0,50.0,4.89822,0.0,18.1,0.0,0.631,4.97,100.0,1.3325,24.0,666.0,20.2,375.52,P
370.0,Boston_Back_Bay,75.0,108.0,-71.0497,42.2125,50.0,50.0,5.66998,0.0,18.1,1.0,0.631,6.683,96.8,1.3567,24.0,666.0,20.2,375.33,P
371.0,Boston_Beacon_Hill,76.0,201.0,-71.0422,42.2144,50.0,50.0,6.53876,0.0,18.1,1.0,0.631,7.016,97.5,1.2024,24.0,666.0,20.2,392.05,P
372.0,Boston_Beacon_Hill,76.0,202.0,-71.0417,42.216,50.0,50.0,9.2323,0.0,18.1,0.0,0.631,6.216,100.0,1.1691,24.0,666.0,20.2,366.15,P
373.0,Boston_Beacon_Hill,76.0,203.0,-71.0397,42.2182,50.0,50.0,8.26725,0.0,18.1,1.0,0.668,5.875,89.6,1.1296,24.0,666.0,20.2,347.88,P
374.0,Boston_North_End,77.0,301.0,-71.0339,42.2207,13.8,13.8,11.1081,0.0,18.1,0.0,0.668,4.906,100.0,1.1742,24.0,666.0,20.2,396.9,N
375.0,Boston_North_End,77.0,302.0,-71.0346,42.2187,13.8,13.8,18.4982,0.0,18.1,0.0,0.668,4.138,100.0,1.137,24.0,666.0,20.2,396.9,N
376.0,Boston_Charlestown,78.0,401.0,-71.0367,42.224,15.0,15.0,19.6091,0.0,18.1,0.0,0.671,7.313,97.9,1.3163,24.0,666.0,20.2,396.9,N
377.0,Boston_Charlestown,78.0,402.0,-71.034,42.226,13.9,13.9,15.288,0.0,18.1,0.0,0.671,6.649,93.3,1.3449,24.0,666.0,20.2,363.02,N
378.0,Boston_Charlestown,78.0,403.0,-71.038,42.2265,13.3,13.3,9.82349,0.0,18.1,0.0,0.671,6.794,98.8,1.358,24.0,666.0,20.2,396.9,N
379.0,Boston_Charlestown,78.0,404.0,-71.04,42.2248,13.1,13.1,23.6482,0.0,18.1,0.0,0.671,6.38,96.2,1.3861,24.0,666.0,20.2,396.9,N
380.0,Boston_Charlestown,78.0,405.0,-71.04,42.2275,10.2,10.2,17.8667,0.0,18.1,0.0,0.671,6.223,100.0,1.3861,24.0,666.0,20.2,393.74,N
381.0,Boston_Charlestown,78.0,406.0,-71.046,42.23,10.4,10.4,88.9762,0.0,18.1,0.0,0.671,6.968,91.9,1.4165,24.0,666.0,20.2,396.9,N
382.0,Boston_East_Boston,79.0,407.0,-71.041,42.229,10.9,10.9,15.8744,0.0,18.1,0.0,0.671,6.545,99.1,1.5192,24.0,666.0,20.2,396.9,N
383.0,Boston_East_Boston,79.0,501.0,-71.023,42.2287,11.3,11.3,9.18702,0.0,18.1,0.0,0.7,5.536,100.0,1.5804,24.0,666.0,20.2,396.9,N
384.0,Boston_East_Boston,79.0,502.0,-71.0215,42.227,12.3,12.3,7.99248,0.0,18.1,0.0,0.7,5.52,100.0,1.5331,24.0,666.0,20.2,396.9,N
385.0,Boston_East_Boston,79.0,503.0,-71.0245,42.2235,8.8,8.8,20.0849,0.0,18.1,0.0,0.7,4.368,91.2,1.4395,24.0,666.0,20.2,285.83,N
386.0,Boston_East_Boston,79.0,504.0,-71.0235,42.2213,7.2,7.2,16.8118,0.0,18.1,0.0,0.7,5.277,98.1,1.4261,24.0,666.0,20.2,396.9,N
387.0,Boston_East_Boston,79.0,506.0,-71.0228,42.2231,10.5,10.5,24.3938,0.0,18.1,0.0,0.7,4.652,100.0,1.4672,24.0,666.0,20.2,396.9,N
388.0,Boston_East_Boston,79.0,507.0,-71.0215,42.2248,7.4,7.4,22.5971,0.0,18.1,0.0,0.7,5.0,89.5,1.5184,24.0,666.0,20.2,396.9,N
389.0,Boston_East_Boston,79.0,508.0,-71.0195,42.2255,10.2,10.2,14.3337,0.0,18.1,0.0,0.7,4.88,100.0,1.5895,24.0,666.0,20.2,372.92,N
390.0,Boston_East_Boston,79.0,509.0,-71.0168,42.2281,11.5,11.5,8.15174,0.0,18.1,0.0,0.7,5.39,98.9,1.7281,24.0,666.0,20.2,396.9,N
391.0,Boston_East_Boston,79.0,510.0,-71.0109,42.23,15.1,15.1,6.96215,0.0,18.1,0.0,0.7,5.713,97.0,1.9265,24.0,666.0,20.2,394.43,N
392.0,Boston_East_Boston,79.0,511.0,-71.0035,42.233,23.2,23.2,5.29305,0.0,18.1,0.0,0.7,6.051,82.5,2.1678,24.0,666.0,20.2,378.38,N
393.0,Boston_East_Boston,79.0,512.0,-71.02,42.2205,9.7,9.7,11.5779,0.0,18.1,0.0,0.7,5.036,97.0,1.77,24.0,666.0,20.2,396.9,N
394.0,Boston_South_Boston,80.0,601.0,-71.0167,42.201,13.8,13.8,8.64476,0.0,18.1,0.0,0.693,6.193,92.6,1.7912,24.0,666.0,20.2,396.9,N
395.0,Boston_South_Boston,80.0,602.0,-71.02,42.1993,12.7,12.7,13.3598,0.0,18.1,0.0,0.693,5.887,94.7,1.7821,24.0,666.0,20.2,396.9,N
396.0,Boston_South_Boston,80.0,603.0,-71.022,42.1996,13.1,13.1,8.71675,0.0,18.1,0.0,0.693,6.471,98.8,1.7257,24.0,666.0,20.2,391.98,N
397.0,Boston_South_Boston,80.0,604.0,-71.026,42.1993,12.5,12.5,5.87205,0.0,18.1,0.0,0.693,6.405,96.0,1.6768,24.0,666.0,20.2,396.9,N
398.0,Boston_South_Boston,80.0,605.0,-71.025,42.2024,8.5,8.5,7.67202,0.0,18.1,0.0,0.693,5.747,98.9,1.6334,24.0,666.0,20.2,393.1,N
399.0,Boston_South_Boston,80.0,606.0,-71.023,42.209,5.0,5.0,38.3518,0.0,18.1,0.0,0.693,5.453,100.0,1.4896,24.0,666.0,20.2,396.9,N
400.0,Boston_South_Boston,80.0,607.0,-71.033,42.2032,6.3,6.3,9.91655,0.0,18.1,0.0,0.693,5.852,77.8,1.5004,24.0,666.0,20.2,338.16,N
401.0,Boston_South_Boston,80.0,608.0,-71.0326,42.2011,5.6,5.6,25.0461,0.0,18.1,0.0,0.693,5.987,100.0,1.5888,24.0,666.0,20.2,396.9,N
402.0,Boston_South_Boston,80.0,609.0,-71.03,42.2015,7.2,7.2,14.2362,0.0,18.1,0.0,0.693,6.343,100.0,1.5741,24.0,666.0,20.2,396.9,N
403.0,Boston_South_Boston,80.0,610.0,-71.03,42.1988,12.1,12.1,9.59571,0.0,18.1,0.0,0.693,6.404,100.0,1.639,24.0,666.0,20.2,376.11,N
404.0,Boston_South_Boston,80.0,612.0,-71.0332,42.198,8.3,8.3,24.8017,0.0,18.1,0.0,0.693,5.349,96.0,1.7028,24.0,666.0,20.2,396.9,N
405.0,Boston_South_Boston,80.0,613.0,-71.0345,42.2001,8.5,8.5,41.5292,0.0,18.1,0.0,0.693,5.531,85.4,1.6074,24.0,666.0,20.2,329.46,N
406.0,Boston_South_Boston,80.0,614.0,-71.032,42.2057,5.0,5.0,67.9208,0.0,18.1,0.0,0.693,5.683,100.0,1.4254,24.0,666.0,20.2,384.97,N
407.0,Boston_Downtown,81.0,702.0,-71.039,42.2198,11.9,11.9,20.7162,0.0,18.1,0.0,0.659,4.138,100.0,1.1781,24.0,666.0,20.2,370.22,N
408.0,Boston_Downtown,81.0,703.0,-71.0427,42.209,27.9,27.9,11.9511,0.0,18.1,0.0,0.659,5.608,100.0,1.2852,24.0,666.0,20.2,332.09,P
409.0,Boston_Downtown,81.0,705.0,-71.0437,42.205,17.2,17.2,7.40389,0.0,18.1,0.0,0.597,5.617,97.9,1.4547,24.0,666.0,20.2,314.64,N
410.0,Boston_Downtown,81.0,706.0,-71.0455,42.206,27.5,27.5,14.4383,0.0,18.1,0.0,0.597,6.852,100.0,1.4655,24.0,666.0,20.2,179.36,N
411.0,Boston_Downtown,81.0,707.0,-71.0462,42.2075,15.0,15.0,51.1358,0.0,18.1,0.0,0.597,5.757,100.0,1.413,24.0,666.0,20.2,2.6,P
412.0,Boston_Downtown,81.0,708.0,-71.0487,42.2048,17.2,17.2,14.0507,0.0,18.1,0.0,0.597,6.657,100.0,1.5275,24.0,666.0,20.2,35.05,N
413.0,Boston_Downtown,81.0,709.0,-71.047,42.203,17.9,17.9,18.811,0.0,18.1,0.0,0.597,4.628,100.0,1.5539,24.0,666.0,20.2,28.79,N
414.0,Boston_Downtown,81.0,710.0,-71.0451,42.2015,16.3,16.3,28.6558,0.0,18.1,0.0,0.597,5.155,100.0,1.5894,24.0,666.0,20.2,210.97,N
415.0,Boston_Roxbury,82.0,801.0,-71.042,42.1985,7.0,7.0,45.7461,0.0,18.1,0.0,0.693,4.519,100.0,1.6582,24.0,666.0,20.2,88.27,N
416.0,Boston_Roxbury,82.0,802.0,-71.0455,42.1953,7.2,7.2,18.0846,0.0,18.1,0.0,0.679,6.434,100.0,1.8347,24.0,666.0,20.2,27.25,N
417.0,Boston_Roxbury,82.0,803.0,-71.0477,42.1965,7.5,7.5,10.8342,0.0,18.1,0.0,0.679,6.782,90.8,1.8195,24.0,666.0,20.2,21.57,N
418.0,Boston_Roxbury,82.0,805.0,-71.0498,42.2007,10.4,10.4,25.9406,0.0,18.1,0.0,0.679,5.304,89.1,1.6475,24.0,666.0,20.2,127.36,N
419.0,Boston_Roxbury,82.0,807.0,-71.0525,42.1989,8.8,8.8,73.5341,0.0,18.1,0.0,0.679,5.957,100.0,1.8026,24.0,666.0,20.2,16.45,N
420.0,Boston_Roxbury,82.0,808.0,-71.0586,42.1999,8.4,8.4,11.8123,0.0,18.1,0.0,0.718,6.824,76.5,1.794,24.0,666.0,20.2,48.45,N
421.0,Boston_Roxbury,82.0,809.0,-71.0618,42.199,16.7,16.7,11.0874,0.0,18.1,0.0,0.718,6.411,100.0,1.8589,24.0,666.0,20.2,318.75,N
422.0,Boston_Roxbury,82.0,810.0,-71.065,42.2018,14.2,14.2,7.02259,0.0,18.1,0.0,0.718,6.006,95.3,1.8746,24.0,666.0,20.2,319.98,N
423.0,Boston_Roxbury,82.0,811.0,-71.0665,42.197,20.8,20.8,12.0482,0.0,18.1,0.0,0.614,5.648,87.6,1.9512,24.0,666.0,20.2,291.55,N
424.0,Boston_Roxbury,82.0,812.0,-71.0619,42.1948,13.4,13.4,7.05042,0.0,18.1,0.0,0.614,6.103,85.1,2.0218,24.0,666.0,20.2,2.52,N
425.0,Boston_Roxbury,82.0,813.0,-71.059,42.192,11.7,11.7,8.79212,0.0,18.1,0.0,0.584,5.565,70.6,2.0635,24.0,666.0,20.2,3.65,N
426.0,Boston_Roxbury,82.0,814.0,-71.0577,42.1967,8.3,8.3,15.8603,0.0,18.1,0.0,0.679,5.896,95.4,1.9096,24.0,666.0,20.2,7.68,N
427.0,Boston_Roxbury,82.0,815.0,-71.0558,42.1937,10.2,10.2,12.2472,0.0,18.1,0.0,0.584,5.837,59.7,1.9976,24.0,666.0,20.2,24.65,N
428.0,Boston_Roxbury,82.0,816.0,-71.0542,42.1961,10.9,10.9,37.6619,0.0,18.1,0.0,0.679,6.202,78.7,1.8629,24.0,666.0,20.2,18.82,N
429.0,Boston_Roxbury,82.0,817.0,-71.0521,42.194,11.0,11.0,7.36711,0.0,18.1,0.0,0.679,6.193,78.1,1.9356,24.0,666.0,20.2,96.73,N
430.0,Boston_Roxbury,82.0,818.0,-71.0485,42.192,9.5,9.5,9.33889,0.0,18.1,0.0,0.679,6.38,95.6,1.9682,24.0,666.0,20.2,60.72,N
431.0,Boston_Roxbury,82.0,819.0,-71.0547,42.189,14.5,14.5,8.49213,0.0,18.1,0.0,0.584,6.348,86.1,2.0527,24.0,666.0,20.2,83.45,N
432.0,Boston_Roxbury,82.0,820.0,-71.0505,42.188,14.1,14.1,10.0623,0.0,18.1,0.0,0.584,6.833,94.3,2.0882,24.0,666.0,20.2,81.33,N
433.0,Boston_Roxbury,82.0,821.0,-71.052,42.1854,16.1,16.1,6.44405,0.0,18.1,0.0,0.584,6.425,74.8,2.2004,24.0,666.0,20.2,97.95,P
434.0,Boston_Savin_Hill,83.0,901.0,-71.0495,42.1815,14.3,14.3,5.58107,0.0,18.1,0.0,0.713,6.436,87.9,2.3158,24.0,666.0,20.2,100.19,N
435.0,Boston_Savin_Hill,83.0,902.0,-71.0475,42.1842,11.7,11.7,13.9134,0.0,18.1,0.0,0.713,6.208,95.0,2.2222,24.0,666.0,20.2,100.63,N
436.0,Boston_Savin_Hill,83.0,903.0,-71.046,42.1867,13.4,13.4,11.1604,0.0,18.1,0.0,0.74,6.629,94.6,2.1247,24.0,666.0,20.2,109.85,N
437.0,Boston_Savin_Hill,83.0,904.0,-71.0455,42.1893,9.6,9.6,14.4208,0.0,18.1,0.0,0.74,6.461,93.3,2.0026,24.0,666.0,20.2,27.49,N
438.0,Boston_Savin_Hill,83.0,905.0,-71.0445,42.1917,8.7,8.2,15.1772,0.0,18.1,0.0,0.74,6.152,100.0,1.9142,24.0,666.0,20.2,9.32,N
439.0,Boston_Savin_Hill,83.0,906.0,-71.0445,42.1938,8.4,8.4,13.6781,0.0,18.1,0.0,0.74,5.935,87.9,1.8206,24.0,666.0,20.2,68.95,N
440.0,Boston_Savin_Hill,83.0,907.0,-71.037,42.194,12.8,12.8,9.39063,0.0,18.1,0.0,0.74,5.627,93.9,1.8172,24.0,666.0,20.2,396.9,N
441.0,Boston_Savin_Hill,83.0,908.0,-71.0321,42.1925,10.5,10.5,22.0511,0.0,18.1,0.0,0.74,5.818,92.4,1.8662,24.0,666.0,20.2,391.45,N
442.0,Boston_Savin_Hill,83.0,910.0,-71.0345,42.185,17.1,17.1,9.72418,0.0,18.1,0.0,0.74,6.406,97.2,2.0651,24.0,666.0,20.2,385.96,N
443.0,Boston_Savin_Hill,83.0,911.0,-71.034,42.189,18.4,14.8,5.66637,0.0,18.1,0.0,0.74,6.219,100.0,2.0048,24.0,666.0,20.2,395.69,N
444.0,Boston_Savin_Hill,83.0,912.0,-71.0378,42.1892,15.4,15.4,9.96654,0.0,18.1,0.0,0.74,6.485,100.0,1.9784,24.0,666.0,20.2,386.73,N
445.0,Boston_Savin_Hill,83.0,913.0,-71.0405,42.192,10.8,10.8,12.8023,0.0,18.1,0.0,0.74,5.854,96.6,1.8956,24.0,666.0,20.2,240.52,N
446.0,Boston_Savin_Hill,83.0,914.0,-71.0425,42.189,11.8,11.8,10.6718,0.0,18.1,0.0,0.74,6.459,94.8,1.9879,24.0,666.0,20.2,43.06,N
447.0,Boston_Savin_Hill,83.0,915.0,-71.039,42.1868,14.9,14.9,6.28807,0.0,18.1,0.0,0.74,6.341,96.4,2.072,24.0,666.0,20.2,318.01,N
448.0,Boston_Savin_Hill,83.0,916.0,-71.037,42.184,12.6,12.6,9.92485,0.0,18.1,0.0,0.74,6.251,96.6,2.198,24.0,666.0,20.2,388.52,N
449.0,Boston_Savin_Hill,83.0,917.0,-71.04,42.182,14.1,14.1,9.32909,0.0,18.1,0.0,0.713,6.185,98.7,2.2616,24.0,666.0,20.2,396.9,N
450.0,Boston_Savin_Hill,83.0,918.0,-71.0428,42.1845,13.0,13.0,7.52601,0.0,18.1,0.0,0.713,6.417,98.3,2.185,24.0,666.0,20.2,304.21,N
451.0,Boston_Savin_Hill,83.0,919.0,-71.046,42.181,13.4,13.4,6.71772,0.0,18.1,0.0,0.713,6.749,92.6,2.3236,24.0,666.0,20.2,0.32,N
452.0,Boston_Savin_Hill,83.0,920.0,-71.041,42.1795,15.2,15.2,5.44114,0.0,18.1,0.0,0.713,6.655,98.2,2.3552,24.0,666.0,20.2,355.29,N
453.0,Boston_Savin_Hill,83.0,921.0,-71.034,42.179,16.1,16.1,5.09017,0.0,18.1,0.0,0.713,6.297,91.8,2.3682,24.0,666.0,20.2,385.09,N
454.0,Boston_Savin_Hill,83.0,922.0,-71.04,42.177,17.8,17.8,8.24809,0.0,18.1,0.0,0.713,7.393,99.3,2.4527,24.0,666.0,20.2,375.87,N
455.0,Boston_Savin_Hill,83.0,923.0,-71.0455,42.1768,14.9,14.4,9.51363,0.0,18.1,0.0,0.713,6.728,94.1,2.4961,24.0,666.0,20.2,6.68,N
456.0,Boston_Savin_Hill,83.0,924.0,-71.051,42.178,14.1,14.1,4.75237,0.0,18.1,0.0,0.713,6.525,86.5,2.4358,24.0,666.0,20.2,50.92,N
457.0,Boston_Dorchester,84.0,1001.0,-71.0517,42.1735,12.7,12.7,4.66883,0.0,18.1,0.0,0.713,5.976,87.9,2.5806,24.0,666.0,20.2,10.48,N
458.0,Boston_Dorchester,84.0,1002.0,-71.0515,42.17,13.5,13.5,8.20058,0.0,18.1,0.0,0.713,5.936,80.3,2.7792,24.0,666.0,20.2,3.5,N
459.0,Boston_Dorchester,84.0,1003.0,-71.0475,42.169,14.9,14.9,7.75223,0.0,18.1,0.0,0.713,6.301,83.7,2.7831,24.0,666.0,20.2,272.21,N
460.0,Boston_Dorchester,84.0,1004.0,-71.043,42.169,20.0,20.0,6.80117,0.0,18.1,0.0,0.713,6.081,84.4,2.7175,24.0,666.0,20.2,396.9,N
461.0,Boston_Dorchester,84.0,1005.0,-71.043,42.1728,16.4,16.4,4.81213,0.0,18.1,0.0,0.713,6.701,90.0,2.5975,24.0,666.0,20.2,255.23,N
462.0,Boston_Dorchester,84.0,1006.0,-71.035,42.1745,17.7,17.7,3.69311,0.0,18.1,0.0,0.713,6.376,88.4,2.5671,24.0,666.0,20.2,391.43,N
463.0,Boston_Dorchester,84.0,1007.0,-71.031,42.1695,19.5,19.5,6.65492,0.0,18.1,0.0,0.713,6.317,83.0,2.7344,24.0,666.0,20.2,396.9,N
464.0,Boston_Dorchester,84.0,1008.0,-71.0358,42.1675,20.2,20.2,5.82115,0.0,18.1,0.0,0.713,6.513,89.9,2.8016,24.0,666.0,20.2,393.82,P
465.0,Boston_Dorchester,84.0,1009.0,-71.045,42.164,21.4,21.4,7.83932,0.0,18.1,0.0,0.655,6.209,65.4,2.9634,24.0,666.0,20.2,396.9,N
466.0,Boston_Dorchester,84.0,1010.0,-71.055,42.165,19.9,19.9,3.1636,0.0,18.1,0.0,0.655,5.759,48.2,3.0665,24.0,666.0,20.2,334.4,N
467.0,Boston_Dorchester,84.0,1011.0,-71.055,42.1685,19.0,19.0,3.77498,0.0,18.1,0.0,0.655,5.952,84.7,2.8715,24.0,666.0,20.2,22.01,N
468.0,Boston_Mattapan,85.0,1101.0,-71.066,42.178,19.1,19.1,4.42228,0.0,18.1,0.0,0.584,6.003,94.5,2.5403,24.0,666.0,20.2,331.29,N
469.0,Boston_Mattapan,85.0,1102.0,-71.07,42.168,19.1,19.1,15.5757,0.0,18.1,0.0,0.58,5.926,71.0,2.9084,24.0,666.0,20.2,368.74,N
470.0,Boston_Mattapan,85.0,1103.0,-71.069,42.1725,20.1,20.1,13.0751,0.0,18.1,0.0,0.58,5.713,56.7,2.8237,24.0,666.0,20.2,396.9,N
471.0,Boston_Mattapan,85.0,1104.0,-71.074,42.168,19.9,19.9,4.34879,0.0,18.1,0.0,0.58,6.167,84.0,3.0334,24.0,666.0,20.2,396.9,N
472.0,Boston_Mattapan,85.0,1105.0,-71.0825,42.1698,19.6,19.6,4.03841,0.0,18.1,0.0,0.532,6.229,90.7,3.0993,24.0,666.0,20.2,395.33,N
473.0,Boston_Mattapan,85.0,1106.0,-71.0833,42.175,23.2,23.2,3.56868,0.0,18.1,0.0,0.58,6.437,75.0,2.8965,24.0,666.0,20.2,393.37,N
474.0,Boston_Forest_Hills,86.0,1201.0,-71.0732,42.184,29.8,29.8,4.64689,0.0,18.1,0.0,0.614,6.98,67.6,2.5329,24.0,666.0,20.2,374.68,P
475.0,Boston_Forest_Hills,86.0,1202.0,-71.055,42.183,13.8,13.8,8.05579,0.0,18.1,0.0,0.584,5.427,95.4,2.4298,24.0,666.0,20.2,352.58,N
476.0,Boston_Forest_Hills,86.0,1203.0,-71.0511,42.1879,13.3,13.3,6.39312,0.0,18.1,0.0,0.584,6.162,97.4,2.206,24.0,666.0,20.2,302.76,N
477.0,Boston_Forest_Hills,86.0,1204.0,-71.0565,42.188,16.7,16.7,4.87141,0.0,18.1,0.0,0.614,6.484,93.6,2.3053,24.0,666.0,20.2,396.21,N
478.0,Boston_Forest_Hills,86.0,1205.0,-71.0528,42.192,12.0,12.0,15.0234,0.0,18.1,0.0,0.614,5.304,97.3,2.1007,24.0,666.0,20.2,349.48,N
479.0,Boston_Forest_Hills,86.0,1206.0,-71.0558,42.1913,14.6,14.6,10.233,0.0,18.1,0.0,0.614,6.185,96.7,2.1705,24.0,666.0,20.2,379.7,N
480.0,Boston_Forest_Hills,86.0,1207.0,-71.067,42.1945,21.4,21.4,14.3337,0.0,18.1,0.0,0.614,6.229,88.0,1.9512,24.0,666.0,20.2,383.32,N
481.0,Boston_West_Roxbury,87.0,1301.0,-71.1008,42.174,23.0,23.0,5.82401,0.0,18.1,0.0,0.532,6.242,64.7,3.4242,24.0,666.0,20.2,396.9,P
482.0,Boston_West_Roxbury,87.0,1302.0,-71.095,42.173,23.7,23.7,5.70818,0.0,18.1,0.0,0.532,6.75,74.9,3.3317,24.0,666.0,20.2,393.07,P
483.0,Boston_West_Roxbury,87.0,1303.0,-71.09,42.1665,25.0,25.0,5.73116,0.0,18.1,0.0,0.532,7.061,77.0,3.4106,24.0,666.0,20.2,395.28,P
484.0,Boston_West_Roxbury,87.0,1304.0,-71.0975,42.1608,21.8,21.8,2.81838,0.0,18.1,0.0,0.532,5.762,40.3,4.0983,24.0,666.0,20.2,392.92,P
485.0,Boston_Hyde_Park,88.0,1401.0,-71.0804,42.154,20.6,20.6,2.37857,0.0,18.1,0.0,0.583,5.871,41.9,3.724,24.0,666.0,20.2,370.73,N
486.0,Boston_Hyde_Park,88.0,1402.0,-71.075,42.1455,21.2,21.2,3.67367,0.0,18.1,0.0,0.583,6.312,51.9,3.9917,24.0,666.0,20.2,388.62,P
487.0,Boston_Hyde_Park,88.0,1403.0,-71.0715,42.155,19.1,19.1,5.69175,0.0,18.1,0.0,0.583,6.114,79.8,3.5459,24.0,666.0,20.2,392.68,N
488.0,Boston_Hyde_Park,88.0,1404.0,-71.065,42.161,20.6,20.6,4.83567,0.0,18.1,0.0,0.583,5.905,53.2,3.1523,24.0,666.0,20.2,388.22,P
489.0,Chelsea,89.0,1601.0,-71.0189,42.2344,15.2,15.2,0.15086,0.0,27.74,0.0,0.609,5.454,92.7,1.8209,4.0,711.0,20.1,395.09,N
490.0,Chelsea,89.0,1602.0,-71.0228,42.2335,7.0,7.0,0.18337,0.0,27.74,0.0,0.609,5.414,98.3,1.7554,4.0,711.0,20.1,344.05,N
491.0,Chelsea,89.0,1604.0,-71.0245,42.2368,8.1,8.1,0.20746,0.0,27.74,0.0,0.609,5.093,98.0,1.8226,4.0,711.0,20.1,318.43,N
492.0,Chelsea,89.0,1605.0,-71.016,42.2382,13.6,13.6,0.10574,0.0,27.74,0.0,0.609,5.983,98.8,1.8681,4.0,711.0,20.1,390.11,N
493.0,Chelsea,89.0,1606.0,-71.0297,42.2447,20.1,20.1,0.11132,0.0,27.74,0.0,0.609,5.983,83.5,2.1099,4.0,711.0,20.1,396.9,N
494.0,Revere,90.0,1701.0,-71.0125,42.2462,21.8,21.8,0.17331,0.0,9.69,0.0,0.585,5.707,54.0,2.3817,6.0,391.0,19.2,396.9,P
495.0,Revere,90.0,1702.0,-71.0125,42.25,24.5,24.5,0.27957,0.0,9.69,0.0,0.585,5.926,42.6,2.3817,6.0,391.0,19.2,396.9,N
496.0,Revere,90.0,1703.0,-71.0105,42.2547,23.1,23.1,0.17899,0.0,9.69,0.0,0.585,5.67,28.8,2.7986,6.0,391.0,19.2,393.29,N
497.0,Revere,90.0,1704.0,-71.001,42.2525,19.7,19.7,0.2896,0.0,9.69,0.0,0.585,5.39,72.9,2.7986,6.0,391.0,19.2,396.9,N
498.0,Revere,90.0,1705.0,-70.9947,42.2496,18.3,18.3,0.26838,0.0,9.69,0.0,0.585,5.794,70.6,2.8927,6.0,391.0,19.2,396.9,N
499.0,Revere,90.0,1706.0,-71.005,42.2455,21.2,21.2,0.23912,0.0,9.69,0.0,0.585,6.019,65.3,2.4091,6.0,391.0,19.2,396.9,N
500.0,Revere,90.0,1707.0,-70.9985,42.243,17.5,17.5,0.17783,0.0,9.69,0.0,0.585,5.569,73.5,2.3999,6.0,391.0,19.2,395.77,N
501.0,Revere,90.0,1708.0,-70.992,42.238,16.8,16.8,0.22438,0.0,9.69,0.0,0.585,6.027,79.7,2.4982,6.0,391.0,19.2,396.9,N
502.0,Winthrop,91.0,1801.0,-70.986,42.2312,22.4,22.4,0.06263,0.0,11.93,0.0,0.573,6.593,69.1,2.4786,1.0,273.0,21.0,391.99,P
503.0,Winthrop,91.0,1802.0,-70.991,42.2275,20.6,20.6,0.04527,0.0,11.93,0.0,0.573,6.12,76.7,2.2875,1.0,273.0,21.0,396.9,P
504.0,Winthrop,91.0,1803.0,-70.9948,42.226,23.9,23.9,0.06076,0.0,11.93,0.0,0.573,6.976,91.0,2.1675,1.0,273.0,21.0,396.9,P
505.0,Winthrop,91.0,1804.0,-70.9875,42.224,22.0,22.0,0.10959,0.0,11.93,0.0,0.573,6.794,89.3,2.3889,1.0,273.0,21.0,393.45,P
506.0,Winthrop,91.0,1805.0,-70.9825,42.221,11.9,19.0,0.04741,0.0,11.93,0.0,0.573,6.03,80.8,2.505,1.0,273.0,21.0,396.9,P
,North_Reading,,,,,,,,,,,,,,,,,,,P
,Boston_Charlestown,,,,,,,,,,,,,,,,,,,N
,Boston_Roxbury,,,,,,,,,,,,,,,,,,,N
,Revere,,,,,,,,,,,,,,,,,,,N
,Somerville,,,,,,,,,,,,,,,,,,,N
,Boston_South_Boston,,,,,,,,,,,,,,,,,,,N
,Nahant,,,,,,,,,,,,,,,,,,,P
,Brookline,,,,,,,,,,,,,,,,,,,P
,Waltham,,,,,,,,,,,,,,,,,,,P
,Boston_Savin_Hill,,,,,,,,,,,,,,,,,,,N
,Wellesley,,,,,,,,,,,,,,,,,,,P
,Quincy,,,,,,,,,,,,,,,,,,,P
,Boston_Beacon_Hill,,,,,,,,,,,,,,,,,,,P
,Arlington,,,,,,,,,,,,,,,,,,,N
,Randolph,,,,,,,,,,,,,,,,,,,P
,Boston_Roxbury,,,,,,,,,,,,,,,,,,,N
,Cambridge,,,,,,,,,,,,,,,,,,,P
,Lynn,,,,,,,,,,,,,,,,,,,N
,Boston_North_End,,,,,,,,,,,,,,,,,,,N
,Boston_Savin_Hill,,,,,,,,,,,,,,,,,,,N
,Milton,,,,,,,,,,,,,,,,,,,P
,Lynn,,,,,,,,,,,,,,,,,,,N
,Boston_Savin_Hill,,,,,,,,,,,,,,,,,,,N
,Lincoln,,,,,,,,,,,,,,,,,,,P
,Salem,,,,,,,,,,,,,,,,,,,P
,Scituate,,,,,,,,,,,,,,,,,,,P
,Newton,,,,,,,,,,,,,,,,,,,P
,Medford,,,,,,,,,,,,,,,,,,,P
,Needham,,,,,,,,,,,,,,,,,,,P
,Quincy,,,,,,,,,,,,,,,,,,,P
,Boston_Savin_Hill,,,,,,,,,,,,,,,,,,,N
,Malden,,,,,,,,,,,,,,,,,,,P
,Needham,,,,,,,,,,,,,,,,,,,P
,Boston_Roxbury,,,,,,,,,,,,,,,,,,,N
,Winthrop,,,,,,,,,,,,,,,,,,,P
,Somerville,,,,,,,,,,,,,,,,,,,N
,Boston_Forest_Hills,,,,,,,,,,,,,,,,,,,N
,Weymouth,,,,,,,,,,,,,,,,,,,P
,Boston_Savin_Hill,,,,,,,,,,,,,,,,,,,N
,Waltham,,,,,,,,,,,,,,,,,,,P
,Medfield,,,,,,,,,,,,,,,,,,,P
,Wakefield,,,,,,,,,,,,,,,,,,,N
,Reading,,,,,,,,,,,,,,,,,,,P
,Peabody,,,,,,,,,,,,,,,,,,,P
,Waltham,,,,,,,,,,,,,,,,,,,P
,Everett,,,,,,,,,,,,,,,,,,,N
,Newton,,,,,,,,,,,,,,,,,,,P
,Revere,,,,,,,,,,,,,,,,,,,N
,Everett,,,,,,,,,,,,,,,,,,,N
,Randolph,,,,,,,,,,,,,,,,,,,P
390.049643988583,Peabody,75.08370263626313,932.1447492526405,-71.05102320370716,42.202651097940155,12.400851466192002,12.400851466192002,7.9971423375524475,0.0,17.06808843333046,0.0,0.5714584474470905,5.57578942388743,67.20640342685978,2.343554712852433,22.063436738153676,626.0699098866925,19.987900214178733,39.914452510526985,P
323.7953825474024,Boston_Roxbury,60.35907650948048,3372.0831916319803,-71.11426343528457,42.15151958611598,32.03105089214474,32.03105089214474,2.3461978138502793,61.83120997291291,7.936494860702441,0.0,0.4502900084335758,7.076460389268345,42.82551769755,4.428897742537084,8.542197506771773,340.6132575175458,19.427109875338587,325.23093663940153,N
120.4674431098309,Peabody,21.09331768918529,2823.213825299714,-71.04751367462248,42.27185592107948,21.427311575632018,21.427311575632018,0.14622584054093943,0.0,8.583013196651674,0.4546231512640416,0.4666395492018257,6.019446076512219,63.685866180856564,4.8826658336993605,3.4546231512640415,253.00341865561785,18.21823620588483,391.1448453638792,P
347.13780683431605,Boston_Beacon_Hill,70.13015569186383,631.5403194706822,-71.05040502150028,42.21639064285232,47.76690705668733,47.76690705668733,5.717150235871519,0.0,16.10425293523371,0.8723946889535619,0.6127524405203593,6.958194794095964,97.25754990901176,1.412259694546972,21.320288468024803,605.6426878750348,19.89374725348855,392.66888575857524,P
147.31885862740032,Reading,25.78416342436432,3496.266779080177,-71.07943546173878,42.254811835276655,23.578416342436434,23.578416342436434,1.3657864540461582,6.155101598988,15.955876178515865,0.0,0.5609294725512459,5.948399178548261,71.19836792131561,3.1583078494667802,4.75379593604048,372.96310419693856,15.758677475025934,267.74864854732056,P
381.69602346028927,Boston_North_End,77.87339436438555,390.21283080294137,-71.03180513803397,42.21395455728684,12.257003289585514,12.257003289585514,15.346358466725452,0.0,18.1,0.0,0.6752782863698796,4.606430510765454,99.6797553997253,1.2815176541603304,24.0,666.0,20.2,395.79370047177827,N
319.30248096660415,Quincy,59.39645367636893,4132.065984005248,-70.9891893610291,42.1489498224405,17.819822683818447,17.819822683818447,0.3808488404751858,0.0,10.025035390239431,0.0,0.5446099287328753,5.915357091430647,83.37230486703726,3.9763635232212002,4.304964366437634,309.5198550325212,18.427446792979385,389.794103349497,N
318.2035587030919,Cambridge,59.23582964783036,4156.472695572592,-71.00136574244833,42.10040221306547,19.570728168810476,19.570728168810476,0.16652230767641268,32.154530519825364,7.159164210627457,0.0,0.473110652338961,6.038398220648453,29.316135472369222,6.232358869769339,1.325196512019958,312.04861367249396,16.721141918389023,363.10770580045266,N
172.03926965949495,Waltham,31.233407030869987,3327.881634615529,-71.10782157049243,42.25502440282949,23.5203429140131,23.5203429140131,0.18766494659972321,4.736615078391008,9.473512160093549,0.0,0.47772234505145,6.278408296117118,54.868307539195506,4.909715512848867,4.0,269.331194634986,18.1940044218522,394.66700221092606,P
387.288962250111,Chelsea,70.18845462456247,2391.708674860868,-71.05809045912433,42.22954957547116,13.132563792392638,13.132563792392638,0.1315366678725194,0.0,22.5292019310038,0.37623090750875077,0.5868023764569836,5.592333450159147,82.38543261237984,2.265832472217122,4.37623090750875,547.3395552336934,18.707945642217624,362.3912567410516,N
141.82269215668646,Walpole,30.08598332319894,3553.897993086054,-71.09465975608441,42.235102199782865,27.549682001216127,27.549682001216127,0.10336370995448867,12.400470815598142,3.463964649179114,0.0,0.43555202223573475,6.610828033353602,49.55663940067856,4.397954275375545,2.944797776426525,280.0153905498127,17.669320778250714,361.22538036202513,P
432.4523459356542,Boston_Savin_Hill,82.4793115780899,962.1209167155473,-71.04886680710752,42.18268070556892,11.85992572958667,11.85992572958667,13.657288799954932,0.0,18.022268657014852,0.0,0.7078674998411719,6.200226865701485,94.31194744247595,2.2984027505465416,23.62807969863565,658.9893023192819,20.121896736713488,106.13944138426079,N
418.9436269732116,Boston_Mattapan,74.98872539464232,1830.3202275397712,-71.0756313419655,42.17788613367279,25.206877509268185,25.206877509268185,11.812662101338155,5.00563730267884,14.563517245657401,0.0,0.5787485906743303,6.3124351997668064,66.39481368153547,2.8992897401091247,19.2446445624551,565.3866902161553,18.397970571035618,374.13607701228784,N
71.77311154697671,Sargus,13.735294680075707,2638.8109602848344,-71.01297815209611,42.26188865493993,19.482352978671713,19.482352978671713,0.0672814287717603,0.0,14.150378678604318,0.0,0.533109245893629,5.962533615346922,74.81386597205733,2.8765726579304745,3.752100759989185,241.1470563863386,19.158403358666305,388.9009658715307,P
175.6353527386185,Medford,36.494127730549536,2868.0348704401304,-71.07300469926827,42.23826469520069,17.15999883783497,17.15999883783497,2.44022907890234,0.0,10.580236924566826,0.0,0.5665882728935746,6.416435303346605,87.39058984181636,2.5607892875497726,9.02353265899053,443.717695254491,20.751764586247717,64.92564231787382,P
265.9054851580359,Boston_Downtown,46.55132050100865,3467.9607557139734,-71.23652427524692,42.17320121892401,23.471426267765093,23.471426267765093,1.1642095153424394,19.432588435328455,7.288414434162714,0.0,0.4503722872607035,6.050700041897558,42.25213311701397,7.285183170178004,8.983908936337102,369.2113766240745,19.228370578233577,381.3644422911232,N
126.66000616055985,Somerville,26.055745598381254,3485.226403164387,-71.07119510959434,42.248526162413754,23.48561654940393,23.48561654940393,0.5181922400368133,0.0,19.542853344547684,0.0,0.6003936399595312,6.406802519373947,92.26145228747662,2.6120657233908635,3.8651065140544647,411.3702376703483,20.835787587947053,386.6422033980838,P
128.108913417931,Boston_Savin_Hill,24.128645818219432,1765.3387198889907,-70.99548207738553,42.26444401373527,18.422200686763635,18.422200686763635,1.6784059674334026,0.0,10.677738131005894,0.0,0.5825887723821317,6.01006195266316,64.14378955122257,3.9730130304579356,9.095859700815046,398.47068162963006,20.796165611967396,307.7928580564527,N
209.16479511386996,Newton,36.22218812504235,3553.05555176346,-71.10033989892067,42.19578835167029,29.79426069888276,29.79426069888276,0.41745203631675004,0.0,6.281280194885452,0.0,0.49758916772734463,6.492241884887034,28.738113369235915,3.640039091582257,7.427604261370053,298.52854306827675,17.457239573862992,381.75954143180223,P
205.46657587680127,Sudbury,36.3119782104323,3546.385356506243,-71.2374588514937,42.24175654568076,34.24088713713996,34.24088713713996,0.6083549528235769,92.03243023830788,1.9894808961783146,0.0,0.41127795775629905,6.886378995642941,17.945822724371812,7.449843456893785,3.655989105216152,410.2467201798602,17.099960244604365,396.9,P
219.74777487257813,Newton,38.72898123938151,3707.504946561755,-71.13930835787356,42.216424282831085,24.360781523742524,24.360781523742524,0.27412995995443745,0.0,8.989886179557578,1.0,0.4955608311544336,6.23919981468312,82.76904013591663,3.7950167124456415,5.457962478763028,287.9347185907227,18.162611256371093,381.20358501922044,P
444.6167989213617,Revere,84.49284039709991,1087.8213345744655,-71.04189796933943,42.21410919026347,12.388544635359864,12.388544635359864,8.206038671636401,0.0,15.479401532548716,0.0,0.6765565283982139,6.573157935041821,73.01002344406011,1.9856682660320195,18.391109106525192,580.3086113496904,19.88839495036251,157.02877954618316,N
419.81626497131344,Scituate,78.5353506941164,3000.8485363201535,-70.95782950390145,42.157410023761386,22.099810872426588,22.099810872426588,7.6754241007902895,18.661623264709007,10.238791199741332,0.0,0.5276899924007209,6.3507670918022265,67.65883064146718,5.142757464788696,13.269566622792322,511.57506748453295,19.966729709191135,389.65562109836867,P
267.9805969310588,Newton,48.9958421995126,3109.289660100622,-71.0934464407709,42.198421002891855,42.332115458510685,42.332115458510685,1.9182141033734772,0.0,8.748821956528571,0.0,0.5498359578737071,8.142626310941077,85.63449664414297,2.6759723839270726,11.42698750457623,383.8930321339292,17.99972281330084,368.7161396853864,P
190.14500440702756,Somerville,35.04229468796827,3637.7190096954605,-71.11185497476194,42.227823264161486,20.73292973321848,20.73292973321848,0.22847230135389557,0.0,13.628370002359866,0.7311176989062066,0.5252991106476621,5.776347417675307,65.14683310615808,3.1513227260708407,4.0,320.02116817500695,19.299093982843864,391.2545922922797,N
293.29617620190317,Framingham,51.101971668820205,3454.4755801490087,-71.19594684189352,42.17433102595506,18.417319904955285,18.417319904955285,0.18815654599337833,17.91340047522358,6.987529959790585,0.0,0.45737714238719324,5.816091183148021,78.87765790532447,6.9209903202315655,5.885472856879158,319.411992140352,19.452933595321603,376.38341481996883,P
261.3046039762536,Boston_Savin_Hill,45.31872731341454,2807.4623410119007,-71.09118965346102,42.21612643564068,22.84489913292455,22.84489913292455,2.7554782250396985,0.0,6.980469720411387,0.0,0.553032332934307,5.771927935265921,92.37239005829036,2.777975629288057,9.06968440720199,329.7124154574543,18.493678217965943,392.7052922858329,N
366.9063888957636,Boston_Savin_Hill,68.37626096626913,2469.815328802457,-71.08104077996622,42.14448539017259,16.25200401993414,16.25200401993414,11.32448992716485,25.591543309029024,11.87028717163065,0.0,0.5767015807900053,6.060266609992142,69.58696710737985,4.523333382428899,15.225756579761478,484.1781780139462,18.445151315952295,394.1066459244611,N
245.69281927830576,Newton,44.12341601727333,3845.583288454864,-71.12053786959596,42.18028853238695,33.22917902169028,33.22917902169028,0.29963044549436074,0.0,8.322184776890005,0.0,0.4855820751228458,7.481689471261191,74.34966746910128,3.844383495433606,6.900422395393781,302.051900779272,17.015147838387822,389.9969946989628,P
134.87957592400323,Boston_South_Boston,27.859357114881046,1579.034829834553,-70.96820292028085,42.274841766366094,20.158750935455295,16.77299490395406,8.183985378754105,8.464390078753077,11.172743159548482,0.0,0.5785614461352584,6.112272973165545,97.35911029542903,4.542330416519784,11.134127080295322,425.61132176341266,16.81424396849877,396.9,N
319.90187426029644,Peabody,62.840497758389795,1047.7851439116532,-71.0211785358569,42.235380357986124,24.587117834300837,24.587117834300837,9.080615210734729,0.0,15.353988782653808,0.0,0.6072208787435169,5.556711676101398,98.84662620897882,2.4103038632072225,18.846627742245754,559.7423720186862,19.635583038436437,347.9942883821453,N
136.23112303121502,Hamilton,23.924225742680463,2971.969296089398,-71.104196086097,42.31696482987469,27.846768006913507,27.846768006913507,0.035221805832234214,82.19038570811294,1.1782998295343812,0.0,0.40662846284973553,6.789832149465246,36.20573057253967,8.131971718252196,2.0,321.9907657340386,14.658962565626165,372.96770546170603,P
283.18800828721174,Cambridge,52.27903872517277,2376.1647041239767,-71.06737401383262,42.205797487553724,34.24069668202422,34.24069668202422,3.312159440974328,0.0,18.92667313975899,0.5585629322695861,0.6526752033148846,7.519053525670728,91.25137759361752,2.229893021016937,13.387304286877866,519.0979488130988,17.127903872517273,261.2013508560309,P
188.11524360280745,Lexington,31.0,3581.2304872056147,-71.12416657973279,42.25632713459579,31.74646407382359,31.74646407382359,0.08417105907606293,45.0,3.44,0.0,0.437,6.755954945765515,39.71707676631048,3.878271047344485,5.0,398.0,15.2,392.59886306103374,P
19.366027868523688,Salem,5.688266927939932,2272.37017359803,-70.96539171841215,42.29529743094564,22.631173307206005,22.631173307206005,0.08951405754118864,10.259777560050058,8.758920264172138,0.0,0.5084080518179485,6.061105675883702,62.72889562376649,5.370905494462157,5.0,326.5919481820516,15.827262283185984,393.3830758734256,P
398.2357471976914,Boston_Downtown,79.12454900443464,781.3819439892635,-71.04413784576327,42.21185783008848,27.673755117995288,27.673755117995288,11.597823677490426,0.0,17.943117035767788,0.0,0.6523912679203888,5.615918570870164,98.11264137906598,1.3809789846528886,23.434387794988222,658.0218910029918,20.15534640486749,333.9943269870844,P
352.25817898683516,Boston_Roxbury,68.20413739405494,1488.997267691308,-71.06326417571456,42.20416544247979,12.678252075694285,12.678252075694285,6.8316150484557046,0.0,19.050660350482396,0.0,0.5940333546225055,5.613160102188027,77.57318146264132,2.134360567021445,18.983322688747254,608.559044786156,20.450833865562636,68.64356290593498,N
342.1858794865356,Braintree,65.15576384596068,4897.04317702498,-70.94052024346338,42.123492471089854,30.32762264082604,30.32762264082604,0.07419329157410198,47.261168587972925,4.28654169242359,0.0,0.485266354231059,6.809415934215992,29.78847230807864,6.219966479418202,5.0,358.3213998691228,17.88141205134644,389.2265048092619,P
396.70372853119517,Boston_Savin_Hill,73.38469329171046,1090.526074651595,-71.02730562004722,42.204142697989795,13.41208457321241,13.41208457321241,6.515812141074661,3.4340381101034074,16.318421028478355,0.0,0.6772860036549245,6.355049952493734,97.62692853041973,2.8214646233265657,21.80221560953382,613.52789767762,20.131319237797932,314.3568958077335,N
233.7919507637058,Newton,40.62344531616731,3754.011032685231,-71.1259204991268,42.185601090848664,24.243076732002116,24.243076732002116,0.5238217213321277,0.0,6.1726226187248265,0.0,0.5042981694990365,5.990080616561567,67.28681045717308,3.7470425978968125,7.918681045717307,304.7501755981788,17.475897690663846,378.6579277735505,P
352.24369518838887,Sharon,71.21297200905295,906.6403757583137,-71.06786961818932,42.182633057096524,22.478020061776125,22.478020061776125,2.790599864103822,13.952208387699642,14.938828213872625,0.8006827373185765,0.6546171104673073,8.399503345541163,75.82423717480948,3.0852760785883393,20.212972009052955,604.6102830941215,19.123686781520313,361.78720980796254,P
394.7128963188137,Sharon,72.45013462379396,2875.8381228958583,-71.06151665475889,42.14598631793491,18.033243584137356,18.033243584137356,0.11929694544048233,35.10577504043704,14.951467663840791,0.0,0.5041841859506951,6.229958514154158,54.0165723418487,4.800775833650713,4.5015110720062435,533.9665915817961,17.44199131836691,357.85659981233186,P
145.0892149171034,Cambridge,27.205947661140225,3519.1189532228045,-71.05685375099813,42.22516134020259,14.132268040517708,14.132268040517708,1.79711342471915,0.0,21.414260902766078,0.0,0.6748690723016357,5.071104758268477,98.76431403315864,1.500566455358647,4.205947661140225,429.9977795212323,19.861340202588533,333.4125145003026,N
372.0970442983104,Walpole,76.86541985416,569.4624600543244,-71.04206883325011,42.218281716064965,15.444755417169283,15.444755417169283,18.72112629484302,2.3826183062640176,17.520002629446587,0.0,0.6589280672482624,7.279053362036467,94.49625956247998,1.5886400798868523,23.18310229499519,649.072064224067,20.03662045899904,395.7572508771099,P
357.7354761022892,Belmont,70.69561045077944,1157.2390025966542,-71.04302703287507,42.20594333413814,15.682101225833431,15.682101225833431,4.790585915670817,0.0,15.189586949003813,0.0,0.6548520028481957,6.358105876671928,90.93841208522402,1.9750801201689125,20.092156389327368,577.9804748643735,19.753389301637416,395.07820052626255,N
277.1222202817072,Boston_Charlestown,53.16412335225698,2006.6743257176206,-71.07345240528065,42.23818096211225,18.928828192837646,18.928828192837646,11.68949730953028,0.0,10.97869251222879,0.0,0.5893964053002729,6.347054449344831,84.64371453941754,2.365039023621446,14.369762116181281,478.463788578267,18.375323348329083,396.2410889868966,N
369.8367465062993,Boston_Savin_Hill,69.3914676101217,4005.6006750390825,-70.94403248031136,42.1646354380329,16.402411830886184,16.402411830886184,1.2607365457840165,0.0,5.84476055333737,0.0,0.565574232442985,6.480715187263358,67.53145057138369,5.3157325126899195,6.611319724044385,481.5287831594274,16.949072817973516,388.7718640410393,N
309.8271417994262,Milton,58.603392724928284,4169.447498148996,-71.02749312916475,42.15827463994843,26.02334149369775,26.02334149369775,0.17977473340668665,13.088040077366808,6.838191836446311,0.0,0.5154442761948361,6.504084624661997,70.84726133896413,3.305169442785205,5.189821825215164,271.47820344411883,18.4,395.2608889393121,P
318.9103986956226,Wellesley,58.95777461276295,4607.037030067482,-71.04773945485066,42.120033784788774,25.076622864818063,25.076622864818063,0.033635788120654916,8.465500407617949,3.9413284783962483,0.0,0.44238094751834284,6.417804369443376,43.71699226969586,6.841593796067333,3.8465500407617945,294.43459722819796,17.1492274205145,388.4293823843101,P
321.55899306495274,Boston_Savin_Hill,59.52732523019716,1340.8315262300366,-71.0009287909287,42.23063689860564,17.547267476980284,17.547267476980284,3.653571746427158,8.383098132072444,13.750848689080817,0.0,0.6258157794264465,6.588270538868704,88.0061526713999,3.9883281133052972,18.634817195473634,537.9062605419331,20.03233803735855,369.24282853102136,N
21.665144969001673,Lynn,4.0,2058.6651449690016,-70.98683656694088,42.281722666050705,18.53428439437395,18.53428439437395,0.8755795053607875,0.0,8.14,0.0,0.538,5.513078521419453,49.37048630979969,3.893444648247436,4.0,307.0,21.0,304.7987515744616,P
411.284122773309,Boston_Downtown,81.0,707.284122773309,-71.04691030693327,42.20673286851207,15.62507010127979,15.62507010127979,40.59907853955857,0.0,18.1,0.0,0.597,6.012710495978096,100.0,1.4455320575438801,24.0,666.0,20.2,11.819783993876905,P
313.2903240878005,Quincy,59.0,4175.2903240878,-71.01304031240734,42.165657251093926,19.283870364879785,19.283870364879785,0.26579663422193844,0.0,9.9,0.0,0.544,6.015088668607436,89.87741664195906,2.918527858163124,4.0,304.0,18.4,395.8935462770793,P
397.7701742860547,Boston_South_Boston,80.0,604.7701742860547,-71.02465526142909,42.202078244000475,9.028599142074128,9.028599142074128,7.7920729090650225,0.0,18.1,0.0,0.693,5.830196908448189,98.88850871430274,1.6440064566985744,24.0,666.0,20.2,392.97129760019067,N
216.61035155253424,Watertown,38.701293944066784,3697.9219970491354,-71.10829504400785,42.22071556395949,21.559741211186644,21.559741211186644,0.12973848518686143,0.0,12.904270015420376,1.0,0.5317789305880737,5.953688354503399,93.29219970491353,3.1843618420508344,4.70129394406678,276.2987060559332,17.057153323053083,395.8097228958437,N
352.5728408637399,Pembroke,70.85802553983743,5060.151860506342,-70.88462961690244,42.05120554715561,21.67098723008129,21.67098723008129,0.06893837293926225,82.14197446016257,2.869604558152834,0.0,0.41985431827252023,6.184469037378859,23.012838114666625,9.70731911337653,4.0,341.2827131645528,20.243580942666686,383.0613922804129,P
476.42812880432876,Boston_Forest_Hills,86.0,1203.4281288043287,-71.05607109660325,42.18657032201082,15.870786766276684,15.870786766276684,5.781937599035812,0.0,18.1,0.0,0.6054219320649312,6.181766073087743,94.11468407610413,2.3408989819305352,24.0,666.0,20.2,383.7346298664316,N
47.433369768459116,Lynnfield,7.351521776083476,2104.5152177608347,-70.97110282494141,42.32719097864888,23.299054142736708,23.299054142736708,0.0689189902593502,38.50891204574615,4.767796788832275,0.0,0.4354333697684591,6.167919118757622,37.95068522419754,6.3563555913358005,3.675760888041738,245.91815200762437,17.286358667937392,395.58269673783707,P
97.65888180823292,Winchester,22.731776361646585,3380.781316339759,-71.08849030429161,42.27587615005472,38.757395598955796,38.757395598955796,0.06762196033066659,7.510261873895621,6.1489172059939925,0.0,0.4500962491287149,7.388428165889356,34.754210893172676,3.540985775066928,2.53644727670683,274.3906581698795,18.053644727670683,394.28102618738956,P
30.367928027785002,Lynn,4.0,2067.367928027785,-70.9675141624917,42.27993474463657,14.12908705879425,14.12908705879425,1.0331025828407452,0.0,8.14,0.0,0.538,5.910449483731065,91.2468589620445,4.190481057981605,4.0,307.0,21.0,327.05595822927603,N
264.9817435295391,Brookline,45.0,4007.981743529539,-71.07502282058807,42.19902282058808,31.74276584307149,31.74276584307149,0.7030893989032492,20.0,3.97,0.0,0.647,7.07757507881952,83.65814698045155,2.1259033775690686,5.0,264.0,13.0,387.0065631645207,N
14.970384145176101,Lynn,4.0,2051.970384145176,-70.97032230487106,42.29297038414518,20.157403963705974,20.157403963705974,0.6286100947879664,0.0,8.14,0.0,0.538,5.893202911652374,59.22848201528333,4.606143376036356,4.0,307.0,21.0,396.2789541470873,P
69.78393894935168,North_Reading,15.927979649783893,3312.207776147623,-71.10797514529092,42.32883651893051,20.791969474675838,20.791969474675838,0.12208364305226713,17.361373639587164,5.875545054416514,0.0,0.4082077761476228,5.877942005678821,32.8631613345894,6.506174309749528,4.0,344.42383719827114,18.6983430193949,396.9,P
501.24224612439093,Winthrop,90.24224612439093,1730.5288895683561,-70.99054652325366,42.23635272635414,18.15657829658919,18.15657829658919,0.18519668937976763,0.0,10.232631318635676,0.0,0.5820930465073089,6.164111306405265,77.13219108145618,2.4934519759619382,4.788769378045367,362.41495732187065,19.636043023903667,395.71057152924055,P
112.8826559616963,Malden,25.0,3411.8826559616964,-71.0451756726342,42.25811665719179,21.534859788235302,21.534859788235302,0.11304124757718187,0.0,10.01,0.0,0.547,6.579365200552668,82.3649685001368,2.553633946708619,6.0,432.0,17.8,393.57460222079345,P
422.81321123541903,Boston_Roxbury,82.0,810.1758534825028,-71.05381211770721,42.19625384957296,7.9494532358960965,7.9494532358960965,16.56913742490574,0.0,18.1,0.0,0.679,6.067449235534455,96.86592283170724,1.8857309521532888,24.0,666.0,20.2,13.916545612284908,N
101.13133863879126,Medford,24.0,3391.1313386387915,-71.06669930704359,42.2542504565863,27.324881814944977,27.324881814944977,0.1491533954863925,0.0,8.56,0.0,0.52,6.707496212139497,80.16267727758255,2.7653928765888516,5.0,384.0,20.9,394.77991969355,P
62.95122446842103,Beverly,13.0,2174.951224468421,-70.91929872473027,42.33296954069342,20.280510107894642,20.280510107894642,0.15020757089134257,25.0,5.13,0.0,0.453,6.3445873384315705,69.6193882894742,7.371351661046304,8.0,284.0,19.7,386.40321409868403,P
305.16498743918885,Milton,57.51066331711702,4157.98429900045,-71.05576540702343,42.15677351809288,33.8771032658109,33.8771032658109,0.07549853987386045,38.74970602387498,2.5188656528964612,0.0,0.46453761558603457,7.386725105563958,66.49282965414311,3.3460091894291013,6.632997487837768,224.8136859265771,18.497867336576594,396.9,P
426.0687117570504,Boston_Roxbury,82.0,814.0687117570503,-71.05729006118871,42.19346057273464,11.415010198119901,11.415010198119901,19.076611103152494,0.0,18.1,0.0,0.6178425389732616,5.791923129747028,73.48552174403598,1.9920388071785655,24.0,666.0,20.2,9.054119118151345,N
230.73018609016975,Newton,40.0,3740.73018609017,-71.12453183153178,42.193539670911676,31.668254652254245,31.668254652254245,0.44690320311019643,0.0,6.2,0.0,0.504,7.332954084113067,77.85236043237269,3.5268047049748423,8.0,307.0,17.4,374.8511388815223,P
413.34295035522234,Boston_Downtown,81.26859007104446,733.516056749224,-71.04843140992895,42.20257070241033,14.5946763108687,14.5946763108687,13.186780036485482,0.0,18.1,0.0,0.619024385825646,6.690573758880558,97.52897134639093,1.6059283007449834,24.0,666.0,20.2,31.429405842320627,N
445.8179834398722,Boston_Savin_Hill,83.0,913.7977593776358,-71.04256067218671,42.18900606721867,11.755507063079868,11.755507063079868,10.747620009324352,0.0,18.1,0.0,0.74,6.4590404481244725,94.76966390664536,1.9881972937148755,24.0,666.0,20.2,42.74511135097888,N
276.49808527014613,Wellesley,46.69961705402922,4030.996170540292,-71.12593981619226,42.154644447283424,31.955864183515587,31.955864183515587,0.0959517074248511,20.0,5.690195046936964,0.3498085270146106,0.4566190400799917,6.9252380394051745,55.551723256868506,4.370292157367712,3.699617054029221,220.55134031089773,17.30570845004594,388.7019254517086,P
85.19085390717566,Wakefield,20.0,3351.1908539071756,-71.04204573046412,42.30726143261603,23.766402264977035,23.766402264977035,0.050713100770128305,0.0,4.49,0.0,0.449,6.353310319358151,47.723261834595284,4.745790626946365,3.0,247.0,18.5,396.81316147223504,P
195.21301805535782,Bedford,32.14201203690521,3593.4201203690523,-71.16874616161532,42.3008343164372,29.185207222143127,29.185207222143127,0.016681364215465535,61.420120369052086,2.8298815139818285,0.0,0.40121301805535786,6.6397160272816595,20.063907128456353,6.296953956502267,1.071006018452604,269.5443851809667,15.386981944642187,375.1101752468462,P
227.24158859629514,Newton,40.0,3737.241588596295,-71.11597756959011,42.20550186920082,45.671728898559216,45.671728898559216,0.31934991554935593,0.0,6.2,0.0,0.5047471961987651,8.261267757407822,76.33238334325205,3.0830670401881743,8.0,307.0,17.4,383.53070106251107,P
498.68492263133055,Revere,90.0,1705.6849226313304,-70.9940835696318,42.24695163249219,17.95753868433473,17.95753868433473,0.25833446807381866,0.0,9.69,0.0,0.585,5.847195657700006,72.67759864836931,2.8026326739800336,6.0,391.0,19.2,396.9,N
279.64772673804777,Dedham,47.529545347609556,4038.2954534760956,-71.16359431331624,42.17320329281858,33.000681272808734,33.000681272808734,0.06646752941397444,20.0,4.183875194088655,0.0,0.4478632965827192,6.7967545065298784,32.283748882519866,5.052825070022558,4.529545347609556,217.64659128336655,15.770341106922322,393.32851161333167,P
447.8714775342849,Boston_Savin_Hill,83.0,915.7460861492054,-71.03962382584477,42.18350469662096,13.936991199396713,13.936991199396713,9.33680658583779,0.0,18.1,0.0,0.7163855673971452,6.115031607125665,98.09812135161863,2.2058760684706917,24.0,666.0,20.2,396.9,N
427.1725545827126,Boston_Roxbury,82.0,815.1725545827126,-71.05552391266767,42.19411413099851,10.320788207898815,10.320788207898815,16.632622953265738,0.0,18.1,0.0,0.6003926853576963,5.899982422690096,62.97853707153927,1.9743568977086137,24.0,666.0,20.2,23.64400678278558,N
197.58202250312462,Wayland,34.19400750104154,3615.9471912765594,-71.21941797749687,42.26631029934714,34.173033754686934,34.173033754686934,0.03833095121544906,80.24250937630192,1.5694719127655932,0.0,0.4050670412557285,7.318332211418209,32.31513099041781,7.208213103208919,2.0,330.84307125989466,12.803707876093618,396.7525542992084,P
243.80558585919923,Framingham,41.402792929599606,3827.4167575775978,-71.22946563384559,42.17207754747008,20.3471525238418,20.3471525238418,0.14446017447608767,26.77765656320313,5.304597424527636,0.0,0.4292083787887988,6.049863408856299,62.40591313855077,7.40582781947388,6.402792929599609,312.08378788798825,17.606982323999024,372.6452738383041,P
371.1137268227195,Boston_Beacon_Hill,75.37124227423983,143.2680160527844,-71.0459875772576,42.21461608096317,50.0,50.0,6.634196421614898,0.0,18.1,1.0,0.644735964146874,6.383036242414213,94.12705562547318,1.2723908795201333,24.0,666.0,20.2,365.13939957211653,P
334.69118425355737,Weymouth,63.0,4221.691184253557,-70.96947782832342,42.10053677638034,21.163223619663967,21.163223619663967,0.04153357178965357,0.0,5.19,0.0,0.515,6.311852894478656,38.376473701422945,6.4584,5.0,224.0,20.2,389.4957328813972,P
297.2209644183727,Milton,55.658923844899384,4138.003969410219,-71.10469942666018,42.135527197875525,28.458526903877516,28.458526903877516,0.04321923110341522,60.5076448224322,3.8011952374071747,0.0,0.4362985886347156,6.759390914499912,40.42487502899037,4.39228943002856,5.24419288367454,235.46118789182853,18.868215231020123,395.43185239726404,P
87.78936778026932,Wakefield,20.0,3353.7893677802695,-71.04015847720852,42.28971113526345,22.66339088340749,22.66339088340749,0.07001872388430681,0.0,4.49,0.0,0.449,6.174605899921458,56.72627872309426,3.82027864741807,3.0,247.0,18.5,394.84984908688375,P
198.4316682743595,Weston,33.71583413717976,3619.4533461948763,-71.17555105573946,42.26964418437323,36.27218669341139,36.27218669341139,0.016346050916384924,72.01083896025831,2.8442082931410124,0.0,0.4061818190942829,7.094728563233411,23.295485439410967,5.8415674228965555,2.029500482307855,250.93016007512597,15.291149855307642,381.4528605599879,P
337.2250747847927,Weymouth,63.0,4224.225074784793,-70.97457077511656,42.129057851488525,19.62379113163598,19.62379113163598,0.03413382975520042,0.0,5.19,0.0,0.515,5.8903821045553055,45.28716346843289,5.183958086325171,5.0,224.0,20.2,396.8144715817788,P
167.59890630715776,Cambridge,28.0,3545.598906307158,-71.07773624984758,42.23141868756859,24.3604374771369,24.3604374771369,2.5916406756188093,0.0,19.58,0.0,0.605,6.217187191653463,94.652203184063,2.1856535277557563,5.0,403.0,14.7,270.50191202216354,P
77.53653894929774,Woburn,18.0,3333.5365389492977,-71.08248845470983,42.286719233695784,20.429231159438185,20.429231159438185,0.09377164679315478,0.0,12.83,0.0,0.437,6.204421086047615,59.10133215515506,4.072749441758103,5.0,398.0,18.7,380.7959680256599,P
182.52193484023766,Belmont,30.0,3573.5219348402375,-71.10497896542486,42.234652193484024,36.69525292591515,36.69525292591515,0.06423326650286283,0.0,2.46,0.0,0.488,7.2743282075073745,78.88638896331075,2.904973259687207,3.0,193.0,17.8,392.98793011999834,P
176.9717157556804,Arlington,29.0,3564.97171575568,-71.11197674148008,42.2550707106108,23.375362314781505,23.375362314781505,0.07011874240533585,0.0,4.05,0.0,0.51,6.034877512512108,46.80119215509367,3.542947078350538,5.0,296.0,16.6,393.16579476539454,P
340.1132671160565,Weymouth,63.0,4227.113267116057,-70.96721683220986,42.14471358283115,18.966019865183064,18.966019865183064,0.05571076693900919,0.0,5.19,0.0,0.515,5.983074459027041,46.88379922033952,4.8122,5.0,224.0,20.2,396.9,P
224.91839754340324,Newton,40.0,3734.9183975434034,-71.11751026195819,42.20638565791898,33.818422203849224,33.818422203849224,0.37379624348647467,0.0,6.2,0.34693374276612643,0.5050408012282984,7.662189154127688,87.19386748553225,3.092885455060791,8.0,307.0,17.4,388.8787537687497,P
379.8138244663068,Boston_Charlestown,78.0,404.8138244663068,-71.03962764893262,42.22740691223315,10.429616491554913,10.429616491554913,17.706669717088474,0.0,18.1,0.0,0.671,6.249436925784431,99.58420797475192,1.3835431893372805,24.0,666.0,20.2,391.8335625349819,N
247.035606107407,Framingham,42.0,3833.035606107407,-71.2566369949105,42.166943510333454,20.571212214813993,20.571212214813993,0.18203025715548515,22.0,5.86,0.0,0.431,5.890827285644331,62.91623704457079,7.910576058602981,7.0,330.0,19.1,384.1521866437304,P
240.55276573468458,Natick,41.0,3822.5527657346847,-71.20634674353363,42.1807813854848,22.41557482450468,22.41557482450468,0.09627880699585512,30.0,4.93,0.0,0.428,6.464768354788091,48.529167662138384,6.230307175205442,6.0,300.0,16.6,386.7759902819904,P
407.71708969496916,Boston_Downtown,80.67927242374229,675.4930629842902,-71.04074930629842,42.203428434876336,14.409670086557881,14.409670086557881,18.34881796534316,0.0,18.1,0.0,0.6277898473207406,5.589417428441837,93.89090529677857,1.503675100894553,24.0,666.0,20.2,319.3931826801393,N
397.99757564578823,Boston_South_Boston,80.0,604.9975756457883,-71.02500242435421,42.20239248450194,8.509697416846992,8.509697416846992,7.66765623514948,0.0,18.1,0.0,0.693,5.74859522507133,98.89296937278594,1.6335052169727897,24.0,666.0,20.2,393.10921254600464,N
115.28606001499095,Malden,25.0,3414.286060014991,-71.039085091973,42.252573088071955,18.886181020237785,18.886181020237785,0.14077528801957354,0.0,10.01,0.0,0.547,6.242843659415352,82.52654891230293,2.324239011549858,6.0,432.0,17.8,389.3922168341794,P
