V1,V6,V10,V12,V13,V14,V15,target
35,-203.0,11,1649.0,2,-1.0,0,2
55,169.0,5,618.0,2,-1.0,0,2
53,-725.0,27,1205.0,1,-1.0,0,2
35,1227.0,30,1005.0,5,134.0,10,2
36,1352.0,19,2028.0,1,-1.0,0,2
52,48.0,17,591.0,1,-1.0,0,1
46,633.0,12,236.0,10,-1.0,0,1
37,13156.0,21,240.0,1,-1.0,0,1
32,0.0,5,550.0,4,-1.0,0,2
51,603.0,25,122.0,3,-1.0,0,1
31,217.0,30,1776.0,2,-1.0,0,2
51,3984.0,20,7.0,12,-1.0,0,1
28,328.0,26,471.0,1,-1.0,0,1
42,3780.0,19,104.0,3,-1.0,0,1
34,91.0,17,144.0,1,281.0,1,1
36,532.0,29,391.0,1,241.0,1,1
55,2204.0,22,261.0,1,264.0,1,2
38,88.0,8,282.0,2,186.0,4,2
59,2308.0,30,815.0,1,87.0,1,2
32,1102.0,8,194.0,1,-1.0,0,2
46,36.0,16,250.0,1,-1.0,0,1
28,386.0,25,867.0,1,-1.0,0,2
31,2.0,12,703.0,4,-1.0,0,2
34,-1.0,18,1057.0,6,355.0,1,2
59,2074.0,21,467.0,1,186.0,2,2
40,68.0,30,170.0,19,-1.0,0,1
57,3109.0,15,107.0,2,105.0,2,2
31,1804.0,23,206.0,1,-1.0,0,1
25,154.0,2,382.0,1,183.0,3,2
50,636.0,6,127.0,2,254.0,23,1
40,89.0,9,148.0,6,-1.0,0,1
59,3000.0,6,25.0,1,-1.0,0,1
48,1949.0,13,683.0,2,-1.0,0,2
46,587.0,2,186.0,1,-1.0,0,1
27,1.0,30,764.0,4,-1.0,0,2
31,37.0,8,669.0,2,-1.0,0,2
43,705.0,3,80.0,4,-1.0,0,1
46,9328.0,5,725.0,3,-1.0,0,2
49,1377.0,5,935.0,1,-1.0,0,2
53,980.0,3,352.0,1,-1.0,0,2
54,0.0,1,174.0,1,81.0,2,2
31,3511.0,6,311.0,1,96.0,1,2
21,423.0,18,287.0,5,285.0,5,2
25,109.0,16,306.0,1,-1.0,0,1
34,-30.0,21,1360.0,3,-1.0,0,2
44,0.0,30,76.0,3,-1.0,0,1
33,2637.0,28,583.0,17,-1.0,0,2
61,997.0,10,106.0,1,-1.0,0,2
30,8089.0,18,232.0,2,294.0,2,2
30,3340.0,3,238.0,3,-1.0,0,2
32,483.0,8,580.0,3,-1.0,0,2
57,0.0,5,58.0,8,-1.0,0,1
24,387.0,4,340.0,8,-1.0,0,2
58,630.0,9,443.0,2,-1.0,0,1
39,116.0,26,182.0,3,-1.0,0,1
40,405.0,20,87.0,3,-1.0,0,1
34,428.0,7,221.0,2,267.0,3,1
31,338.0,2,155.0,2,-1.0,0,1
31,5205.0,9,529.0,2,-1.0,0,2
25,380.0,12,167.0,1,-1.0,0,1
25,304.0,26,226.0,2,-1.0,0,2
56,770.0,20,59.0,3,-1.0,0,1
42,803.0,7,171.0,2,-1.0,0,1
29,23.0,2,163.0,1,55.0,2,2
52,152.0,13,404.0,6,-1.0,0,2
42,11008.0,28,822.0,6,405.0,1,2
50,843.0,27,71.0,3,-1.0,0,1
31,5119.0,21,74.0,1,-1.0,0,1
38,507.0,8,95.0,1,-1.0,0,1
30,1664.0,20,2016.0,1,-1.0,0,2
49,-849.0,27,197.0,1,-1.0,0,1
46,107.0,8,109.0,6,-1.0,0,1
38,6447.0,12,296.0,1,-1.0,0,1
30,697.0,10,179.0,3,102.0,2,2
37,189.0,2,253.0,2,-1.0,0,2
24,1354.0,18,239.0,2,-1.0,0,1
59,2239.0,22,431.0,1,-1.0,0,2
31,1109.0,5,642.0,1,167.0,2,2
48,1.0,10,248.0,1,-1.0,0,2
29,658.0,15,198.0,2,244.0,4,2
48,0.0,30,682.0,1,-1.0,0,2
37,869.0,30,60.0,8,-1.0,0,1
49,1730.0,4,605.0,2,92.0,4,2
41,795.0,2,147.0,1,-1.0,0,1
46,31.0,15,144.0,1,-1.0,0,1
39,0.0,11,62.0,1,-1.0,0,1
43,-236.0,28,745.0,7,-1.0,0,2
23,381.0,23,696.0,1,189.0,2,2
40,1841.0,15,880.0,4,-1.0,0,2
62,973.0,2,326.0,1,-1.0,0,2
39,3050.0,6,236.0,7,-1.0,0,1
40,641.0,16,156.0,6,-1.0,0,1
48,292.0,30,271.0,1,79.0,1,2
39,3970.0,18,56.0,1,-1.0,0,1
44,1090.0,19,204.0,4,532.0,2,2
28,4987.0,2,924.0,2,113.0,21,2
37,6089.0,14,616.0,2,-1.0,0,2
32,2684.0,18,542.0,2,-1.0,0,2
32,660.0,25,226.0,2,490.0,1,2
51,-160.0,30,118.0,4,-1.0,0,1
32,1331.0,12,126.0,1,92.0,5,2
42,1261.0,10,272.0,1,-1.0,0,1
40,407.0,2,200.0,1,271.0,1,1
25,1189.0,3,165.0,1,-1.0,0,2
36,1023.0,31,189.0,4,-1.0,0,1
37,351.0,9,108.0,1,-1.0,0,1
35,415.0,4,649.0,1,176.0,1,2
27,362.0,14,332.0,2,-1.0,0,1
29,209.0,5,605.0,2,-1.0,0,1
30,3343.0,1,235.0,1,-1.0,0,2
25,189.0,8,687.0,2,-1.0,0,2
23,145.0,4,1519.0,1,-1.0,0,1
45,323.0,13,276.0,2,-1.0,0,1
40,311.0,6,738.0,2,-1.0,0,2
33,1737.0,30,524.0,2,-1.0,0,1
80,155.0,4,209.0,1,53.0,3,2
30,4328.0,30,262.0,3,189.0,11,2
33,498.0,12,338.0,2,104.0,1,2
45,328.0,12,174.0,4,-1.0,0,1
50,320.0,21,294.0,3,315.0,4,2
43,4016.0,14,159.0,2,-1.0,0,1
66,203.0,18,353.0,1,195.0,1,2
42,1451.0,4,251.0,4,-1.0,0,2
32,2213.0,28,73.0,7,-1.0,0,1
22,-51.0,15,859.0,1,-1.0,0,2
67,203.0,11,405.0,1,266.0,2,2
41,2185.0,7,157.0,4,309.0,4,1
41,371.0,9,107.0,5,-1.0,0,1
41,942.0,27,143.0,1,188.0,1,2
50,-731.0,15,401.0,4,-1.0,0,1
47,3745.0,7,113.0,1,200.0,1,1
36,1070.0,5,346.0,3,-1.0,0,1
41,572.0,11,188.0,1,-1.0,0,1
48,-440.0,12,399.0,1,-1.0,0,1
35,1417.0,14,65.0,3,-1.0,0,1
36,2843.0,14,186.0,1,-1.0,0,2
31,0.0,7,895.0,2,295.0,2,2
32,35.0,20,96.0,8,-1.0,0,1
26,535.0,14,125.0,1,-1.0,0,2
42,-407.0,12,829.0,7,-1.0,0,2
29,322.0,14,434.0,1,96.0,6,2
49,0.0,19,99.0,2,-1.0,0,1
40,595.0,3,406.0,2,-1.0,0,2
35,3549.0,13,250.0,4,-1.0,0,1
26,543.0,30,169.0,3,-1.0,0,1
40,-17.0,11,474.0,1,256.0,1,2
37,33.0,6,326.0,1,-1.0,0,1
55,16432.0,14,482.0,2,-1.0,0,1
30,4.0,20,270.0,1,-1.0,0,1
55,890.0,22,1329.0,2,-1.0,0,2
58,3337.0,8,369.0,2,690.0,3,2
35,1162.0,30,175.0,1,-1.0,0,2
42,144.0,4,148.0,1,87.0,4,2
30,2145.0,18,727.0,2,-1.0,0,2
34,7541.0,20,541.0,1,-1.0,0,1
52,959.0,30,694.0,2,-1.0,0,2
48,1039.0,17,581.0,1,-1.0,0,1
52,26.0,13,215.0,1,-1.0,0,1
25,329.0,14,158.0,2,-1.0,0,1
47,368.0,23,269.0,1,187.0,5,2
33,2918.0,20,1059.0,2,-1.0,0,2
22,0.0,6,229.0,6,-1.0,0,2
27,290.0,10,88.0,1,-1.0,0,1
43,1046.0,9,901.0,1,-1.0,0,2
39,425.0,6,562.0,3,-1.0,0,1
51,383.0,20,164.0,1,-1.0,0,1
44,237.0,28,212.0,2,-1.0,0,1
54,11.0,14,452.0,2,-1.0,0,1
60,597.0,15,981.0,1,-1.0,0,2
41,-675.0,18,147.0,4,-1.0,0,2
45,4646.0,13,118.0,1,-1.0,0,1
53,13901.0,21,59.0,1,-1.0,0,1
30,15.0,26,252.0,2,-1.0,0,1
53,232.0,29,32.0,1,-1.0,0,1
48,0.0,6,236.0,1,-1.0,0,1
48,50.0,21,419.0,1,-1.0,0,2
65,20806.0,8,523.0,2,-1.0,0,2
60,12039.0,8,236.0,1,-1.0,0,2
43,1926.0,7,89.0,13,-1.0,0,1
51,196.0,17,88.0,1,-1.0,0,2
36,530.0,20,221.0,3,-1.0,0,1
40,1783.0,19,130.0,1,-1.0,0,1
58,219.0,18,55.0,1,-1.0,0,1
57,818.0,28,208.0,1,-1.0,0,1
54,3250.0,31,94.0,3,-1.0,0,1
52,994.0,22,109.0,2,-1.0,0,1
32,484.0,12,668.0,2,463.0,1,2
37,4708.0,2,238.0,1,181.0,2,2
46,2232.0,13,121.0,1,-1.0,0,2
26,639.0,6,709.0,5,-1.0,0,2
52,3429.0,17,516.0,1,-1.0,0,1
39,7.0,20,931.0,4,-1.0,0,2
31,374.0,28,49.0,4,-1.0,0,1
42,1202.0,11,40.0,1,-1.0,0,1
44,0.0,7,835.0,4,-1.0,0,1
55,8592.0,9,255.0,1,-1.0,0,1
32,4291.0,7,1321.0,9,-1.0,0,2
55,3917.0,18,565.0,1,-1.0,0,2
47,961.0,29,45.0,11,-1.0,0,1
60,545.0,6,1030.0,1,-1.0,0,2
30,78.0,15,73.0,2,-1.0,0,1
33,133.0,14,305.0,2,274.0,1,2
28,970.0,4,297.0,1,-1.0,0,1
61,3371.0,28,299.0,2,-1.0,0,2
33,10.0,23,72.0,5,-1.0,0,1
54,316.0,14,240.0,1,-1.0,0,1
35,3623.0,30,160.0,1,-1.0,0,2
59,136.0,8,176.0,1,-1.0,0,1
74,1714.0,17,127.0,1,-1.0,0,2
38,702.0,12,143.0,1,-1.0,0,1
30,1265.0,26,414.0,2,-1.0,0,2
26,237.0,4,1091.0,3,-1.0,0,2
30,720.0,15,1265.0,4,210.0,4,2
38,279.0,28,110.0,5,-1.0,0,1
28,0.0,5,335.0,2,281.0,8,1
48,1808.0,26,245.0,1,-1.0,0,2
55,-308.0,2,781.0,1,-1.0,0,2
41,1092.0,5,736.0,1,-1.0,0,2
52,3923.0,14,942.0,3,-1.0,0,2
76,1411.0,15,170.0,3,-1.0,0,2
25,-282.0,25,198.0,1,-1.0,0,1
48,275.0,5,34.0,1,-1.0,0,1
51,176.0,6,217.0,4,-1.0,0,1
25,331.0,26,170.0,4,-1.0,0,2
28,-9.0,9,175.0,5,-1.0,0,1
20,502.0,30,261.0,1,-1.0,0,2
34,1524.0,16,399.0,1,-1.0,0,1
29,-43.0,9,484.0,1,-1.0,0,1
24,867.0,20,546.0,10,-1.0,0,2
41,3123.0,3,1203.0,2,135.0,2,2
59,5397.0,23,244.0,1,92.0,3,2
34,647.0,29,392.0,1,-1.0,0,1
62,2557.0,14,211.0,1,216.0,7,2
38,0.0,18,185.0,3,-1.0,0,1
34,12.0,21,164.0,1,-1.0,0,1
27,6036.0,31,175.0,1,181.0,1,2
35,146.0,6,720.0,2,-1.0,0,2
30,4210.0,12,796.0,4,-1.0,0,2
26,523.0,29,216.0,1,-1.0,0,1
62,1084.0,14,505.0,1,-1.0,0,2
33,3915.0,7,65.0,4,-1.0,0,1
51,437.0,6,109.0,1,-1.0,0,1
51,3463.0,13,371.0,2,166.0,3,2
39,0.0,17,69.0,1,-1.0,0,1
34,2633.0,21,705.0,6,-1.0,0,2
36,0.0,13,296.0,8,-1.0,0,1
22,780.0,17,272.0,3,-1.0,0,2
33,1050.0,26,304.0,4,-1.0,0,1
33,0.0,20,210.0,2,-1.0,0,1
34,510.0,27,33.0,7,-1.0,0,1
56,4266.0,17,490.0,4,-1.0,0,2
60,294.0,18,104.0,5,198.0,4,1
31,0.0,14,215.0,1,-1.0,0,1
29,2326.0,6,195.0,1,-1.0,0,2
41,56.0,31,63.0,21,-1.0,0,1
32,1780.0,3,238.0,6,-1.0,0,1
41,1567.0,1,291.0,2,-1.0,0,1
32,12198.0,18,178.0,1,-1.0,0,2
48,418.0,9,102.0,3,-1.0,0,1
41,0.0,6,165.0,4,-1.0,0,1
77,4659.0,14,161.0,1,-1.0,0,2
44,579.0,6,198.0,2,-1.0,0,1
48,0.0,28,270.0,5,-1.0,0,2
35,262.0,15,427.0,1,181.0,3,2
50,173.0,12,7.0,5,342.0,15,1
26,1595.0,15,155.0,1,105.0,1,2
34,682.0,27,472.0,3,-1.0,0,1
35,90.0,23,203.0,1,-1.0,0,1
57,3109.0,2,482.0,2,-1.0,0,2
55,0.0,22,102.0,1,106.0,1,1
25,483.0,3,189.0,1,-1.0,0,2
48,11298.0,9,97.0,2,-1.0,0,1
35,149.0,29,507.0,3,349.0,1,2
40,-21.0,18,68.0,2,368.0,3,1
38,2467.0,2,192.0,1,-1.0,0,2
43,216.0,11,129.0,1,-1.0,0,1
59,2.0,2,935.0,1,-1.0,0,2
30,743.0,29,142.0,2,-1.0,0,1
74,29080.0,30,301.0,5,93.0,4,2
59,0.0,5,493.0,2,-1.0,0,2
31,0.0,6,144.0,2,-1.0,0,1
29,2178.0,22,260.0,2,139.0,1,2
54,1044.0,29,597.0,5,-1.0,0,1
25,248.0,14,121.0,1,-1.0,0,1
31,12857.0,4,483.0,4,87.0,2,2
57,8403.0,20,11.0,11,-1.0,0,1
37,3175.0,20,168.0,1,-1.0,0,1
57,2887.0,11,123.0,1,-1.0,0,1
52,213.0,14,164.0,2,-1.0,0,1
40,1451.0,1,314.0,1,-1.0,0,2
36,0.0,12,398.0,6,-1.0,0,2
55,953.0,6,125.0,3,-1.0,0,1
49,259.0,13,149.0,1,-1.0,0,1
43,1358.0,10,159.0,3,-1.0,0,2
40,10378.0,17,523.0,3,-1.0,0,1
38,3278.0,19,645.0,14,-1.0,0,2
32,1012.0,14,178.0,1,-1.0,0,1
58,3109.0,29,295.0,1,287.0,4,2
54,1826.0,17,264.0,4,-1.0,0,1
30,229.0,29,24.0,3,-1.0,0,1
38,1262.0,17,49.0,2,-1.0,0,1
43,6.0,29,365.0,2,-1.0,0,1
40,7968.0,2,596.0,1,-1.0,0,2
32,3829.0,20,267.0,1,-1.0,0,1
53,3634.0,7,211.0,4,88.0,8,2
35,16.0,17,158.0,2,-1.0,0,1
35,-180.0,13,823.0,2,-1.0,0,2
45,429.0,22,147.0,1,181.0,1,2
39,763.0,11,877.0,7,300.0,2,2
37,1000.0,22,239.0,1,99.0,2,2
40,-495.0,29,303.0,2,-1.0,0,1
37,1207.0,6,1353.0,2,138.0,2,2
54,5417.0,3,376.0,1,-1.0,0,1
58,188.0,14,141.0,2,-1.0,0,1
33,3605.0,20,308.0,1,-1.0,0,1
24,9.0,17,468.0,1,-1.0,0,1
46,2466.0,1,216.0,3,370.0,1,2
56,12.0,8,226.0,1,-1.0,0,1
33,1699.0,28,202.0,1,83.0,3,2
60,439.0,25,464.0,1,321.0,1,2
36,5958.0,22,155.0,1,184.0,1,2
31,239.0,18,666.0,1,360.0,1,2
58,826.0,12,885.0,1,-1.0,0,2
28,-58.0,8,74.0,1,-1.0,0,1
35,846.0,19,175.0,2,-1.0,0,1
27,353.0,15,663.0,1,-1.0,0,2
42,0.0,14,67.0,7,177.0,1,1
32,324.0,23,432.0,1,-1.0,0,2
58,0.0,13,641.0,4,-1.0,0,2
37,792.0,16,1187.0,4,-1.0,0,2
36,811.0,6,229.0,1,-1.0,0,2
31,-360.0,27,93.0,2,-1.0,0,1
22,3992.0,19,194.0,2,-1.0,0,1
49,463.0,15,541.0,2,-1.0,0,1
40,0.0,26,178.0,2,-1.0,0,1
33,1636.0,27,165.0,1,-1.0,0,2
61,6610.0,24,481.0,2,-1.0,0,2
23,292.0,13,437.0,2,-1.0,0,1
28,1363.0,27,79.0,1,-1.0,0,2
25,1116.0,17,68.0,6,-1.0,0,1
34,1655.0,28,49.0,2,-1.0,0,1
52,83.0,26,1223.0,6,-1.0,0,2
51,1093.0,18,18.0,1,-1.0,0,1
46,435.0,15,192.0,3,-1.0,0,1
64,109.0,23,706.0,1,225.0,2,2
45,0.0,29,264.0,1,-1.0,0,2
24,1295.0,21,476.0,1,-1.0,0,2
60,5.0,4,494.0,1,95.0,2,2
71,0.0,26,771.0,1,171.0,1,2
53,725.0,16,227.0,4,-1.0,0,1
40,2394.0,9,75.0,4,-1.0,0,1
35,366.0,29,480.0,9,-1.0,0,1
38,257.0,30,435.0,1,-1.0,0,2
52,955.0,17,301.0,2,134.0,4,2
41,372.0,11,117.0,1,-1.0,0,1
40,1509.0,15,144.0,2,124.0,1,1
50,280.0,18,61.0,23,-1.0,0,1
30,0.0,10,1399.0,1,-1.0,0,2
33,816.0,11,383.0,2,503.0,2,2
53,1961.0,15,351.0,1,-1.0,0,2
26,507.0,30,380.0,1,-1.0,0,2
38,0.0,22,1545.0,1,-1.0,0,2
45,0.0,7,344.0,1,-1.0,0,2
36,1109.0,23,122.0,5,-1.0,0,1
27,592.0,5,466.0,3,-1.0,0,1
37,596.0,13,281.0,1,345.0,2,1
34,1758.0,6,14.0,8,-1.0,0,1
37,2442.0,16,91.0,3,-1.0,0,2
48,24.0,14,832.0,1,-1.0,0,2
52,167.0,16,163.0,1,-1.0,0,1
35,1613.0,18,95.0,1,-1.0,0,1
26,133.0,25,57.0,3,-1.0,0,1
30,106.0,18,149.0,1,-1.0,0,1
62,2557.0,10,404.0,1,57.0,8,2
55,1937.0,21,64.0,3,-1.0,0,1
51,538.0,18,1122.0,4,-1.0,0,2
23,492.0,4,638.0,1,-1.0,0,2
37,1784.0,19,19.0,5,-1.0,0,1
37,5287.0,19,599.0,4,100.0,2,1
26,45.0,10,1187.0,3,-1.0,0,2
82,8603.0,7,429.0,1,-1.0,0,2
32,819.0,20,114.0,2,-1.0,0,2
52,98.0,19,148.0,1,-1.0,0,1
54,1241.0,20,17.0,5,-1.0,0,1
42,2103.0,13,384.0,2,-1.0,0,2
73,5539.0,6,338.0,1,-1.0,0,2
29,-349.0,15,233.0,4,-1.0,0,1
30,1221.0,25,279.0,4,-1.0,0,2
45,3150.0,17,101.0,2,-1.0,0,1
42,1220.0,28,155.0,2,-1.0,0,1
46,926.0,7,385.0,5,-1.0,0,2
33,1412.0,19,480.0,1,-1.0,0,2
28,223.0,27,157.0,2,119.0,1,2
41,0.0,17,294.0,4,63.0,11,2
58,5701.0,30,354.0,1,87.0,1,2
24,414.0,18,493.0,1,370.0,1,2
54,2960.0,13,94.0,9,85.0,1,1
47,109.0,22,268.0,1,-1.0,0,1
31,4.0,17,234.0,2,-1.0,0,1
43,6835.0,19,187.0,1,152.0,2,1
34,2956.0,6,835.0,2,-1.0,0,2
47,-598.0,28,239.0,4,-1.0,0,1
44,618.0,12,193.0,1,-1.0,0,2
36,376.0,13,193.0,1,92.0,1,2
32,2431.0,14,646.0,5,-1.0,0,2
37,-456.0,20,42.0,7,-1.0,0,1
51,1327.0,7,21.0,2,-1.0,0,1
36,272.0,11,222.0,2,-1.0,0,1
28,41.0,15,885.0,3,352.0,2,2
27,416.0,30,1193.0,2,-1.0,0,2
33,278.0,1,563.0,5,-1.0,0,2
42,1376.0,2,712.0,4,-1.0,0,2
47,437.0,20,133.0,4,-1.0,0,1
48,174.0,8,36.0,8,-1.0,0,1
55,255.0,22,114.0,1,-1.0,0,1
23,2530.0,12,411.0,1,-1.0,0,2
47,2787.0,11,479.0,1,-1.0,0,2
26,-46.0,20,382.0,7,-1.0,0,2
90,712.0,3,557.0,1,-1.0,0,2
31,3311.0,20,719.0,1,-1.0,0,2
26,3.0,1,149.0,1,350.0,1,2
71,4380.0,22,369.0,1,-1.0,0,2
35,219.0,29,161.0,1,-1.0,0,1
43,2081.0,22,554.0,3,-1.0,0,2
33,2054.0,25,472.0,6,-1.0,0,2
34,0.0,18,431.0,6,-1.0,0,1
28,-127.0,4,1044.0,3,-1.0,0,2
33,5437.0,4,267.0,1,91.0,1,2
32,356.0,29,56.0,2,223.0,5,1
45,31.0,28,280.0,1,-1.0,0,1
31,2.0,20,182.0,2,-1.0,0,2
26,1842.0,22,611.0,1,-1.0,0,1
28,1584.0,1,222.0,2,-1.0,0,2
35,4.0,14,88.0,1,-1.0,0,1
48,4.0,20,7.0,5,318.0,10,1
44,1138.0,27,523.0,3,-1.0,0,2
40,830.0,13,873.0,3,370.0,2,2
51,568.0,4,37.0,1,-1.0,0,1
31,2304.0,20,257.0,2,-1.0,0,1
31,1657.0,28,872.0,1,-1.0,0,2
31,1619.0,30,327.0,2,-1.0,0,2
30,0.0,15,432.0,1,-1.0,0,1
53,206.0,5,145.0,1,-1.0,0,1
31,4328.0,12,203.0,4,165.0,14,2
40,169.0,20,214.0,1,346.0,1,1
26,370.0,8,1061.0,4,-1.0,0,2
36,-78.0,2,1068.0,1,-1.0,0,2
45,0.0,26,1472.0,1,192.0,4,2
31,163.0,30,707.0,2,2.0,1,2
27,941.0,11,124.0,1,-1.0,0,1
34,806.0,19,253.0,3,458.0,1,2
50,10250.0,7,254.0,3,385.0,2,2
36,11650.0,29,268.0,1,-1.0,0,2
42,994.0,12,227.0,3,93.0,6,2
25,-41.0,14,114.0,2,-1.0,0,1
26,390.0,7,325.0,1,-1.0,0,2
31,1868.0,9,213.0,2,-1.0,0,1
57,486.0,5,180.0,2,-1.0,0,1
26,274.0,1,351.0,3,-1.0,0,2
56,3391.0,21,243.0,1,-1.0,0,2
40,3090.0,13,664.0,1,-1.0,0,1
27,513.0,18,351.0,1,-1.0,0,2
25,277.0,27,311.0,2,-1.0,0,2
28,261.0,9,259.0,2,98.0,4,2
29,84.0,3,587.0,3,-1.0,0,2
29,6.0,25,315.0,1,-1.0,0,2
46,8717.0,15,343.0,5,-1.0,0,1
36,12264.0,12,158.0,2,-1.0,0,2
45,0.0,5,370.0,2,-1.0,0,1
61,32685.0,2,1447.0,2,-1.0,0,2
31,5.0,21,635.0,1,135.0,2,2
42,325.0,28,97.0,4,-1.0,0,1
45,205.0,3,373.0,1,92.0,1,2
30,451.0,5,173.0,1,274.0,3,1
59,1575.0,22,1241.0,11,-1.0,0,2
31,-405.0,13,703.0,2,-1.0,0,2
57,4.0,21,50.0,5,-1.0,0,1
31,18.0,8,82.0,2,-1.0,0,1
35,5958.0,22,215.0,1,-1.0,0,2
53,2581.0,21,828.0,1,189.0,1,2
58,435.0,28,122.0,6,-1.0,0,1
25,316.0,27,347.0,2,-1.0,0,2
38,318.0,5,274.0,1,182.0,6,2
51,5254.0,23,134.0,1,-1.0,0,2
34,783.0,8,281.0,1,-1.0,0,1
30,1.0,8,175.0,5,-1.0,0,1
35,43.0,11,917.0,4,-1.0,0,2
36,618.0,13,360.0,1,335.0,2,2
30,277.0,8,166.0,1,42.0,1,1
43,800.0,13,902.0,1,-1.0,0,2
32,530.0,29,131.0,1,127.0,3,1
33,196.0,12,183.0,5,-1.0,0,1
29,380.0,12,154.0,2,-1.0,0,1
41,5310.0,17,984.0,1,-1.0,0,2
37,779.0,28,85.0,1,-1.0,0,1
46,974.0,17,178.0,1,-1.0,0,2
46,437.0,13,546.0,3,-1.0,0,2
34,402.0,13,813.0,2,-1.0,0,1
37,0.0,23,242.0,5,153.0,7,2
42,984.0,29,109.0,1,-1.0,0,1
57,79.0,1,60.0,1,592.0,2,1
47,405.0,8,994.0,2,-1.0,0,2
55,3546.0,18,588.0,1,110.0,2,1
45,879.0,7,621.0,2,-1.0,0,2
57,-898.0,21,322.0,3,-1.0,0,1
52,5303.0,19,133.0,1,-1.0,0,2
27,138.0,15,89.0,2,-1.0,0,2
57,0.0,20,45.0,4,-1.0,0,1
41,11008.0,18,1540.0,1,-1.0,0,2
36,1189.0,17,220.0,1,-1.0,0,2
45,804.0,16,528.0,1,-1.0,0,2
42,117.0,9,105.0,1,-1.0,0,1
57,491.0,15,1217.0,3,-1.0,0,2
38,2329.0,29,261.0,1,-1.0,0,1
39,0.0,5,811.0,2,-1.0,0,2
36,-92.0,18,196.0,3,-1.0,0,1
37,0.0,26,24.0,1,-1.0,0,1
41,-140.0,26,472.0,3,-1.0,0,1
47,863.0,19,943.0,2,-1.0,0,2
36,-272.0,4,53.0,6,-1.0,0,1
45,5021.0,14,233.0,1,-1.0,0,2
33,1429.0,31,268.0,8,-1.0,0,2
36,378.0,5,1240.0,1,-1.0,0,2
41,140.0,3,96.0,1,125.0,2,1
39,6512.0,20,16.0,6,-1.0,0,1
35,0.0,29,543.0,1,-1.0,0,2
46,842.0,8,833.0,1,-1.0,0,2
40,209.0,12,302.0,2,344.0,3,1
54,515.0,17,205.0,1,-1.0,0,1
37,603.0,18,339.0,2,-1.0,0,1
37,0.0,16,1150.0,1,-1.0,0,1
30,872.0,15,61.0,1,298.0,2,1
29,2439.0,2,263.0,2,-1.0,0,1
47,2232.0,27,439.0,1,103.0,1,2
83,2619.0,16,181.0,2,-1.0,0,1
41,2498.0,12,411.0,1,-1.0,0,2
37,281.0,16,279.0,2,-1.0,0,1
51,1057.0,9,149.0,2,-1.0,0,1
45,3133.0,10,804.0,1,-1.0,0,2
47,293.0,3,499.0,1,-1.0,0,2
30,33.0,25,396.0,1,-1.0,0,1
43,-41.0,20,8.0,3,-1.0,0,1
42,5.0,13,853.0,1,-1.0,0,1
51,895.0,23,638.0,2,-1.0,0,2
30,5.0,10,829.0,5,-1.0,0,2
35,0.0,28,81.0,2,-1.0,0,1
36,-37.0,27,151.0,1,-1.0,0,1
55,1261.0,19,166.0,1,-1.0,0,1
37,127.0,13,71.0,1,-1.0,0,2
53,1982.0,27,160.0,1,-1.0,0,2
55,517.0,6,47.0,3,263.0,4,1
53,10541.0,9,178.0,1,-1.0,0,2
35,68.0,6,1085.0,1,-1.0,0,2
28,59.0,3,330.0,3,190.0,6,1
45,236.0,20,703.0,2,-1.0,0,2
33,661.0,4,90.0,4,167.0,3,1
35,295.0,17,473.0,1,-1.0,0,2
53,1296.0,17,115.0,1,-1.0,0,1
58,3864.0,15,815.0,4,-1.0,0,2
57,-868.0,23,186.0,1,-1.0,0,1
34,486.0,16,204.0,1,328.0,2,1
57,2112.0,12,1134.0,2,-1.0,0,2
40,992.0,31,196.0,2,-1.0,0,1
30,1779.0,11,233.0,1,433.0,1,2
31,0.0,29,183.0,3,-1.0,0,1
75,3771.0,16,186.0,1,183.0,1,2
34,2495.0,23,924.0,1,-1.0,0,2
56,1137.0,2,176.0,1,-1.0,0,2
44,5414.0,30,166.0,4,-1.0,0,1
38,1988.0,2,103.0,1,67.0,4,2
31,757.0,3,343.0,2,-1.0,0,1
38,1401.0,13,516.0,1,-1.0,0,2
54,3529.0,4,686.0,2,-1.0,0,1
32,311.0,12,757.0,2,-1.0,0,2
33,47.0,19,168.0,2,-1.0,0,1
38,593.0,24,1484.0,24,-1.0,0,2
57,1610.0,16,147.0,1,-1.0,0,1
44,1529.0,30,347.0,1,-1.0,0,2
38,67.0,28,74.0,1,239.0,2,1
52,0.0,13,179.0,3,257.0,6,1
32,5806.0,20,1503.0,2,-1.0,0,2
39,-190.0,11,893.0,8,-1.0,0,2
31,2085.0,21,639.0,2,93.0,4,1
43,699.0,20,1258.0,2,122.0,2,2
61,264.0,29,270.0,1,178.0,1,2
27,326.0,22,326.0,1,-1.0,0,2
58,776.0,9,990.0,1,-1.0,0,2
55,0.0,29,316.0,2,-1.0,0,1
28,246.0,14,162.0,4,-1.0,0,1
34,1217.0,20,142.0,2,328.0,3,1
47,318.0,21,83.0,1,-1.0,0,1
26,101.0,5,810.0,1,268.0,1,2
33,1623.0,2,291.0,3,-1.0,0,2
33,13160.0,10,212.0,1,-1.0,0,1
34,182.0,6,938.0,2,-1.0,0,2
43,693.0,5,124.0,3,-1.0,0,1
32,3387.0,15,1111.0,5,-1.0,0,2
35,539.0,3,198.0,2,267.0,1,1
24,758.0,15,129.0,1,-1.0,0,1
39,622.0,20,169.0,1,-1.0,0,1
67,2301.0,16,124.0,1,-1.0,0,1
35,634.0,29,122.0,2,-1.0,0,1
54,1664.0,15,106.0,1,105.0,3,2
33,258.0,12,80.0,4,-1.0,0,2
31,23.0,25,121.0,3,-1.0,0,1
51,2439.0,19,118.0,1,-1.0,0,1
57,2770.0,21,158.0,1,-1.0,0,1
45,274.0,4,101.0,1,-1.0,0,1
47,176.0,19,91.0,2,-1.0,0,1
32,540.0,29,750.0,1,-1.0,0,2
59,739.0,14,408.0,1,-1.0,0,2
59,1723.0,19,70.0,1,-1.0,0,1
35,1133.0,3,102.0,1,-1.0,0,2
34,430.0,21,82.0,4,-1.0,0,1
58,2160.0,5,1090.0,1,-1.0,0,2
40,2346.0,16,182.0,3,-1.0,0,1
30,201.0,31,219.0,1,157.0,12,2
46,2817.0,17,543.0,1,-1.0,0,2
50,1200.0,14,904.0,3,-1.0,0,2
73,279.0,28,399.0,3,-1.0,0,2
35,387.0,8,1024.0,3,347.0,3,2
38,21963.0,18,70.0,2,-1.0,0,1
42,257.0,12,955.0,2,-1.0,0,2
45,608.0,7,1135.0,3,323.0,30,2
44,146.0,15,483.0,1,-1.0,0,2
47,1110.0,23,329.0,3,-1.0,0,1
48,4099.0,2,397.0,2,-1.0,0,2
61,103.0,7,292.0,1,-1.0,0,1
50,-298.0,6,68.0,8,-1.0,0,1
39,1382.0,11,397.0,2,-1.0,0,2
33,2481.0,12,104.0,2,-1.0,0,1
38,384.0,3,387.0,1,-1.0,0,1
34,462.0,21,1877.0,3,-1.0,0,2
41,3138.0,14,409.0,1,398.0,1,2
31,3384.0,22,247.0,3,187.0,3,2
54,384.0,27,200.0,1,-1.0,0,2
26,2857.0,3,446.0,1,-1.0,0,2
56,1238.0,5,1558.0,1,-1.0,0,2
62,272.0,11,289.0,1,92.0,3,2
37,1045.0,4,106.0,1,79.0,3,1
43,-247.0,2,751.0,2,76.0,4,2
33,1636.0,4,592.0,1,66.0,1,2
29,41.0,13,148.0,2,-1.0,0,2
39,1397.0,12,10.0,1,-1.0,0,1
56,45.0,5,1467.0,1,-1.0,0,2
29,694.0,16,1806.0,4,-1.0,0,2
51,0.0,15,177.0,4,99.0,2,1
35,24.0,8,169.0,1,231.0,2,1
45,446.0,6,304.0,3,-1.0,0,2
21,2488.0,30,258.0,6,169.0,3,2
31,46.0,10,487.0,1,-1.0,0,2
42,1275.0,21,925.0,5,-1.0,0,2
26,3244.0,2,141.0,1,5.0,1,1
34,1068.0,18,46.0,6,378.0,2,1
31,459.0,7,623.0,1,293.0,1,2
39,399.0,9,504.0,1,-1.0,0,1
31,106.0,13,101.0,13,-1.0,0,1
54,258.0,25,86.0,1,88.0,1,1
81,5220.0,13,135.0,1,94.0,2,2
30,3086.0,20,150.0,1,-1.0,0,1
26,-122.0,23,670.0,3,-1.0,0,2
46,1600.0,11,1244.0,1,-1.0,0,2
59,434.0,12,63.0,3,-1.0,0,1
28,5763.0,5,196.0,2,-1.0,0,2
47,759.0,19,30.0,2,-1.0,0,1
36,27.0,9,631.0,1,260.0,2,2
41,96.0,30,136.0,2,-1.0,0,1
55,-180.0,1,307.0,2,-1.0,0,1
35,1942.0,8,249.0,1,-1.0,0,1
50,78.0,4,143.0,1,-1.0,0,1
29,2799.0,5,371.0,2,-1.0,0,1
61,10861.0,26,336.0,2,259.0,3,2
43,324.0,8,629.0,4,-1.0,0,1
54,194.0,20,127.0,2,-1.0,0,1
31,1.0,30,101.0,16,-1.0,0,1
50,74.0,27,146.0,1,-1.0,0,1
36,2646.0,13,169.0,1,182.0,10,2
52,0.0,20,47.0,1,-1.0,0,1
44,878.0,2,130.0,1,-1.0,0,1
67,1443.0,8,245.0,1,-1.0,0,2
28,216.0,13,66.0,1,-1.0,0,1
57,256.0,6,227.0,1,-1.0,0,2
33,-923.0,31,237.0,9,-1.0,0,1
77,638.0,11,288.0,1,188.0,1,2
43,451.0,12,289.0,2,-1.0,0,2
29,1186.0,10,313.0,1,-1.0,0,1
49,6188.0,18,453.0,1,-1.0,0,2
43,918.0,6,193.0,1,-1.0,0,1
35,577.0,13,55.0,1,364.0,1,1
46,1004.0,15,34.0,1,-1.0,0,1
37,751.0,2,186.0,4,-1.0,0,1
31,2544.0,12,229.0,1,279.0,2,2
46,3308.0,28,219.0,2,-1.0,0,2
28,1080.0,18,192.0,1,-1.0,0,1
35,204.0,30,110.0,3,189.0,1,1
48,-18.0,8,11.0,1,-1.0,0,1
42,478.0,8,165.0,1,-1.0,0,1
48,0.0,20,108.0,4,-1.0,0,1
41,1081.0,27,229.0,3,-1.0,0,2
62,7458.0,30,212.0,2,-1.0,0,2
36,9.0,11,386.0,4,-1.0,0,2
33,2364.0,17,508.0,1,-1.0,0,2
29,2378.0,20,239.0,1,276.0,6,1
32,3283.0,12,623.0,2,191.0,2,2
54,0.0,6,138.0,3,-1.0,0,1
54,162.0,6,184.0,1,-1.0,0,1
33,-260.0,17,224.0,2,-1.0,0,1
42,-350.0,30,149.0,1,-1.0,0,1
56,411.0,19,145.0,4,-1.0,0,1
28,874.0,5,509.0,1,-1.0,0,2
37,3943.0,6,1138.0,2,138.0,1,2
46,167.0,19,155.0,3,-1.0,0,1
48,1730.0,4,489.0,1,178.0,2,2
52,2557.0,28,134.0,5,204.0,2,2
32,118.0,17,1275.0,1,-1.0,0,2
33,271.0,13,182.0,2,91.0,2,2
56,1390.0,18,543.0,1,-1.0,0,2
36,30.0,8,716.0,5,-1.0,0,2
46,665.0,30,89.0,4,235.0,2,1
57,10583.0,28,341.0,3,98.0,3,2
31,1761.0,29,332.0,3,440.0,3,2
52,2557.0,8,340.0,1,156.0,1,2
34,558.0,20,108.0,2,-1.0,0,1
35,925.0,8,200.0,4,-1.0,0,2
54,258.0,26,29.0,1,-1.0,0,1
34,184.0,30,87.0,3,-1.0,0,1
40,27.0,20,467.0,2,-1.0,0,2
78,1780.0,25,211.0,2,185.0,7,2
31,210.0,15,166.0,1,-1.0,0,1
28,0.0,25,269.0,1,40.0,2,2
48,595.0,24,464.0,1,-1.0,0,1
51,955.0,17,221.0,3,-1.0,0,2
51,480.0,12,189.0,1,326.0,5,1
34,0.0,27,36.0,7,-1.0,0,1
32,458.0,23,125.0,2,-1.0,0,1
24,9883.0,8,210.0,5,-1.0,0,2
62,800.0,17,737.0,1,-1.0,0,2
42,376.0,8,15.0,1,-1.0,0,1
30,880.0,19,967.0,6,-1.0,0,2
37,108.0,4,262.0,2,-1.0,0,2
31,409.0,9,564.0,5,-1.0,0,2
30,8535.0,18,393.0,2,-1.0,0,2
53,2245.0,24,125.0,2,-1.0,0,1
33,180.0,4,561.0,1,435.0,3,2
38,0.0,7,196.0,2,-1.0,0,1
33,-103.0,19,149.0,2,175.0,1,1
59,0.0,5,214.0,1,-1.0,0,1
71,1712.0,11,660.0,1,-1.0,0,2
26,5169.0,25,397.0,1,35.0,2,2
33,91.0,10,526.0,1,-1.0,0,1
33,0.0,21,521.0,3,-1.0,0,2
33,227.0,13,477.0,2,-1.0,0,2
38,0.0,15,225.0,1,-1.0,0,1
54,1037.0,12,612.0,4,-1.0,0,1
33,51.0,21,273.0,2,-1.0,0,1
43,4056.0,4,13.0,6,89.0,2,1
47,1172.0,19,86.0,1,-1.0,0,1
52,659.0,28,390.0,4,93.0,1,2
30,569.0,27,976.0,12,-1.0,0,2
34,859.0,28,829.0,1,-1.0,0,2
33,685.0,17,53.0,1,-1.0,0,1
30,49.0,30,808.0,2,-1.0,0,2
37,7620.0,23,367.0,1,176.0,6,2
41,140.0,29,636.0,2,-1.0,0,1
32,1644.0,7,492.0,3,102.0,5,2
26,-295.0,7,556.0,1,-1.0,0,1
37,217.0,11,152.0,1,-1.0,0,1
50,-470.0,19,130.0,2,160.0,1,1
30,305.0,13,75.0,1,105.0,3,1
38,35.0,17,156.0,1,273.0,3,1
29,2929.0,5,232.0,1,89.0,4,2
34,2733.0,14,604.0,1,-1.0,0,2
45,-106.0,7,553.0,3,288.0,1,2
31,0.0,26,76.0,2,-1.0,0,1
32,889.0,3,1076.0,2,85.0,3,2
39,-146.0,20,239.0,2,-1.0,0,1
38,1722.0,10,500.0,1,-1.0,0,2
38,4174.0,23,336.0,2,184.0,5,2
31,1402.0,21,104.0,2,-1.0,0,1
32,1879.0,6,591.0,8,-1.0,0,2
28,103.0,16,461.0,2,-1.0,0,1
49,0.0,26,189.0,4,-1.0,0,1
42,-401.0,29,145.0,2,-1.0,0,1
38,4.0,2,129.0,1,-1.0,0,1
33,165.0,23,218.0,1,-1.0,0,1
38,378.0,21,184.0,21,-1.0,0,1
21,61.0,8,141.0,1,-1.0,0,1
45,2552.0,1,69.0,1,293.0,7,2
44,251.0,20,14.0,6,-1.0,0,1
47,2351.0,10,80.0,1,-1.0,0,2
44,5773.0,23,597.0,6,-1.0,0,2
42,117.0,9,147.0,1,-1.0,0,1
32,381.0,2,347.0,2,-1.0,0,1
54,12018.0,21,267.0,2,-1.0,0,2
27,1595.0,29,196.0,2,197.0,2,2
50,-143.0,15,305.0,3,-1.0,0,1
33,1530.0,28,88.0,25,-1.0,0,1
39,94.0,6,181.0,2,-1.0,0,1
30,5359.0,27,119.0,1,98.0,1,2
37,156.0,19,366.0,3,-1.0,0,2
30,601.0,27,154.0,1,-1.0,0,1
48,660.0,18,318.0,1,561.0,2,2
52,961.0,18,222.0,1,553.0,4,2
33,145.0,29,369.0,2,-1.0,0,1
32,90.0,13,116.0,2,-1.0,0,1
73,1609.0,14,169.0,2,-1.0,0,2
33,221.0,13,669.0,1,355.0,4,2
46,91.0,6,29.0,1,356.0,2,1
22,-7.0,17,84.0,1,343.0,1,1
26,943.0,11,166.0,1,195.0,1,2
24,125.0,9,263.0,1,90.0,1,2
27,1117.0,7,416.0,4,-1.0,0,1
37,1.0,6,608.0,1,-1.0,0,2
54,395.0,30,183.0,1,183.0,2,2
35,289.0,11,80.0,10,-1.0,0,1
60,4.0,5,882.0,2,-1.0,0,1
41,232.0,8,104.0,3,-1.0,0,1
40,0.0,17,728.0,3,-1.0,0,1
34,549.0,6,1246.0,2,-1.0,0,2
48,3287.0,20,242.0,2,307.0,1,1
30,305.0,30,633.0,1,85.0,2,2
44,348.0,16,170.0,2,-1.0,0,2
58,-382.0,31,644.0,12,-1.0,0,2
49,1830.0,13,261.0,1,179.0,1,2
28,261.0,29,254.0,3,142.0,6,2
38,86.0,6,218.0,1,-1.0,0,1
37,597.0,2,395.0,1,-1.0,0,2
83,425.0,22,883.0,1,140.0,1,2
35,-33.0,6,109.0,1,-1.0,0,1
26,205.0,29,239.0,1,-1.0,0,1
48,2892.0,7,407.0,1,385.0,1,2
38,592.0,6,275.0,1,-1.0,0,1
45,377.0,19,835.0,3,-1.0,0,2
71,3020.0,30,304.0,1,270.0,3,2
44,111.0,25,356.0,3,-1.0,0,1
31,2907.0,12,248.0,1,194.0,3,2
40,348.0,5,142.0,2,-1.0,0,1
37,1113.0,1,265.0,2,183.0,2,2
39,5.0,21,167.0,1,-1.0,0,1
24,2845.0,30,779.0,2,-1.0,0,2
27,567.0,25,238.0,2,184.0,1,2
33,2599.0,30,1373.0,2,-1.0,0,2
39,170.0,8,408.0,2,-1.0,0,1
48,1000.0,12,1268.0,2,-1.0,0,2
50,29.0,7,83.0,4,266.0,20,1
39,298.0,20,216.0,1,-1.0,0,1
41,3823.0,26,234.0,10,-1.0,0,1
36,99.0,17,256.0,9,-1.0,0,1
39,733.0,16,83.0,4,-1.0,0,1
31,308.0,7,194.0,1,-1.0,0,1
35,4124.0,23,350.0,2,445.0,7,2
30,2666.0,4,781.0,3,89.0,1,2
56,12.0,20,282.0,2,135.0,1,1
56,870.0,16,257.0,1,-1.0,0,2
25,40.0,12,64.0,1,-1.0,0,1
51,8863.0,19,435.0,2,-1.0,0,1
35,1396.0,13,809.0,1,300.0,1,2
39,494.0,9,216.0,1,183.0,5,2
76,1780.0,23,413.0,3,-1.0,0,2
36,1479.0,15,65.0,2,-1.0,0,1
42,43.0,14,735.0,8,-1.0,0,1
36,1.0,8,1242.0,3,-1.0,0,2
41,140.0,6,311.0,3,-1.0,0,1
41,-117.0,6,117.0,6,-1.0,0,1
45,476.0,6,356.0,1,364.0,1,2
28,832.0,29,433.0,3,342.0,1,2
47,1981.0,21,919.0,2,-1.0,0,2
36,393.0,30,555.0,2,-1.0,0,2
36,171.0,12,92.0,2,-1.0,0,1
30,270.0,30,437.0,1,80.0,1,2
27,102.0,26,9.0,1,-1.0,0,1
64,5112.0,19,898.0,7,137.0,11,2
35,294.0,15,238.0,6,98.0,5,1
42,961.0,18,10.0,6,354.0,1,1
38,-345.0,28,177.0,2,-1.0,0,1
32,-233.0,28,140.0,2,-1.0,0,1
45,-191.0,18,178.0,3,-1.0,0,1
52,105.0,20,96.0,1,-1.0,0,1
33,3689.0,27,445.0,3,-1.0,0,2
48,295.0,17,123.0,1,164.0,2,1
48,500.0,5,53.0,1,-1.0,0,1
51,9.0,18,371.0,2,-1.0,0,2
46,0.0,4,242.0,5,-1.0,0,1
21,71.0,13,169.0,2,-1.0,0,2
48,368.0,8,363.0,2,140.0,7,2
57,-37.0,5,173.0,1,-1.0,0,1
34,48.0,24,357.0,7,-1.0,0,1
35,434.0,11,277.0,1,271.0,2,1
66,2149.0,25,98.0,1,87.0,10,2
30,161.0,8,298.0,3,-1.0,0,2
35,22.0,15,1190.0,2,302.0,2,2
38,1110.0,20,888.0,2,183.0,2,2
44,429.0,23,80.0,1,-1.0,0,2
35,7050.0,11,222.0,3,182.0,4,2
55,0.0,17,76.0,2,-1.0,0,1
32,486.0,29,1181.0,1,-1.0,0,2
50,816.0,19,630.0,1,-1.0,0,1
48,541.0,14,72.0,1,363.0,2,1
47,289.0,5,210.0,1,-1.0,0,1
29,0.0,20,204.0,3,-1.0,0,1
34,478.0,22,73.0,2,-1.0,0,1
24,235.0,9,98.0,1,92.0,1,2
34,1.0,22,483.0,7,-1.0,0,1
50,354.0,7,123.0,2,-1.0,0,1
33,1699.0,6,178.0,2,94.0,1,2
58,1980.0,5,255.0,1,-1.0,0,2
53,-8.0,5,794.0,1,-1.0,0,2
63,641.0,27,417.0,2,-1.0,0,2
30,877.0,13,92.0,5,-1.0,0,1
35,876.0,20,318.0,1,-1.0,0,1
30,79.0,5,528.0,2,196.0,1,1
22,344.0,18,347.0,1,-1.0,0,2
27,253.0,25,242.0,2,-1.0,0,2
63,1840.0,12,71.0,3,-1.0,0,1
54,154.0,9,155.0,3,-1.0,0,1
36,853.0,2,408.0,1,-1.0,0,1
63,1849.0,1,109.0,2,-1.0,0,1
52,0.0,4,74.0,1,-1.0,0,1
53,2057.0,20,134.0,1,-1.0,0,1
51,1052.0,25,280.0,4,-1.0,0,1
64,43.0,10,232.0,1,-1.0,0,2
33,718.0,6,122.0,1,98.0,2,2
51,0.0,22,176.0,4,-1.0,0,1
29,48.0,23,164.0,1,-1.0,0,1
60,514.0,16,263.0,1,124.0,9,2
31,720.0,9,94.0,3,-1.0,0,1
33,0.0,22,135.0,3,-1.0,0,1
54,473.0,2,182.0,1,81.0,1,2
42,498.0,11,173.0,2,-1.0,0,1
29,2753.0,30,645.0,1,-1.0,0,2
42,4.0,2,229.0,8,-1.0,0,1
47,-346.0,3,137.0,2,253.0,2,1
53,480.0,6,648.0,2,-1.0,0,2
36,1072.0,12,338.0,2,-1.0,0,1
27,297.0,11,273.0,5,-1.0,0,1
39,644.0,15,110.0,1,-1.0,0,1
53,1852.0,29,134.0,4,-1.0,0,1
40,767.0,6,168.0,1,-1.0,0,1
52,2569.0,11,258.0,5,-1.0,0,1
32,1094.0,11,207.0,7,-1.0,0,1
36,365.0,4,643.0,1,-1.0,0,2
41,4047.0,18,343.0,1,-1.0,0,2
26,985.0,6,267.0,2,-1.0,0,1
61,1191.0,21,214.0,4,-1.0,0,2
29,795.0,10,270.0,2,-1.0,0,1
54,140.0,27,473.0,2,182.0,2,2
36,197.0,30,260.0,1,-1.0,0,2
22,129.0,15,218.0,2,181.0,1,2
47,3505.0,17,434.0,2,-1.0,0,2
36,109.0,12,200.0,2,370.0,2,1
53,167.0,7,84.0,1,343.0,1,1
48,513.0,28,939.0,3,-1.0,0,2
31,493.0,18,158.0,1,-1.0,0,1
54,1213.0,12,241.0,1,-1.0,0,2
31,0.0,31,16.0,34,-1.0,0,1
33,616.0,6,250.0,3,-1.0,0,2
36,2823.0,8,215.0,1,371.0,6,2
33,1323.0,1,327.0,1,-1.0,0,2
33,0.0,26,192.0,6,-1.0,0,1
50,0.0,4,86.0,4,-1.0,0,1
44,51.0,27,3094.0,2,-1.0,0,2
28,497.0,24,1602.0,6,-1.0,0,2
44,0.0,30,684.0,2,-1.0,0,2
27,18188.0,12,541.0,17,-1.0,0,2
46,37378.0,14,146.0,1,518.0,1,1
52,601.0,14,249.0,2,-1.0,0,1
32,473.0,10,1064.0,1,95.0,3,2
52,3687.0,16,741.0,4,-1.0,0,2
30,10.0,18,658.0,2,-1.0,0,2
33,863.0,13,622.0,3,-1.0,0,2
36,0.0,8,171.0,1,172.0,3,1
33,2780.0,19,485.0,1,-1.0,0,2
33,67.0,16,137.0,2,-1.0,0,1
29,1082.0,30,77.0,4,-1.0,0,1
45,1723.0,1,166.0,2,-1.0,0,2
60,979.0,15,295.0,3,347.0,1,2
33,2321.0,2,308.0,1,109.0,4,1
43,10072.0,12,98.0,1,77.0,5,1
35,80.0,4,434.0,2,94.0,1,2
36,328.0,20,537.0,2,-1.0,0,1
41,1785.0,30,225.0,7,-1.0,0,1
41,0.0,30,509.0,2,-1.0,0,2
37,444.0,4,1063.0,5,-1.0,0,2
49,1697.0,19,236.0,1,-1.0,0,1
34,127.0,3,117.0,1,-1.0,0,2
48,334.0,19,270.0,2,-1.0,0,1
32,0.0,6,767.0,1,-1.0,0,2
54,2656.0,15,1187.0,2,320.0,2,1
33,4443.0,23,25.0,6,-1.0,0,1
50,0.0,29,159.0,1,120.0,2,2
25,1857.0,13,295.0,4,187.0,6,2
61,6.0,13,210.0,1,182.0,2,2
79,429.0,8,1006.0,2,-1.0,0,2
38,199.0,12,1203.0,1,306.0,1,2
27,0.0,8,732.0,1,-1.0,0,2
33,1781.0,8,611.0,2,183.0,1,2
53,252.0,31,727.0,4,-1.0,0,2
35,331.0,17,116.0,3,-1.0,0,1
59,9676.0,27,234.0,2,-1.0,0,2
46,0.0,26,208.0,2,-1.0,0,1
54,3076.0,27,367.0,2,-1.0,0,2
38,1373.0,22,119.0,4,-1.0,0,1
27,4745.0,12,411.0,4,192.0,1,2
67,694.0,7,250.0,1,-1.0,0,1
45,4170.0,20,114.0,3,-1.0,0,1
27,1601.0,4,390.0,2,-1.0,0,1
57,-524.0,16,199.0,4,-1.0,0,1
44,-99.0,6,111.0,2,-1.0,0,1
26,127.0,4,165.0,2,-1.0,0,1
60,514.0,15,187.0,2,213.0,10,2
30,617.0,27,192.0,2,-1.0,0,2
59,0.0,8,130.0,1,-1.0,0,1
54,8180.0,19,312.0,1,-1.0,0,1
38,0.0,13,531.0,2,-1.0,0,2
57,854.0,6,480.0,1,40.0,5,2
35,0.0,11,371.0,1,305.0,1,1
48,183.0,9,940.0,1,-1.0,0,2
24,656.0,16,894.0,1,-1.0,0,2
62,1381.0,19,1020.0,1,-1.0,0,1
41,1717.0,8,520.0,2,343.0,3,1
60,1588.0,6,728.0,1,-1.0,0,2
45,-249.0,1,92.0,1,-1.0,0,1
30,392.0,6,124.0,1,167.0,3,1
50,-1.0,20,151.0,1,-1.0,0,1
42,105.0,11,1159.0,4,-1.0,0,2
40,1558.0,20,44.0,15,-1.0,0,1
28,762.0,18,115.0,3,-1.0,0,2
33,700.0,9,126.0,1,88.0,1,2
52,31.0,10,135.0,1,-1.0,0,2
49,737.0,13,100.0,2,-1.0,0,1
34,-14.0,14,85.0,2,-1.0,0,1
59,59.0,5,273.0,1,-1.0,0,1
52,10943.0,16,292.0,1,-1.0,0,2
27,574.0,18,196.0,3,-1.0,0,1
47,1101.0,23,957.0,3,-1.0,0,2
28,171.0,5,324.0,1,87.0,1,2
35,102.0,20,1334.0,1,-1.0,0,2
25,303.0,18,252.0,1,92.0,1,2
35,1176.0,21,166.0,2,-1.0,0,1
67,1146.0,13,259.0,1,92.0,2,2
30,3144.0,19,212.0,2,-1.0,0,2
41,-1.0,30,1171.0,4,-1.0,0,2
30,985.0,25,304.0,1,94.0,2,2
32,6.0,15,228.0,1,-1.0,0,1
48,-817.0,11,175.0,1,-1.0,0,1
52,1227.0,22,1123.0,4,-1.0,0,2
58,268.0,7,516.0,1,-1.0,0,1
39,649.0,15,668.0,1,-1.0,0,2
38,-56.0,6,247.0,2,-1.0,0,1
49,-188.0,17,454.0,1,-1.0,0,2
53,453.0,17,148.0,2,-1.0,0,1
56,563.0,16,51.0,1,-1.0,0,1
36,495.0,14,187.0,1,94.0,9,2
40,315.0,20,44.0,1,-1.0,0,1
30,2766.0,21,834.0,1,-1.0,0,2
37,3574.0,19,178.0,1,170.0,2,1
33,191.0,13,1148.0,2,-1.0,0,2
40,72.0,21,849.0,1,-1.0,0,2
57,1433.0,21,41.0,1,-1.0,0,1
42,254.0,9,288.0,7,183.0,4,2
82,0.0,12,150.0,2,-1.0,0,1
31,1214.0,4,974.0,1,-1.0,0,2
39,2939.0,6,608.0,1,99.0,3,2
28,0.0,20,185.0,1,-1.0,0,2
40,572.0,17,171.0,1,318.0,1,1
28,805.0,12,116.0,5,170.0,2,1
36,6641.0,30,105.0,4,-1.0,0,1
49,2222.0,16,114.0,2,-1.0,0,1
54,1090.0,21,160.0,7,-1.0,0,1
21,1746.0,21,487.0,2,-1.0,0,1
56,3287.0,27,497.0,1,-1.0,0,2
59,3648.0,19,1321.0,3,-1.0,0,2
36,330.0,13,777.0,2,-1.0,0,1
37,5355.0,17,466.0,4,-1.0,0,2
33,-124.0,17,150.0,2,325.0,1,1
38,0.0,17,547.0,2,-1.0,0,2
53,-137.0,28,72.0,1,-1.0,0,1
56,401.0,20,26.0,1,-1.0,0,1
29,314.0,30,465.0,1,-1.0,0,2
30,69.0,17,997.0,1,-1.0,0,2
53,4401.0,11,241.0,1,92.0,1,2
34,0.0,21,183.0,2,-1.0,0,1
45,753.0,2,2870.0,2,-1.0,0,1
41,1.0,18,327.0,2,361.0,3,2
49,93.0,24,212.0,4,-1.0,0,1
54,1303.0,3,1635.0,1,-1.0,0,2
29,15459.0,18,264.0,7,-1.0,0,2
30,344.0,8,179.0,3,-1.0,0,1
48,44.0,6,153.0,1,-1.0,0,1
50,1811.0,8,97.0,4,-1.0,0,1
49,0.0,28,412.0,2,-1.0,0,2
29,1002.0,14,50.0,2,-1.0,0,1
36,0.0,6,149.0,1,-1.0,0,1
74,7819.0,6,165.0,3,-1.0,0,1
70,2346.0,24,694.0,1,184.0,5,2
57,5305.0,12,192.0,1,-1.0,0,1
29,697.0,30,365.0,1,85.0,1,2
40,5060.0,10,154.0,2,93.0,1,2
26,0.0,2,1223.0,2,-1.0,0,2
59,161.0,21,272.0,2,-1.0,0,1
35,556.0,13,214.0,1,-1.0,0,1
34,1434.0,21,50.0,2,-1.0,0,1
32,386.0,18,482.0,1,-1.0,0,2
31,-449.0,18,197.0,1,355.0,2,1
30,0.0,8,88.0,5,-1.0,0,1
38,1680.0,17,414.0,2,-1.0,0,1
31,25.0,21,169.0,5,-1.0,0,1
59,1308.0,30,183.0,4,-1.0,0,1
49,7443.0,19,293.0,5,211.0,2,2
52,199.0,12,246.0,2,-1.0,0,1
42,5354.0,17,799.0,1,-1.0,0,1
45,675.0,20,890.0,2,-1.0,0,1
36,590.0,9,282.0,2,-1.0,0,1
47,973.0,27,489.0,1,479.0,1,2
30,-174.0,7,113.0,1,-1.0,0,1
49,1811.0,2,168.0,2,245.0,1,1
32,794.0,9,1014.0,1,-1.0,0,2
41,446.0,18,296.0,1,186.0,1,1
35,-640.0,5,78.0,6,-1.0,0,1
46,5021.0,15,957.0,1,182.0,1,2
30,0.0,9,20.0,1,-1.0,0,1
86,1503.0,18,165.0,3,101.0,1,1
39,11887.0,18,1181.0,2,-1.0,0,2
35,127.0,14,162.0,1,-1.0,0,2
61,10861.0,25,225.0,1,91.0,5,2
47,912.0,21,1036.0,2,-1.0,0,1
37,1045.0,17,406.0,2,41.0,1,2
47,1568.0,19,388.0,1,262.0,7,2
42,765.0,27,78.0,8,-1.0,0,1
39,931.0,4,64.0,1,-1.0,0,1
32,1138.0,4,214.0,3,83.0,3,2
62,569.0,4,288.0,1,1.0,8,2
39,2981.0,26,200.0,1,-1.0,0,2
31,203.0,29,442.0,3,-1.0,0,1
30,178.0,17,656.0,3,-1.0,0,2
34,296.0,27,609.0,13,-1.0,0,2
59,7668.0,5,124.0,1,-1.0,0,1
39,-4.0,10,358.0,1,-1.0,0,1
56,3738.0,17,156.0,1,305.0,6,2
59,182.0,3,133.0,1,-1.0,0,1
36,1822.0,8,952.0,1,323.0,1,2
38,1199.0,4,178.0,1,1.0,1,2
36,678.0,4,85.0,3,-1.0,0,1
40,939.0,22,87.0,3,-1.0,0,1
34,294.0,9,265.0,1,184.0,3,2
59,0.0,10,982.0,1,-1.0,0,2
49,10772.0,8,89.0,2,-1.0,0,1
48,0.0,8,85.0,9,-1.0,0,1
33,0.0,14,535.0,3,328.0,1,2
38,70.0,27,164.0,4,92.0,4,2
44,-43.0,20,206.0,1,-1.0,0,1
44,0.0,28,264.0,5,-1.0,0,1
22,381.0,12,227.0,1,-1.0,0,2
48,-471.0,19,668.0,7,-1.0,0,1
36,203.0,23,608.0,3,179.0,2,2
39,1444.0,25,362.0,8,-1.0,0,2
47,673.0,14,106.0,6,-1.0,0,1
81,949.0,27,188.0,2,280.0,1,2
30,585.0,2,7.0,6,-1.0,0,1
52,1319.0,30,37.0,2,-1.0,0,1
56,870.0,14,220.0,1,179.0,1,2
47,0.0,14,122.0,2,-1.0,0,1
31,2007.0,20,253.0,1,-1.0,0,1
49,1158.0,14,159.0,3,-1.0,0,1
28,7.0,25,50.0,3,-1.0,0,1
29,68.0,4,69.0,4,-1.0,0,1
24,1234.0,21,314.0,1,156.0,2,2
34,2085.0,10,356.0,3,182.0,2,2
33,1862.0,12,65.0,1,-1.0,0,1
82,121.0,19,330.0,1,-1.0,0,2
29,22008.0,28,139.0,2,-1.0,0,1
53,27.0,10,230.0,3,-1.0,0,2
27,1720.0,3,284.0,2,273.0,1,2
38,0.0,20,162.0,1,181.0,5,2
32,1288.0,12,286.0,1,-1.0,0,1
73,796.0,23,427.0,1,182.0,2,2
42,372.0,3,654.0,2,-1.0,0,2
40,0.0,28,147.0,2,-1.0,0,1
27,311.0,28,462.0,1,148.0,4,2
25,3713.0,24,323.0,2,353.0,3,2
46,0.0,20,531.0,1,167.0,1,2
39,283.0,18,346.0,1,179.0,3,1
31,54.0,21,226.0,1,-1.0,0,1
36,2176.0,28,52.0,2,-1.0,0,1
35,437.0,4,908.0,1,-1.0,0,2
49,2673.0,27,219.0,4,-1.0,0,1
23,1234.0,15,379.0,1,91.0,1,2
52,6429.0,18,138.0,4,-1.0,0,1
35,1473.0,20,17.0,6,322.0,4,1
36,449.0,4,166.0,2,-1.0,0,1
31,-422.0,18,64.0,2,329.0,15,1
31,1716.0,13,542.0,2,340.0,2,1
33,76.0,4,1141.0,4,-1.0,0,2
28,959.0,29,330.0,2,-1.0,0,1
32,12569.0,1,561.0,2,295.0,2,2
49,1838.0,8,203.0,1,-1.0,0,1
24,-287.0,18,504.0,1,-1.0,0,1
32,562.0,30,722.0,3,-1.0,0,2
33,661.0,18,968.0,1,-1.0,0,2
44,8.0,26,423.0,4,-1.0,0,2
26,354.0,8,282.0,5,347.0,5,1
21,123.0,12,449.0,1,-1.0,0,2
42,-1129.0,2,555.0,5,-1.0,0,2
36,536.0,8,274.0,3,-1.0,0,2
33,99.0,31,192.0,3,-1.0,0,1
63,1495.0,25,389.0,1,195.0,4,2
47,333.0,21,8.0,5,137.0,1,1
42,9916.0,21,306.0,1,-1.0,0,1
38,10.0,8,84.0,3,-1.0,0,1
54,10.0,18,195.0,4,-1.0,0,1
44,3959.0,21,187.0,1,-1.0,0,1
50,-556.0,22,270.0,2,-1.0,0,1
49,305.0,7,140.0,1,99.0,1,1
48,817.0,16,806.0,3,183.0,5,2
31,2.0,8,848.0,1,-1.0,0,2
62,6.0,13,216.0,1,183.0,4,2
33,-395.0,27,161.0,2,-1.0,0,1
31,879.0,13,394.0,1,-1.0,0,2
31,34.0,22,121.0,1,-1.0,0,1
44,447.0,14,106.0,5,-1.0,0,1
56,151.0,3,128.0,1,-1.0,0,1
37,393.0,14,567.0,3,275.0,4,2
39,2976.0,5,134.0,12,-1.0,0,1
34,149.0,22,739.0,2,-1.0,0,2
46,1167.0,21,1540.0,2,-1.0,0,2
37,1543.0,22,298.0,1,10.0,6,2
49,307.0,9,854.0,1,-1.0,0,2
30,700.0,12,73.0,2,-1.0,0,1
60,130.0,6,151.0,1,-1.0,0,1
54,0.0,18,362.0,1,290.0,3,2
39,532.0,31,786.0,2,-1.0,0,1
34,0.0,30,292.0,1,183.0,2,2
35,1227.0,18,593.0,4,90.0,6,2
48,101.0,21,338.0,3,-1.0,0,1
30,398.0,24,235.0,2,-1.0,0,2
53,34230.0,7,279.0,1,358.0,9,1
27,3733.0,13,299.0,6,-1.0,0,2
50,235.0,11,71.0,2,-1.0,0,1
40,952.0,15,126.0,2,333.0,1,1
39,3663.0,11,230.0,3,-1.0,0,1
50,388.0,11,203.0,2,-1.0,0,2
71,4388.0,8,896.0,2,-1.0,0,2
30,187.0,28,66.0,4,-1.0,0,1
37,807.0,12,807.0,3,172.0,4,1
77,2590.0,13,212.0,3,277.0,12,2
54,386.0,20,838.0,1,-1.0,0,2
41,121.0,13,16.0,6,176.0,5,1
71,653.0,3,471.0,1,189.0,1,2
49,6512.0,21,93.0,2,-1.0,0,1
51,3764.0,9,450.0,3,181.0,6,2
35,8.0,23,93.0,3,-1.0,0,2
66,206.0,9,479.0,1,-1.0,0,2
43,1854.0,30,323.0,1,-1.0,0,2
35,18111.0,14,172.0,4,-1.0,0,2
33,1293.0,15,245.0,9,373.0,2,1
34,6529.0,14,505.0,2,-1.0,0,2
32,-92.0,6,139.0,1,363.0,1,1
55,-171.0,15,30.0,2,-1.0,0,1
59,135.0,23,416.0,4,-1.0,0,2
42,-9.0,20,248.0,1,-1.0,0,1
41,650.0,20,2420.0,3,-1.0,0,2
55,1320.0,28,387.0,2,-1.0,0,2
39,1492.0,30,227.0,1,189.0,1,1
28,0.0,18,209.0,20,-1.0,0,2
56,0.0,2,492.0,1,-1.0,0,2
46,44.0,14,225.0,1,-1.0,0,2
30,1013.0,3,24.0,9,-1.0,0,1
55,0.0,22,360.0,5,-1.0,0,2
33,923.0,30,118.0,6,-1.0,0,1
30,10152.0,10,266.0,1,-1.0,0,1
63,474.0,25,423.0,1,-1.0,0,2
45,2394.0,18,895.0,12,-1.0,0,1
58,256.0,10,422.0,1,188.0,3,2
40,22.0,9,145.0,2,-1.0,0,1
40,0.0,23,228.0,2,182.0,6,2
55,6205.0,6,233.0,2,-1.0,0,1
39,91.0,3,213.0,1,185.0,1,2
42,517.0,31,101.0,7,-1.0,0,1
36,1790.0,16,386.0,2,-1.0,0,1
33,129.0,30,482.0,1,161.0,1,2
29,-303.0,4,298.0,3,-1.0,0,1
30,983.0,27,189.0,2,-1.0,0,2
52,150.0,21,177.0,3,-1.0,0,1
50,101.0,6,43.0,2,326.0,1,1
65,2331.0,11,425.0,1,183.0,2,2
39,0.0,13,6.0,7,175.0,4,1
53,2693.0,5,90.0,1,104.0,1,2
54,898.0,30,641.0,2,-1.0,0,1
34,338.0,9,162.0,2,-1.0,0,1
33,61.0,19,836.0,3,-1.0,0,2
25,217.0,18,504.0,1,-1.0,0,2
42,233.0,8,98.0,1,231.0,4,1
30,-366.0,18,516.0,1,-1.0,0,2
29,-20.0,21,574.0,1,-1.0,0,2
55,0.0,4,1110.0,1,-1.0,0,2
53,185.0,8,1448.0,2,-1.0,0,2
25,5.0,30,84.0,6,-1.0,0,1
57,375.0,21,135.0,1,-1.0,0,2
46,11385.0,24,269.0,3,-1.0,0,2
34,0.0,19,115.0,4,-1.0,0,1
37,3467.0,9,185.0,2,-1.0,0,1
56,4309.0,9,465.0,6,-1.0,0,1
59,16869.0,19,107.0,1,-1.0,0,1
34,1337.0,12,255.0,2,104.0,1,2
30,484.0,6,703.0,1,-1.0,0,2
33,1590.0,29,57.0,1,-1.0,0,1
56,575.0,20,18.0,2,-1.0,0,1
82,0.0,12,226.0,1,-1.0,0,2
38,557.0,16,1556.0,4,-1.0,0,2
57,2785.0,11,610.0,4,-1.0,0,2
50,883.0,5,170.0,1,-1.0,0,1
41,4004.0,17,314.0,2,-1.0,0,2
34,2240.0,8,220.0,2,184.0,3,2
47,206.0,7,118.0,1,-1.0,0,1
37,5024.0,25,661.0,4,-1.0,0,2
43,132.0,27,187.0,2,71.0,1,2
47,4189.0,19,489.0,3,-1.0,0,2
31,447.0,4,327.0,3,77.0,3,2
37,21.0,6,231.0,2,-1.0,0,1
41,471.0,13,954.0,2,293.0,4,2
60,1614.0,20,921.0,6,-1.0,0,2
29,111.0,6,14.0,11,-1.0,0,1
34,3527.0,21,1022.0,1,-1.0,0,2
67,405.0,7,345.0,2,-1.0,0,2
51,122.0,6,499.0,2,-1.0,0,1
26,12.0,14,563.0,1,181.0,10,2
38,3436.0,21,663.0,4,-1.0,0,2
63,415.0,7,323.0,1,-1.0,0,1
36,29.0,12,576.0,1,-1.0,0,2
31,0.0,27,581.0,6,-1.0,0,2
38,2472.0,3,176.0,2,-1.0,0,1
31,20.0,28,304.0,1,71.0,1,1
37,11391.0,21,103.0,1,-1.0,0,1
44,1058.0,11,188.0,3,-1.0,0,2
58,462.0,13,495.0,1,93.0,1,2
38,677.0,14,114.0,2,-1.0,0,1
34,176.0,18,61.0,4,-1.0,0,1
59,833.0,21,311.0,1,-1.0,0,1
51,21244.0,4,166.0,2,-1.0,0,1
75,3881.0,4,136.0,3,-1.0,0,2
29,874.0,16,152.0,1,103.0,1,2
46,874.0,19,819.0,3,-1.0,0,2
28,0.0,15,6.0,4,-1.0,0,1
39,211.0,6,53.0,2,-1.0,0,1
43,983.0,26,97.0,1,-1.0,0,2
32,-770.0,18,618.0,1,-1.0,0,2
31,-253.0,12,220.0,4,-1.0,0,1
48,608.0,30,362.0,2,-1.0,0,1
26,354.0,16,586.0,1,-1.0,0,2
59,17769.0,19,322.0,3,-1.0,0,1
53,1624.0,5,158.0,3,-1.0,0,2
59,2343.0,5,1042.0,1,-1.0,0,2
34,828.0,11,1080.0,3,-1.0,0,2
43,1376.0,8,235.0,4,-1.0,0,1
33,1536.0,9,359.0,1,92.0,3,2
38,-242.0,18,1173.0,3,278.0,6,2
37,457.0,1,510.0,3,-1.0,0,1
36,4721.0,9,150.0,1,92.0,5,2
21,224.0,30,871.0,1,-1.0,0,2
40,1855.0,8,78.0,6,-1.0,0,2
33,146.0,23,351.0,3,-1.0,0,2
71,5715.0,17,747.0,2,-1.0,0,2
38,895.0,12,1531.0,1,-1.0,0,2
54,962.0,29,288.0,3,-1.0,0,2
59,2143.0,28,59.0,1,268.0,1,1
31,761.0,18,514.0,2,-1.0,0,2
26,626.0,15,412.0,2,-1.0,0,1
23,107.0,13,256.0,5,181.0,2,2
57,490.0,18,70.0,5,-1.0,0,1
54,117.0,3,165.0,3,-1.0,0,1
40,1361.0,29,1473.0,1,-1.0,0,2
37,3913.0,9,76.0,2,-1.0,0,1
31,310.0,17,334.0,2,240.0,2,1
62,0.0,3,299.0,1,-1.0,0,2
30,1675.0,4,181.0,1,-1.0,0,1
36,-355.0,8,89.0,1,-1.0,0,1
32,2976.0,5,783.0,1,175.0,5,2
33,1277.0,18,827.0,1,-1.0,0,2
32,51.0,7,297.0,1,-1.0,0,2
58,1947.0,26,228.0,1,-1.0,0,2
32,654.0,25,615.0,4,-1.0,0,2
39,668.0,14,297.0,2,-1.0,0,1
28,633.0,25,95.0,1,-1.0,0,1
53,436.0,29,154.0,1,-1.0,0,1
38,3576.0,25,349.0,2,183.0,1,2
58,5920.0,21,96.0,1,121.0,1,1
32,1536.0,7,289.0,2,-1.0,0,2
31,533.0,12,90.0,3,93.0,6,2
35,358.0,27,18.0,1,-1.0,0,1
44,2383.0,1,571.0,2,-1.0,0,2
36,227.0,7,336.0,4,-1.0,0,1
34,383.0,13,2231.0,1,-1.0,0,2
36,96.0,2,302.0,1,-1.0,0,2
47,475.0,29,99.0,2,251.0,7,1
39,-96.0,12,38.0,6,-1.0,0,1
39,307.0,22,182.0,2,-1.0,0,2
40,0.0,20,88.0,2,-1.0,0,1
38,7005.0,7,370.0,1,412.0,1,2
37,0.0,16,46.0,1,-1.0,0,1
33,139.0,18,732.0,2,291.0,5,2
30,32.0,6,122.0,3,-1.0,0,1
38,5506.0,20,74.0,1,-1.0,0,1
53,1794.0,17,557.0,1,-1.0,0,1
57,3551.0,12,458.0,1,-1.0,0,2
48,0.0,15,263.0,1,-1.0,0,1
35,935.0,28,259.0,2,-1.0,0,1
44,483.0,6,207.0,2,199.0,6,2
36,202.0,29,313.0,1,120.0,3,2
53,765.0,14,959.0,3,174.0,7,2
45,640.0,4,447.0,1,-1.0,0,2
31,424.0,29,106.0,1,161.0,2,1
28,3796.0,8,315.0,2,-1.0,0,2
38,9.0,6,185.0,3,-1.0,0,1
36,1941.0,13,156.0,4,-1.0,0,1
57,2681.0,11,266.0,2,-1.0,0,2
33,0.0,18,351.0,2,-1.0,0,1
35,1693.0,10,515.0,1,-1.0,0,2
57,169.0,3,369.0,1,-1.0,0,2
35,273.0,20,28.0,4,-1.0,0,1
25,292.0,18,1027.0,2,-1.0,0,2
47,31.0,24,63.0,4,-1.0,0,1
72,1978.0,6,312.0,1,-1.0,0,2
37,16.0,30,638.0,1,-1.0,0,2
33,6513.0,11,170.0,1,343.0,1,2
53,1252.0,26,149.0,1,-1.0,0,1
29,600.0,18,170.0,5,-1.0,0,1
83,4761.0,8,659.0,1,-1.0,0,2
34,9962.0,20,474.0,1,-1.0,0,2
59,1939.0,23,172.0,1,-1.0,0,2
51,1533.0,18,242.0,2,-1.0,0,1
56,1026.0,28,173.0,2,-1.0,0,1
26,-32.0,18,486.0,2,336.0,6,1
55,-157.0,6,354.0,5,-1.0,0,1
57,2887.0,21,819.0,10,-1.0,0,2
32,491.0,9,474.0,7,-1.0,0,2
34,0.0,29,116.0,4,-1.0,0,1
30,7529.0,20,175.0,6,183.0,1,2
36,1235.0,25,85.0,6,-1.0,0,1
60,264.0,1,265.0,1,-1.0,0,2
55,-196.0,20,210.0,2,-1.0,0,1
44,0.0,2,699.0,1,272.0,1,2
39,1047.0,6,554.0,1,-1.0,0,2
39,2454.0,4,716.0,3,263.0,2,2
27,401.0,6,218.0,3,93.0,2,2
33,1097.0,6,308.0,4,-1.0,0,1
40,10.0,9,1692.0,2,-1.0,0,2
34,0.0,7,262.0,1,99.0,2,2
32,46.0,21,788.0,6,-1.0,0,2
37,0.0,11,148.0,2,-1.0,0,1
38,6728.0,21,252.0,4,-1.0,0,2
58,670.0,12,1272.0,1,-1.0,0,2
33,0.0,26,60.0,2,-1.0,0,1
32,390.0,23,85.0,1,-1.0,0,1
56,659.0,2,148.0,1,188.0,3,1
39,416.0,9,427.0,1,-1.0,0,1
46,283.0,7,299.0,1,-1.0,0,2
31,1027.0,2,217.0,3,-1.0,0,2
53,6831.0,13,1130.0,2,-1.0,0,2
48,623.0,2,1425.0,2,-1.0,0,2
30,21.0,17,49.0,1,-1.0,0,1
43,40.0,10,147.0,1,-1.0,0,2
28,1.0,28,181.0,1,-1.0,0,1
47,682.0,18,638.0,6,-1.0,0,2
43,0.0,30,275.0,2,296.0,1,2
36,673.0,16,689.0,1,-1.0,0,2
52,36.0,13,109.0,2,-1.0,0,1
47,1693.0,22,608.0,2,92.0,4,2
31,6981.0,20,627.0,3,-1.0,0,1
34,2825.0,12,198.0,1,-1.0,0,1
53,392.0,26,95.0,6,-1.0,0,1
38,902.0,4,301.0,3,90.0,1,2
32,883.0,10,798.0,1,185.0,5,2
39,1317.0,20,543.0,1,170.0,4,2
59,797.0,18,319.0,2,165.0,2,1
31,538.0,17,660.0,3,-1.0,0,1
43,0.0,20,592.0,1,-1.0,0,1
76,3049.0,24,170.0,3,-1.0,0,2
72,132.0,1,260.0,2,65.0,1,2
46,966.0,19,40.0,2,-1.0,0,1
33,935.0,9,385.0,2,92.0,8,2
35,3863.0,14,125.0,1,175.0,1,1
37,1970.0,5,253.0,1,-1.0,0,2
53,50.0,15,669.0,1,337.0,3,2
52,580.0,21,965.0,2,-1.0,0,2
41,406.0,9,2462.0,1,-1.0,0,1
28,20.0,30,455.0,2,-1.0,0,1
61,4243.0,30,315.0,1,182.0,2,2
41,1982.0,21,558.0,1,-1.0,0,2
53,2152.0,13,75.0,3,-1.0,0,2
28,655.0,4,606.0,2,-1.0,0,1
58,2270.0,20,24.0,4,-1.0,0,1
41,2039.0,8,729.0,1,-1.0,0,2
44,2365.0,26,159.0,3,-1.0,0,1
34,171.0,7,191.0,1,294.0,1,1
32,762.0,19,187.0,11,-1.0,0,2
53,7598.0,23,27.0,7,-1.0,0,1
30,4889.0,11,545.0,2,-1.0,0,2
26,2803.0,3,11.0,7,-1.0,0,1
58,1065.0,5,213.0,3,-1.0,0,1
23,1809.0,8,414.0,2,-1.0,0,2
52,51.0,14,935.0,2,-1.0,0,1
49,518.0,29,1917.0,2,-1.0,0,2
37,2066.0,31,34.0,5,-1.0,0,1
39,1425.0,12,775.0,3,-1.0,0,2
49,24.0,11,701.0,1,362.0,1,2
50,5872.0,5,762.0,3,-1.0,0,2
39,1222.0,23,451.0,4,-1.0,0,1
80,3669.0,30,166.0,1,-1.0,0,1
51,3025.0,7,476.0,1,352.0,1,2
57,73.0,12,41.0,1,-1.0,0,1
48,494.0,29,81.0,8,-1.0,0,1
34,-271.0,2,90.0,1,252.0,2,1
41,0.0,30,373.0,3,-1.0,0,2
46,294.0,17,228.0,1,-1.0,0,1
32,0.0,20,415.0,2,-1.0,0,1
58,57.0,17,117.0,3,-1.0,0,1
22,2488.0,8,449.0,2,38.0,10,2
43,136.0,6,120.0,2,-1.0,0,1
36,9.0,7,473.0,2,-1.0,0,1
57,5768.0,19,512.0,1,-1.0,0,2
32,1423.0,16,223.0,3,-1.0,0,1
41,1461.0,6,554.0,2,-1.0,0,2
31,-13.0,30,176.0,4,-1.0,0,1
38,571.0,4,275.0,3,-1.0,0,1
50,4117.0,21,530.0,1,-1.0,0,2
34,0.0,3,251.0,1,-1.0,0,2
21,216.0,5,414.0,1,-1.0,0,2
49,3726.0,5,875.0,2,-1.0,0,2
35,102.0,13,252.0,5,-1.0,0,1
39,0.0,8,503.0,1,-1.0,0,1
37,6771.0,7,337.0,1,186.0,1,2
31,22.0,9,483.0,3,-1.0,0,2
72,2600.0,3,443.0,2,82.0,3,2
57,2120.0,19,687.0,4,-1.0,0,2
54,2206.0,12,104.0,1,99.0,2,2
32,2667.0,4,251.0,1,181.0,4,2
30,4468.0,2,204.0,1,-1.0,0,2
27,3706.0,16,897.0,1,-1.0,0,2
44,206.0,14,78.0,1,365.0,1,1
34,1011.0,6,136.0,1,-1.0,0,1
52,36.0,11,930.0,1,-1.0,0,2
50,480.0,20,99.0,5,-1.0,0,1
45,0.0,17,102.0,1,-1.0,0,1
31,397.0,13,134.0,1,350.0,7,1
34,212.0,25,278.0,8,-1.0,0,2
41,67.0,19,814.0,1,-1.0,0,2
50,388.0,15,173.0,2,99.0,4,2
40,858.0,21,173.0,1,-1.0,0,1
55,-1217.0,19,242.0,4,-1.0,0,1
39,-172.0,15,562.0,2,-1.0,0,2
45,116.0,13,122.0,1,-1.0,0,2
31,1601.0,7,615.0,1,137.0,3,1
29,674.0,17,170.0,5,-1.0,0,2
42,6445.0,2,20.0,8,-1.0,0,1
37,0.0,22,185.0,1,-1.0,0,1
30,33.0,8,87.0,3,-1.0,0,1
28,1137.0,6,129.0,4,211.0,3,1
36,1057.0,5,383.0,2,-1.0,0,1
51,394.0,28,968.0,2,-1.0,0,2
30,415.0,6,984.0,1,343.0,4,2
41,30.0,23,1003.0,1,-1.0,0,1
55,625.0,20,88.0,2,147.0,4,1
37,1978.0,9,404.0,1,182.0,1,2
59,1.0,28,602.0,1,253.0,5,2
28,225.0,7,866.0,2,-1.0,0,1
54,351.0,6,642.0,2,-1.0,0,2
26,515.0,31,775.0,1,-1.0,0,2
40,201.0,9,25.0,2,-1.0,0,1
46,310.0,24,58.0,2,-1.0,0,1
53,0.0,22,77.0,9,-1.0,0,1
46,368.0,20,293.0,1,90.0,4,2
47,2524.0,12,105.0,1,-1.0,0,2
47,1011.0,6,808.0,1,-1.0,0,2
32,1150.0,8,31.0,2,-1.0,0,1
56,2395.0,12,150.0,2,-1.0,0,1
50,133.0,28,890.0,4,-1.0,0,2
58,4198.0,11,309.0,5,-1.0,0,1
52,3016.0,3,142.0,1,-1.0,0,1
44,-101.0,15,679.0,1,366.0,4,2
34,336.0,2,313.0,2,-1.0,0,1
43,575.0,2,237.0,1,-1.0,0,1
35,193.0,6,50.0,1,-1.0,0,1
43,-3372.0,29,386.0,2,-1.0,0,1
30,3300.0,21,1571.0,1,-1.0,0,2
29,166.0,28,108.0,8,-1.0,0,1
52,316.0,12,463.0,3,-1.0,0,1
26,1702.0,18,21.0,1,-1.0,0,1
26,3825.0,13,107.0,1,-1.0,0,1
78,4807.0,3,892.0,2,104.0,4,2
29,497.0,18,642.0,3,298.0,6,2
24,1809.0,11,165.0,1,95.0,2,2
37,274.0,27,731.0,3,-1.0,0,2
50,161.0,18,642.0,1,-1.0,0,1
55,5.0,20,108.0,1,-1.0,0,1
38,6360.0,20,1409.0,2,-1.0,0,2
60,0.0,22,1193.0,1,412.0,1,2
43,181.0,7,174.0,1,343.0,2,1
52,49.0,8,280.0,5,-1.0,0,1
37,197.0,13,234.0,1,87.0,3,2
57,4012.0,20,915.0,1,-1.0,0,1
34,18.0,6,285.0,1,288.0,17,1
31,4575.0,18,28.0,1,-1.0,0,1
27,4333.0,20,163.0,1,-1.0,0,2
40,10346.0,15,491.0,2,207.0,1,2
28,1010.0,6,911.0,1,336.0,2,1
56,1113.0,12,138.0,1,-1.0,0,1
59,3648.0,23,257.0,2,126.0,3,2
50,1484.0,9,213.0,1,-1.0,0,1
33,172.0,7,13.0,1,-1.0,0,1
38,164.0,15,188.0,3,-1.0,0,1
30,0.0,22,78.0,2,-1.0,0,1
55,168.0,19,79.0,2,-1.0,0,1
29,577.0,17,501.0,3,331.0,10,1
27,-69.0,15,205.0,3,-1.0,0,2
39,0.0,13,1975.0,5,-1.0,0,2
58,0.0,11,965.0,2,-1.0,0,1
47,86.0,5,253.0,1,97.0,4,2
38,1130.0,4,96.0,2,98.0,1,2
41,793.0,15,123.0,1,365.0,1,1
29,265.0,25,414.0,1,184.0,1,2
35,520.0,4,458.0,3,17.0,5,2
29,1579.0,13,178.0,1,181.0,4,2
50,641.0,25,128.0,3,-1.0,0,1
34,611.0,2,350.0,1,-1.0,0,2
50,230.0,30,1089.0,4,-1.0,0,2
45,-497.0,15,217.0,1,176.0,1,1
35,127.0,20,94.0,2,-1.0,0,1
44,982.0,20,650.0,3,-1.0,0,2
26,338.0,29,209.0,1,188.0,2,2
34,305.0,16,1245.0,25,-1.0,0,1
35,321.0,21,143.0,1,412.0,3,2
50,4979.0,6,180.0,1,-1.0,0,2
43,2113.0,29,33.0,2,-1.0,0,1
32,-1.0,12,37.0,1,-1.0,0,1
32,59.0,9,202.0,2,-1.0,0,1
32,796.0,30,198.0,1,160.0,1,1
76,2991.0,22,344.0,1,183.0,1,2
27,619.0,20,16.0,5,322.0,4,1
53,53.0,18,387.0,1,-1.0,0,2
39,763.0,17,192.0,1,-1.0,0,1
31,898.0,17,578.0,1,-1.0,0,1
36,0.0,17,138.0,5,-1.0,0,1
59,182.0,12,90.0,1,104.0,2,1
44,673.0,5,105.0,1,-1.0,0,1
52,1317.0,12,58.0,1,-1.0,0,1
42,-78.0,29,10.0,23,-1.0,0,1
60,4.0,2,415.0,1,190.0,5,2
76,820.0,23,263.0,4,-1.0,0,2
34,-17.0,15,319.0,7,-1.0,0,1
50,171.0,14,75.0,3,-1.0,0,1
23,8254.0,29,409.0,3,-1.0,0,1
36,254.0,3,303.0,2,-1.0,0,2
31,2530.0,16,60.0,1,342.0,1,1
67,2048.0,16,452.0,5,195.0,4,2
31,28.0,8,101.0,1,-1.0,0,1
39,0.0,13,1006.0,2,-1.0,0,2
48,117.0,16,635.0,1,-1.0,0,1
36,6172.0,18,126.0,2,-1.0,0,1
22,3472.0,20,332.0,1,183.0,3,2
56,1168.0,17,673.0,2,-1.0,0,1
50,1457.0,9,167.0,1,-1.0,0,1
46,4023.0,7,131.0,2,-1.0,0,1
35,-130.0,20,224.0,1,-1.0,0,1
32,0.0,16,387.0,1,-1.0,0,1
63,3904.0,8,360.0,1,96.0,4,2
60,-71.0,30,1451.0,1,-1.0,0,2
39,0.0,28,93.0,25,-1.0,0,1
66,1948.0,28,216.0,1,91.0,4,2
54,-58.0,12,143.0,4,-1.0,0,1
32,0.0,30,370.0,3,-1.0,0,2
30,73.0,25,114.0,6,-1.0,0,1
28,352.0,18,431.0,1,-1.0,0,2
31,6.0,4,121.0,4,-1.0,0,2
34,0.0,18,148.0,1,84.0,2,2
39,72.0,7,425.0,6,-1.0,0,1
42,671.0,16,14.0,20,-1.0,0,1
49,24.0,27,168.0,3,-1.0,0,1
42,11115.0,10,187.0,1,102.0,1,2
48,3229.0,16,1089.0,1,-1.0,0,2
30,236.0,16,197.0,1,-1.0,0,1
29,1027.0,2,177.0,1,-1.0,0,2
37,2.0,4,220.0,1,-1.0,0,1
32,113.0,10,68.0,1,-1.0,0,1
31,-305.0,20,83.0,3,-1.0,0,1
33,2583.0,25,241.0,1,108.0,1,1
46,-287.0,30,113.0,3,-1.0,0,1
55,273.0,29,84.0,3,183.0,3,1
47,362.0,18,111.0,8,-1.0,0,1
46,0.0,25,87.0,2,-1.0,0,1
51,216.0,7,615.0,2,-1.0,0,2
31,728.0,28,104.0,4,-1.0,0,1
42,2816.0,10,193.0,2,-1.0,0,2
31,54.0,18,230.0,3,-1.0,0,1
37,5132.0,31,536.0,8,-1.0,0,1
37,1027.0,2,313.0,1,152.0,2,2
40,181.0,12,89.0,6,-1.0,0,1
43,1663.0,7,185.0,2,-1.0,0,1
37,331.0,8,94.0,3,-1.0,0,1
39,1301.0,13,233.0,1,-1.0,0,1
40,0.0,11,473.0,1,-1.0,0,1
31,18.0,30,72.0,19,-1.0,0,1
27,535.0,13,159.0,1,87.0,3,2
59,13718.0,7,107.0,6,-1.0,0,1
35,-402.0,17,46.0,1,-1.0,0,1
42,413.0,11,456.0,2,184.0,2,2
27,1977.0,22,449.0,1,-1.0,0,2
34,-52.0,13,12.0,1,-1.0,0,1
39,5009.0,18,255.0,1,126.0,2,1
34,531.0,4,279.0,1,-1.0,0,1
34,271.0,15,308.0,1,94.0,4,2
52,488.0,19,60.0,3,-1.0,0,1
26,122.0,8,160.0,1,-1.0,0,1
50,1327.0,24,325.0,1,-1.0,0,1
38,137.0,10,624.0,1,-1.0,0,1
54,1938.0,28,551.0,3,-1.0,0,2
22,691.0,30,260.0,5,103.0,1,2
36,801.0,18,250.0,2,-1.0,0,1
50,3357.0,9,239.0,4,-1.0,0,2
26,47.0,6,273.0,4,-1.0,0,1
35,1054.0,21,106.0,1,-1.0,0,1
41,219.0,18,1574.0,3,-1.0,0,2
45,226.0,15,91.0,4,185.0,6,2
33,498.0,30,301.0,1,-1.0,0,2
48,6489.0,19,263.0,1,-1.0,0,1
45,144.0,13,299.0,4,-1.0,0,1
32,2421.0,28,14.0,8,-1.0,0,1
36,1245.0,6,1469.0,9,-1.0,0,2
31,953.0,14,479.0,1,346.0,2,2
30,251.0,12,537.0,1,-1.0,0,2
33,1304.0,18,536.0,2,-1.0,0,2
27,178.0,3,732.0,2,-1.0,0,2
21,-42.0,10,5.0,1,-1.0,0,1
29,655.0,23,273.0,1,-1.0,0,2
31,1097.0,20,485.0,3,-1.0,0,1
52,1228.0,4,218.0,1,-1.0,0,2
42,2959.0,2,711.0,1,342.0,1,2
23,31.0,1,192.0,1,-1.0,0,2
28,593.0,19,202.0,1,-1.0,0,1
75,2970.0,12,641.0,1,-1.0,0,2
47,1013.0,15,170.0,1,92.0,3,2
26,697.0,18,253.0,2,-1.0,0,1
40,7441.0,31,1461.0,6,-1.0,0,2
34,33.0,9,244.0,1,-1.0,0,1
49,249.0,6,234.0,1,-1.0,0,2
27,2855.0,25,240.0,1,301.0,3,2
32,964.0,19,130.0,1,120.0,2,1
50,313.0,14,958.0,1,-1.0,0,2
59,133.0,9,206.0,1,-1.0,0,1
48,46.0,3,113.0,2,180.0,1,2
69,9064.0,7,714.0,1,-1.0,0,2
40,1908.0,5,1661.0,2,-1.0,0,2
44,1954.0,2,294.0,1,-1.0,0,2
29,3290.0,12,430.0,1,50.0,3,2
32,8866.0,9,234.0,2,83.0,2,2
44,-299.0,23,268.0,1,-1.0,0,1
36,322.0,22,485.0,1,-1.0,0,1
46,1232.0,3,300.0,3,195.0,8,1
50,3149.0,19,69.0,1,190.0,1,1
32,10.0,8,107.0,1,-1.0,0,1
42,4791.0,30,88.0,2,-1.0,0,1
24,1033.0,24,283.0,1,-1.0,0,1
43,9.0,6,472.0,1,-1.0,0,1
50,0.0,30,144.0,9,-1.0,0,1
35,43.0,20,860.0,1,-1.0,0,2
40,281.0,11,7.0,11,360.0,2,1
55,27624.0,3,437.0,1,-1.0,0,2
35,565.0,30,763.0,1,-1.0,0,2
39,0.0,3,164.0,2,-1.0,0,1
49,523.0,2,712.0,1,60.0,3,2
42,-887.0,2,349.0,4,-1.0,0,1
39,49.0,20,379.0,4,-1.0,0,1
26,1066.0,15,200.0,1,-1.0,0,2
46,-637.0,8,218.0,1,172.0,1,1
45,1251.0,21,126.0,4,-1.0,0,1
38,11303.0,28,473.0,2,216.0,2,2
33,87.0,12,978.0,1,-1.0,0,2
79,3025.0,11,166.0,3,126.0,3,2
42,757.0,30,354.0,1,79.0,1,2
56,1181.0,28,186.0,1,433.0,1,2
58,99.0,22,396.0,2,-1.0,0,2
47,926.0,14,436.0,1,403.0,5,2
26,1720.0,3,383.0,1,-1.0,0,1
36,54.0,27,1642.0,3,-1.0,0,2
52,1274.0,17,74.0,1,-1.0,0,1
30,502.0,18,572.0,1,-1.0,0,2
81,1154.0,17,231.0,1,-1.0,0,2
72,1612.0,7,530.0,2,-1.0,0,2
41,30.0,30,460.0,1,-1.0,0,2
58,760.0,29,85.0,7,-1.0,0,1
57,3043.0,14,707.0,2,-1.0,0,2
35,0.0,14,370.0,4,-1.0,0,1
58,16264.0,17,215.0,3,-1.0,0,1
57,84.0,15,59.0,1,-1.0,0,1
34,0.0,14,1020.0,1,-1.0,0,2
40,4539.0,13,256.0,3,439.0,1,2
42,865.0,5,81.0,1,-1.0,0,1
42,6060.0,30,316.0,1,350.0,2,2
47,44.0,15,374.0,1,185.0,1,1
30,2567.0,18,813.0,4,-1.0,0,2
67,1430.0,12,88.0,3,-1.0,0,1
37,7179.0,6,31.0,8,-1.0,0,1
31,1410.0,21,42.0,1,-1.0,0,1
41,3234.0,30,2770.0,1,-1.0,0,2
33,73.0,11,156.0,1,263.0,2,1
58,5188.0,25,606.0,6,-1.0,0,2
33,272.0,1,293.0,2,92.0,3,2
46,357.0,19,221.0,2,-1.0,0,1
36,0.0,9,101.0,2,-1.0,0,1
42,3641.0,14,869.0,1,-1.0,0,1
26,187.0,9,341.0,1,-1.0,0,1
39,946.0,17,295.0,2,-1.0,0,1
27,114.0,9,375.0,2,-1.0,0,1
34,4659.0,30,28.0,1,-1.0,0,1
58,1625.0,5,286.0,2,-1.0,0,2
35,148.0,8,199.0,1,-1.0,0,1
45,46.0,5,234.0,1,-1.0,0,1
29,95.0,3,172.0,3,-1.0,0,2
42,1289.0,15,250.0,4,415.0,2,2
50,2366.0,28,816.0,2,149.0,1,2
39,1238.0,16,212.0,1,-1.0,0,1
50,3537.0,24,305.0,1,-1.0,0,2
30,3405.0,29,276.0,2,-1.0,0,1
36,7506.0,6,839.0,2,188.0,1,2
52,3720.0,20,114.0,2,-1.0,0,1
31,3295.0,2,845.0,2,-1.0,0,1
45,143.0,5,201.0,1,-1.0,0,1
21,2488.0,12,661.0,2,92.0,1,2
54,4503.0,21,168.0,3,-1.0,0,1
43,601.0,16,792.0,2,-1.0,0,1
52,7119.0,20,871.0,3,-1.0,0,2
38,262.0,3,315.0,2,180.0,6,2
54,0.0,6,464.0,5,192.0,8,2
44,27.0,1,723.0,2,-1.0,0,1
32,2974.0,24,227.0,1,4.0,1,2
30,1165.0,4,204.0,2,183.0,3,2
46,2087.0,1,111.0,1,119.0,4,1
47,334.0,26,360.0,1,326.0,8,2
37,5447.0,17,1789.0,1,-1.0,0,2
28,1609.0,18,98.0,2,315.0,3,1
37,0.0,21,115.0,1,-1.0,0,1
41,791.0,5,215.0,1,80.0,1,1
35,-587.0,26,111.0,1,-1.0,0,1
48,67.0,14,251.0,2,-1.0,0,1
29,940.0,15,382.0,1,-1.0,0,2
51,1521.0,6,24.0,1,-1.0,0,1
27,598.0,18,309.0,2,-1.0,0,1
24,2022.0,23,159.0,4,-1.0,0,2
41,1332.0,2,122.0,3,-1.0,0,1
34,367.0,6,140.0,1,-1.0,0,1
30,697.0,29,215.0,3,80.0,5,2
40,1293.0,16,1702.0,3,105.0,2,2
24,393.0,27,1298.0,1,-1.0,0,2
63,1612.0,17,233.0,2,-1.0,0,2
42,1628.0,5,119.0,1,195.0,8,1
36,871.0,12,396.0,3,-1.0,0,2
28,517.0,8,681.0,1,-1.0,0,2
23,377.0,28,7.0,1,-1.0,0,1
41,1321.0,15,315.0,2,-1.0,0,1
38,178.0,6,170.0,3,-1.0,0,1
28,0.0,27,96.0,1,267.0,1,2
39,3059.0,20,394.0,1,-1.0,0,1
30,398.0,27,102.0,1,180.0,3,2
45,33.0,5,437.0,1,-1.0,0,1
57,8897.0,12,865.0,2,-1.0,0,2
35,1085.0,5,199.0,1,86.0,7,2
35,348.0,15,323.0,3,-1.0,0,1
38,613.0,30,242.0,1,86.0,1,2
27,1577.0,28,266.0,2,-1.0,0,1
30,1185.0,21,881.0,4,-1.0,0,1
69,840.0,5,128.0,3,-1.0,0,2
32,73.0,28,545.0,1,-1.0,0,1
60,7791.0,30,141.0,1,-1.0,0,1
31,0.0,17,188.0,3,-1.0,0,2
54,1146.0,12,205.0,2,-1.0,0,1
41,692.0,30,249.0,3,245.0,3,1
38,205.0,26,332.0,1,-1.0,0,2
40,87.0,13,477.0,3,-1.0,0,2
41,1066.0,11,109.0,3,-1.0,0,2
37,876.0,23,213.0,4,-1.0,0,1
38,213.0,16,270.0,15,-1.0,0,1
54,0.0,16,986.0,1,94.0,8,1
32,354.0,4,239.0,1,196.0,8,1
39,1355.0,14,1180.0,1,-1.0,0,2
51,0.0,20,179.0,3,-1.0,0,1
56,563.0,6,100.0,2,168.0,1,1
62,272.0,11,146.0,1,286.0,2,2
36,0.0,25,106.0,1,205.0,2,1
31,50.0,21,794.0,1,-1.0,0,1
30,309.0,13,99.0,1,-1.0,0,1
37,506.0,2,446.0,2,273.0,1,1
30,1598.0,10,634.0,1,-1.0,0,2
49,1684.0,1,412.0,2,-1.0,0,2
42,-247.0,18,104.0,2,28.0,2,1
26,8.0,23,95.0,1,-1.0,0,1
31,314.0,20,1341.0,3,178.0,7,2
30,432.0,3,180.0,3,-1.0,0,1
32,2016.0,13,232.0,1,348.0,1,2
47,151.0,5,190.0,1,-1.0,0,1
34,-7.0,22,143.0,5,-1.0,0,1
53,2398.0,3,108.0,1,92.0,1,1
50,0.0,1,280.0,1,184.0,3,2
31,387.0,4,149.0,1,-1.0,0,1
34,1076.0,8,70.0,2,-1.0,0,1
42,301.0,17,1175.0,2,-1.0,0,2
33,224.0,8,241.0,2,-1.0,0,2
27,276.0,16,218.0,2,-1.0,0,1
69,3588.0,10,429.0,1,-1.0,0,2
38,93.0,16,394.0,3,-1.0,0,1
37,2079.0,14,299.0,1,360.0,2,1
56,1119.0,14,265.0,2,-1.0,0,1
46,385.0,29,52.0,4,-1.0,0,1
22,897.0,4,133.0,4,-1.0,0,2
33,596.0,18,77.0,1,127.0,3,1
44,88.0,2,275.0,1,-1.0,0,2
53,2228.0,17,890.0,1,-1.0,0,2
28,-7.0,26,3183.0,2,-1.0,0,2
39,4430.0,18,13.0,4,362.0,1,1
50,469.0,16,170.0,1,183.0,1,2
29,596.0,18,172.0,2,346.0,6,1
29,1374.0,14,1205.0,2,178.0,7,2
75,2991.0,22,240.0,1,-1.0,0,2
35,2646.0,13,221.0,1,182.0,1,2
26,915.0,2,384.0,1,-1.0,0,2
26,2613.0,1,326.0,1,-1.0,0,2
72,951.0,12,229.0,3,339.0,1,2
33,1968.0,20,1817.0,3,-1.0,0,2
37,171.0,7,250.0,3,-1.0,0,1
34,1965.0,4,714.0,1,-1.0,0,2
43,3064.0,20,2453.0,2,-1.0,0,2
29,3041.0,8,606.0,3,-1.0,0,2
38,299.0,22,200.0,1,-1.0,0,1
23,210.0,20,507.0,1,-1.0,0,1
40,0.0,10,147.0,1,96.0,8,2
47,0.0,19,50.0,2,-1.0,0,1
34,0.0,19,1283.0,1,-1.0,0,1
60,824.0,9,265.0,1,181.0,8,2
49,-18.0,11,217.0,3,264.0,4,1
36,253.0,17,54.0,1,-1.0,0,1
26,-378.0,8,165.0,1,-1.0,0,1
30,1785.0,17,235.0,1,-1.0,0,2
30,-393.0,16,435.0,1,-1.0,0,2
52,1405.0,17,753.0,2,-1.0,0,2
35,37.0,29,104.0,7,-1.0,0,1
33,1467.0,20,85.0,2,-1.0,0,1
83,1965.0,13,1003.0,3,-1.0,0,2
51,804.0,9,176.0,1,-1.0,0,1
29,163.0,16,803.0,1,-1.0,0,2
59,-47.0,27,84.0,4,-1.0,0,1
26,655.0,16,190.0,1,-1.0,0,2
35,3160.0,16,445.0,2,95.0,1,2
33,777.0,7,263.0,1,-1.0,0,1
59,422.0,14,647.0,4,-1.0,0,2
59,1978.0,20,928.0,1,-1.0,0,1
30,1028.0,4,1294.0,2,-1.0,0,2
41,-306.0,15,500.0,1,-1.0,0,2
47,324.0,21,462.0,2,-1.0,0,2
32,883.0,30,59.0,1,-1.0,0,1
42,4014.0,21,149.0,4,186.0,1,1
33,2881.0,26,289.0,1,328.0,1,2
36,0.0,17,273.0,2,131.0,1,1
68,1146.0,16,212.0,1,187.0,6,2
38,157.0,15,57.0,11,366.0,1,1
45,7.0,20,691.0,1,-1.0,0,2
31,2666.0,10,318.0,2,97.0,6,2
38,89.0,14,71.0,1,360.0,10,1
18,3.0,25,130.0,2,-1.0,0,2
31,4182.0,4,347.0,2,-1.0,0,2
31,2616.0,21,374.0,1,185.0,2,2
54,66.0,11,167.0,1,-1.0,0,2
43,-399.0,28,662.0,3,-1.0,0,2
66,2048.0,27,212.0,1,-1.0,0,2
65,2.0,14,450.0,1,-1.0,0,2
42,247.0,31,76.0,5,-1.0,0,1
41,39.0,21,299.0,4,-1.0,0,1
44,-948.0,9,129.0,2,-1.0,0,1
43,1916.0,13,565.0,2,-1.0,0,1
45,1506.0,28,365.0,4,-1.0,0,2
35,271.0,20,68.0,1,-1.0,0,1
34,1474.0,2,739.0,2,-1.0,0,2
93,775.0,22,860.0,2,177.0,7,2
36,3057.0,16,2769.0,4,-1.0,0,2
39,2319.0,21,48.0,1,137.0,1,1
51,2337.0,27,133.0,2,41.0,5,1
47,600.0,19,290.0,15,-1.0,0,2
56,616.0,30,225.0,1,83.0,1,2
30,1681.0,23,128.0,1,106.0,2,2
60,631.0,12,429.0,2,-1.0,0,2
41,334.0,13,14.0,4,331.0,22,1
29,271.0,20,1882.0,2,-1.0,0,2
48,100.0,29,206.0,1,-1.0,0,1
83,1097.0,5,181.0,1,-1.0,0,2
59,121.0,12,144.0,7,-1.0,0,1
57,1181.0,29,169.0,2,182.0,2,2
28,154.0,15,536.0,1,364.0,1,2
36,129.0,27,149.0,1,-1.0,0,2
36,480.0,20,213.0,1,-1.0,0,2
35,0.0,21,86.0,1,-1.0,0,1
31,-163.0,17,135.0,1,270.0,2,1
30,255.0,27,143.0,1,-1.0,0,2
45,3006.0,29,388.0,2,-1.0,0,2
