sex,age,age_cat,race,juv_fel_count,juv_misd_count,juv_other_count,priors_count,days_b_screening_arrest,c_days_from_compas,c_charge_degree,decile_score.1,score_text,v_type_of_assessment,v_decile_score,v_score_text,end,target
1,21,2,2,1,0,3,2,0.0,0.0,7,9,0,0,7,0,475,0
1,20,2,0,1,0,0,1,27.0,268.0,3,7,0,0,5,2,478,0
0,32,0,0,0,0,0,5,-1.0,1.0,3,7,0,0,2,1,561,-1
1,21,2,2,0,0,0,0,-1.0,1.0,3,3,1,0,5,2,282,0
1,37,0,0,0,0,0,10,-1.0,1.0,3,6,2,0,1,1,244,0
1,31,0,0,0,0,0,13,-1.0,1.0,7,9,0,0,8,0,372,0
1,28,0,0,0,0,1,12,-2.0,2.0,8,6,2,0,2,1,817,0
1,31,0,2,0,0,0,1,0.0,0.0,3,6,2,0,3,1,889,-1
1,22,2,0,0,0,0,0,-1.0,1.0,3,6,2,0,7,0,924,0
1,22,2,0,0,0,0,0,-1.0,1.0,3,2,1,0,4,2,506,0
1,25,0,2,0,0,0,2,-25.0,25.0,3,4,2,0,4,2,136,0
1,22,2,0,0,0,0,0,0.0,1.0,2,4,2,0,5,2,375,0
1,21,2,2,0,0,0,0,-1.0,1.0,3,2,1,0,4,2,701,-1
1,22,2,0,0,0,0,1,-29.0,29.0,3,2,1,0,4,2,960,-1
1,29,0,0,0,0,0,6,67.0,93.0,3,5,2,0,3,1,67,0
1,49,1,0,0,0,0,1,0.0,0.0,7,0,1,0,0,1,410,0
1,26,0,0,2,1,0,8,-85.0,85.0,8,9,0,0,6,2,431,0
1,25,0,0,0,0,0,6,-1.0,1.0,2,5,2,0,4,2,523,0
1,30,0,0,0,0,0,1,-1.0,1.0,3,0,1,0,1,1,934,-1
1,24,2,2,0,0,3,3,-1.0,1.0,7,4,2,0,3,1,544,0
1,37,0,2,0,0,0,3,-1.0,1.0,7,3,1,0,1,1,51,-1
0,32,0,0,0,0,0,3,-1.0,1.0,3,6,2,0,1,1,512,-1
1,33,0,1,0,0,0,2,14.0,132.0,9,7,0,0,7,0,38,-1
1,25,0,3,0,0,0,2,-1.0,1.0,7,2,1,0,4,2,359,0
1,22,2,0,0,0,0,3,-443.0,0.0,1,9,0,0,8,0,651,-1
1,50,1,2,0,0,0,0,-1.0,1.0,7,0,1,0,0,1,495,-1
1,23,2,0,0,0,0,1,-1.0,1.0,7,6,2,0,5,2,767,0
0,29,0,2,0,0,0,3,-1.0,1.0,3,6,2,0,3,1,506,-1
1,19,2,0,3,0,0,2,-43.0,43.0,6,8,0,0,8,0,72,0
1,22,2,0,0,0,0,2,-1.0,1.0,7,8,0,0,7,0,541,0
1,45,1,3,0,0,0,3,-83.0,82.0,3,0,1,0,0,1,1026,-1
1,29,0,0,0,0,0,29,-1.0,1.0,3,7,0,0,8,0,213,0
1,55,1,0,0,0,0,10,-1.0,1.0,7,6,2,0,3,1,25,0
1,37,0,0,2,0,0,27,-1.0,1.0,2,9,0,0,8,0,127,-1
1,23,2,0,0,0,0,3,-1.0,1.0,7,1,1,0,2,1,1083,0
1,21,2,0,2,0,1,2,-1.0,1.0,3,9,0,0,8,0,221,0
1,23,2,0,0,0,0,4,-33.0,33.0,3,8,0,0,7,0,1048,-1
1,25,0,2,0,2,0,5,-3.0,3.0,7,6,2,0,3,1,634,0
1,70,1,2,0,0,0,11,-13.0,13.0,3,0,1,0,0,1,737,0
1,48,1,2,0,0,0,1,0.0,1.0,7,0,1,0,0,1,513,0
1,60,1,0,0,0,0,19,0.0,0.0,3,7,0,0,4,2,735,0
1,33,0,0,0,0,0,4,-45.0,45.0,3,2,1,0,3,1,989,-1
1,45,1,3,0,0,0,0,0.0,1.0,3,0,1,0,0,1,768,-1
1,59,1,0,0,0,0,10,-1.0,1.0,3,6,2,0,3,1,426,0
1,26,0,0,0,0,0,1,0.0,1.0,3,8,0,0,7,0,371,-1
1,35,0,0,1,0,0,13,-188.0,188.0,2,8,0,0,4,2,413,0
1,26,0,0,1,0,0,10,-1.0,1.0,3,7,0,0,7,0,481,0
0,30,0,2,0,0,0,9,-58.0,58.0,3,5,2,0,7,0,576,-1
1,36,0,2,0,0,0,2,-1.0,1.0,8,5,2,0,1,1,958,-1
1,42,0,2,0,0,0,4,-1.0,1.0,3,0,1,0,1,1,378,0
1,43,0,5,0,0,0,3,-1.0,1.0,3,3,1,0,2,1,265,-1
1,42,0,0,0,0,0,1,-17.0,17.0,7,1,1,0,1,1,365,0
1,69,1,2,0,0,0,0,-7.0,7.0,7,0,1,0,0,1,198,0
1,23,2,0,0,0,0,6,40.0,245.0,3,3,1,0,4,2,40,0
1,28,0,2,0,0,0,7,331.0,626.0,8,9,0,0,9,0,1148,-1
1,52,1,2,0,0,0,16,-4.0,5.0,3,8,0,0,3,1,413,0
0,24,2,3,0,0,0,1,-1.0,1260.0,8,1,1,0,1,1,557,-1
0,25,0,2,0,0,0,1,-1.0,1.0,3,4,2,0,4,2,648,-1
1,28,0,0,0,0,0,2,-1.0,1.0,2,4,2,0,2,1,322,0
1,61,1,5,0,0,0,1,-49.0,49.0,2,0,1,0,0,1,581,-1
1,31,0,0,0,1,0,3,0.0,0.0,3,4,2,0,4,2,1102,-1
1,22,2,2,0,0,4,3,-1.0,1.0,8,2,1,0,4,2,476,-1
1,29,0,0,0,0,0,5,0.0,0.0,3,5,2,0,2,1,1180,0
1,22,2,0,0,0,0,1,-1.0,1.0,3,5,2,0,7,0,719,0
0,32,0,2,0,0,1,0,-1.0,2.0,7,0,1,0,0,1,1132,-1
0,47,1,2,0,0,0,0,-1.0,1.0,7,0,1,0,0,1,571,-1
1,23,2,2,0,0,1,3,18.0,4.0,3,5,2,0,5,2,1183,0
1,25,0,0,1,2,0,9,43.0,20.0,3,8,0,0,8,0,259,0
1,31,0,0,0,0,1,5,50.0,92.0,1,9,0,0,6,2,1166,0
1,26,0,0,0,0,0,4,-1.0,4.0,3,6,2,0,5,2,507,0
1,38,0,2,0,0,0,2,-7.0,7.0,2,6,2,0,1,1,246,-1
1,31,0,3,0,0,0,0,0.0,0.0,8,1,1,0,1,1,552,-1
1,21,2,3,0,0,0,1,-48.0,49.0,1,2,1,0,5,2,617,-1
1,23,2,0,0,0,0,1,-1.0,1.0,2,5,2,0,4,2,72,0
1,47,1,0,0,0,1,19,-1.0,1.0,3,7,0,0,2,1,503,0
0,33,0,0,0,0,0,7,-1.0,1.0,3,8,0,0,8,0,275,0
1,37,0,3,0,0,0,4,0.0,0.0,7,0,1,0,0,1,692,0
1,32,0,0,0,0,0,4,-1.0,1.0,2,6,2,0,3,1,505,-1
1,23,2,2,0,0,0,3,-1.0,1.0,2,4,2,0,5,2,864,-1
1,34,0,0,0,0,0,2,0.0,1.0,3,9,0,0,5,2,820,-1
1,21,2,2,0,0,0,0,-1.0,1.0,3,3,1,0,6,2,618,-1
1,25,0,0,0,0,0,8,0.0,1.0,3,5,2,0,4,2,90,0
1,33,0,2,0,0,0,9,0.0,0.0,3,3,1,0,2,1,59,-1
1,34,0,2,0,0,0,2,-48.0,49.0,1,0,1,0,0,1,520,-1
1,28,0,2,0,0,0,6,0.0,0.0,8,3,1,0,2,1,44,0
1,47,1,2,0,0,0,5,-1.0,1.0,7,1,1,0,2,1,1095,-1
0,22,2,2,0,0,0,0,-2.0,2.0,3,6,2,0,5,2,541,0
1,21,2,0,0,0,0,1,-22.0,22.0,6,2,1,0,4,2,932,-1
0,55,1,2,0,0,0,0,-1.0,1.0,7,0,1,0,0,1,1057,-1
1,27,0,0,1,0,0,6,-1.0,1.0,3,6,2,0,7,0,397,0
1,37,0,0,0,0,0,6,-1.0,1.0,3,4,2,0,1,1,135,0
1,31,0,2,0,0,0,1,0.0,1.0,7,0,1,0,0,1,922,0
1,22,2,0,0,0,0,0,-1.0,1.0,3,7,0,0,7,0,153,-1
0,38,0,0,0,0,0,7,0.0,1.0,3,9,0,0,8,0,1168,0
1,27,0,2,0,0,0,1,-1.0,1.0,3,1,1,0,2,1,647,-1
0,24,2,2,0,0,0,0,-1.0,1.0,3,7,0,0,4,2,259,-1
1,64,1,2,0,0,0,13,-499.0,499.0,3,8,0,0,1,1,652,-1
1,30,0,2,0,0,0,5,0.0,1.0,3,6,2,0,3,1,798,-1
1,26,0,0,1,0,0,10,-1.0,1.0,3,7,0,0,7,0,8,0
1,37,0,2,0,0,0,0,-2.0,2.0,3,0,1,0,0,1,603,-1
1,54,1,0,0,0,0,11,-1.0,1.0,3,7,0,0,2,1,1100,-1
1,23,2,0,0,0,0,3,-1.0,1.0,8,9,0,0,8,0,954,-1
1,52,1,0,0,0,0,7,-1.0,1.0,3,8,0,0,2,1,171,0
1,27,0,0,1,0,0,4,-1.0,1.0,3,4,2,0,2,1,182,0
1,39,0,0,0,0,0,0,-3.0,3.0,7,2,1,0,3,1,1152,-1
1,24,2,3,0,0,0,0,-1.0,1.0,7,1,1,0,2,1,741,-1
1,28,0,2,0,0,0,0,-1.0,1.0,2,1,1,0,2,1,494,0
1,48,1,0,0,0,0,1,-1.0,1.0,7,0,1,0,0,1,623,-1
1,43,0,0,0,0,0,18,-1.0,1.0,3,3,1,0,2,1,300,0
1,43,0,2,0,0,0,0,0.0,0.0,7,0,1,0,0,1,1136,-1
1,39,0,0,0,0,0,3,-1.0,1.0,3,2,1,0,1,1,278,0
1,50,1,0,0,0,0,4,-3.0,3.0,8,4,2,0,1,1,827,-1
1,24,2,0,0,0,0,7,-1.0,1.0,3,8,0,0,5,2,823,0
0,56,1,0,0,0,0,2,-1.0,1.0,7,0,1,0,0,1,866,0
1,34,0,0,0,0,0,8,-1.0,1.0,7,6,2,0,2,1,830,0
0,24,2,0,0,0,0,2,-1.0,1.0,8,6,2,0,7,0,613,0
1,35,0,2,0,0,0,3,-1.0,1.0,7,2,1,0,1,1,1072,0
1,23,2,3,0,0,0,0,-1.0,1.0,3,2,1,0,4,2,822,-1
1,34,0,3,0,0,0,2,0.0,0.0,8,2,1,0,1,1,979,0
1,26,0,0,0,2,2,27,-1.0,1.0,7,8,0,0,9,0,394,0
1,30,0,2,0,0,0,2,-37.0,36.0,7,7,0,0,1,1,770,0
1,34,0,2,0,0,0,16,-1.0,1.0,3,5,2,0,5,2,810,0
0,31,0,2,0,0,0,9,-1.0,1.0,3,6,2,0,4,2,1110,0
1,24,2,0,0,0,2,1,-1.0,1.0,9,8,0,0,8,0,514,0
1,44,0,2,0,0,0,0,-1.0,1.0,3,6,2,0,1,1,414,0
1,26,0,5,0,0,0,1,-1.0,1.0,3,3,1,0,4,2,1178,0
0,46,1,0,0,0,0,2,-1.0,1.0,3,9,0,0,7,0,522,0
1,32,0,2,2,0,1,15,-1.0,1.0,3,8,0,0,5,2,96,0
1,21,2,2,0,0,0,0,-1.0,1.0,8,3,1,0,6,2,1040,0
1,70,1,0,0,0,0,0,-4.0,4.0,2,0,1,0,0,1,658,-1
1,26,0,2,0,0,0,7,81.0,98.0,8,8,0,0,6,2,529,0
1,22,2,0,0,0,0,0,0.0,1.0,3,2,1,0,4,2,832,0
0,36,0,0,0,0,0,0,0.0,0.0,7,1,1,0,2,1,692,-1
1,23,2,0,0,0,0,0,0.0,1.0,7,2,1,0,3,1,12,0
0,40,0,2,0,0,0,0,-1.0,1.0,8,1,1,0,0,1,834,-1
0,25,0,2,0,0,0,5,-3.0,4.0,3,6,2,0,3,1,690,-1
0,41,0,0,0,0,0,4,-1.0,1.0,2,3,1,0,1,1,947,-1
1,22,2,2,0,0,0,2,-1.0,1.0,7,5,2,0,4,2,268,0
1,30,0,2,0,0,0,4,-25.0,25.0,3,3,1,0,1,1,127,-1
1,25,0,0,0,1,2,5,-1.0,1.0,2,8,0,0,8,0,657,0
1,26,0,0,0,3,0,3,-1.0,2022.0,8,8,0,0,8,0,1073,0
0,34,0,0,0,0,0,5,-1.0,1.0,2,8,0,0,1,1,543,0
1,32,0,0,0,0,0,0,-1.0,1.0,7,0,1,0,0,1,670,-1
1,52,1,0,0,0,0,0,-1.0,1.0,2,3,1,0,0,1,1041,0
0,29,0,2,0,0,0,8,12.0,65.0,8,7,0,0,2,1,772,-1
1,28,0,0,0,0,0,2,0.0,0.0,7,3,1,0,2,1,618,0
1,23,2,0,0,0,0,1,-39.0,39.0,7,1,1,0,3,1,655,-1
1,28,0,0,0,0,0,3,-1.0,1.0,7,5,2,0,2,1,546,0
1,24,2,0,0,0,0,6,0.0,1.0,2,9,0,0,8,0,45,0
1,45,1,5,0,0,0,0,-1.0,1.0,7,0,1,0,0,1,751,-1
1,29,0,0,0,0,0,0,-1.0,1.0,3,7,0,0,2,1,202,-1
1,41,0,0,0,1,0,10,0.0,0.0,3,8,0,0,6,2,285,0
1,22,2,2,0,0,0,2,-1.0,1.0,7,5,2,0,4,2,158,0
1,23,2,0,0,0,2,4,-1.0,1.0,3,7,0,0,4,2,419,0
0,49,1,2,0,0,0,2,-1.0,1.0,3,5,2,0,0,1,754,-1
1,33,0,0,0,0,0,2,-1.0,1.0,3,6,2,0,6,2,1183,-1
1,41,0,2,5,0,0,16,-1.0,0.0,3,9,0,0,7,0,472,-1
1,23,2,0,0,0,0,6,0.0,0.0,3,5,2,0,6,2,826,0
1,32,0,0,1,2,0,17,84.0,0.0,3,9,0,0,9,0,688,0
1,35,0,0,0,0,2,3,-26.0,26.0,8,1,1,0,1,1,726,0
1,20,2,5,0,8,1,8,-1.0,1.0,3,9,0,0,7,0,81,0
1,49,1,2,0,0,0,0,-1.0,1.0,3,0,1,0,0,1,1131,-1
1,61,1,2,0,0,0,0,-4.0,4.0,8,0,1,0,0,1,66,-1
1,22,2,0,0,0,0,1,0.0,1.0,7,2,1,0,2,1,321,0
0,46,1,2,0,0,0,1,-30.0,30.0,1,0,1,0,0,1,820,-1
1,37,0,3,0,0,0,6,-1.0,1.0,3,1,1,0,1,1,1072,0
0,21,2,0,0,0,0,0,-4.0,4.0,8,4,2,0,6,2,277,-1
1,24,2,2,0,0,0,1,-37.0,37.0,3,2,1,0,2,1,809,-1
1,22,2,0,1,0,0,12,0.0,0.0,3,9,0,0,7,0,500,0
1,25,0,0,0,0,0,0,-1.0,1.0,3,6,2,0,2,1,158,0
0,47,1,2,0,0,0,28,-1.0,1.0,3,8,0,0,4,2,701,0
1,26,0,2,0,0,0,1,0.0,0.0,3,1,1,0,2,1,253,0
1,31,0,0,0,0,0,8,-1.0,1.0,7,6,2,0,3,1,492,0
1,31,0,0,0,3,4,15,-1.0,1.0,3,5,2,0,3,1,257,0
1,56,1,5,0,0,0,0,-1.0,1.0,7,0,1,0,0,1,835,-1
1,21,2,0,0,1,0,1,-1.0,1.0,3,6,2,0,5,2,557,-1
1,32,0,2,0,0,0,0,500.0,1.0,3,2,1,0,1,1,1099,0
1,27,0,0,0,0,1,2,-1.0,1.0,7,8,0,0,3,1,370,0
1,53,1,0,0,0,0,15,-1.0,1.0,3,0,1,0,1,1,153,0
0,55,1,2,0,0,0,2,-12.0,12.0,3,0,1,0,0,1,932,-1
1,28,0,5,0,0,0,2,-1.0,1.0,7,0,1,0,1,1,880,-1
1,34,0,0,0,0,0,1,-1.0,1.0,3,1,1,0,1,1,923,-1
1,31,0,5,0,0,0,1,-1.0,1.0,3,1,1,0,1,1,1066,-1
1,22,2,0,0,0,0,0,-1.0,1.0,3,3,1,0,5,2,997,-1
1,32,0,0,0,1,0,12,-1.0,1.0,3,8,0,0,6,2,588,0
1,25,0,0,0,0,0,1,-23.0,23.0,3,2,1,0,3,1,358,0
1,31,0,0,1,1,1,12,-1.0,1.0,7,7,0,0,4,2,1105,0
1,24,2,0,0,0,2,2,-1.0,1.0,3,4,2,0,4,2,821,0
1,28,0,2,0,0,0,4,-1.0,1.0,3,3,1,0,1,1,91,0
1,34,0,0,0,0,0,5,-1.0,1.0,2,7,0,0,1,1,458,-1
0,23,2,3,0,0,0,2,-2.0,2.0,3,3,1,0,3,1,641,0
1,51,1,3,0,0,0,0,-1.0,2.0,8,0,1,0,0,1,605,-1
1,22,2,2,0,0,1,2,-1.0,1.0,7,4,2,0,5,2,235,0
1,25,0,0,0,0,0,12,-1.0,1.0,3,9,0,0,6,2,560,-1
0,36,0,2,0,0,0,2,-1.0,1.0,2,2,1,0,2,1,870,-1
1,45,1,2,0,0,0,0,0.0,0.0,3,0,1,0,0,1,1124,-1
0,29,0,2,0,0,0,8,12.0,65.0,8,7,0,0,2,1,127,-1
1,37,0,0,0,0,0,18,-1.0,1.0,3,8,0,0,1,1,668,-1
1,21,2,0,0,0,1,2,-1.0,1.0,3,9,0,0,8,0,725,-1
1,26,0,2,0,0,0,7,81.0,98.0,8,8,0,0,6,2,371,0
1,61,1,0,0,0,0,4,-1.0,1178.0,9,8,0,0,2,1,1047,0
1,36,0,0,0,0,2,7,-32.0,32.0,7,4,2,0,4,2,836,-1
0,46,1,0,0,0,0,4,-56.0,56.0,6,5,2,0,2,1,218,-1
1,27,0,0,0,1,0,6,0.0,0.0,2,5,2,0,2,1,193,0
1,20,2,0,0,0,1,1,-1.0,1.0,2,9,0,0,9,0,431,0
1,24,2,2,0,0,0,0,-1.0,1.0,3,9,0,0,6,2,102,-1
1,29,0,2,0,0,0,11,135.0,636.0,3,9,0,0,9,0,135,-1
1,36,0,5,0,0,0,0,-1.0,1.0,3,0,1,0,0,1,1122,-1
1,34,0,3,0,0,0,3,-6.0,6.0,7,1,1,0,1,1,983,-1
1,27,0,0,0,0,0,2,-1.0,1.0,3,8,0,0,7,0,1081,0
1,28,0,2,0,0,0,0,-1.0,1.0,8,1,1,0,2,1,421,0
0,35,0,0,0,2,0,2,-1.0,6323.0,8,5,2,0,3,1,367,-1
1,30,0,2,0,0,0,0,-1.0,1.0,7,3,1,0,2,1,617,-1
1,59,1,0,0,0,0,1,-1.0,1.0,3,5,2,0,2,1,665,-1
1,49,1,0,0,0,0,1,0.0,0.0,3,2,1,0,0,1,76,0
1,41,0,0,0,0,1,7,0.0,1.0,7,6,2,0,2,1,571,0
0,24,2,0,1,0,0,6,-1.0,1.0,2,8,0,0,8,0,173,0
1,61,1,0,0,0,0,13,-1.0,1.0,3,6,2,0,2,1,812,-1
1,25,0,2,0,0,0,2,0.0,0.0,7,3,1,0,2,1,119,0
1,45,1,3,0,0,0,0,-1.0,1.0,3,0,1,0,0,1,1078,-1
0,26,0,0,0,0,0,0,-6.0,6.0,7,8,0,0,6,2,691,-1
1,42,0,2,0,0,0,8,-1.0,1.0,3,3,1,0,3,1,842,-1
1,28,0,2,0,0,0,9,-8.0,8.0,3,7,0,0,7,0,598,0
1,23,2,3,0,0,0,4,-27.0,27.0,3,8,0,0,7,0,784,-1
1,23,2,0,0,0,0,6,40.0,245.0,3,3,1,0,4,2,518,0
0,42,0,0,0,0,0,1,-1.0,1.0,3,1,1,0,0,1,892,-1
1,48,1,2,0,0,0,3,-7.0,7.0,3,3,1,0,0,1,1001,-1
0,24,2,0,0,0,0,3,-1.0,2.0,3,7,0,0,9,0,1162,-1
1,26,0,0,0,0,0,6,0.0,0.0,8,7,0,0,5,2,465,-1
1,41,0,2,0,0,0,11,-1.0,1.0,3,8,0,0,5,2,829,-1
1,20,2,2,0,0,2,1,-1.0,1.0,2,1,1,0,4,2,375,0
1,41,0,2,0,0,0,0,0.0,0.0,7,0,1,0,0,1,1158,-1
1,27,0,0,0,0,0,1,-1.0,1.0,3,7,0,0,8,0,1061,-1
1,36,0,0,0,0,0,9,0.0,1.0,2,6,2,0,5,2,28,0
0,21,2,0,0,0,0,0,-4.0,4.0,2,4,2,0,5,2,1152,0
0,42,0,2,0,0,0,11,-1.0,1.0,3,4,2,0,0,1,581,-1
1,27,0,0,0,0,0,2,-1.0,1.0,3,3,1,0,2,1,935,-1
1,34,0,0,0,0,0,22,-29.0,29.0,3,8,0,0,3,1,214,-1
1,24,2,0,0,0,2,1,-1.0,1.0,9,8,0,0,8,0,1077,0
1,39,0,2,0,0,0,9,-1.0,1.0,3,4,2,0,2,1,112,0
1,20,2,0,0,0,0,1,-1.0,1.0,3,9,0,0,7,0,647,0
1,28,0,0,0,0,0,10,-131.0,1.0,2,7,0,0,8,0,196,-1
1,39,0,3,0,0,0,0,-1.0,1.0,3,0,1,0,0,1,934,-1
1,35,0,0,0,0,0,4,0.0,159.0,8,4,2,0,5,2,1058,-1
1,23,2,0,0,0,1,1,-1.0,1.0,3,4,2,0,3,1,545,0
1,21,2,0,0,0,0,0,-1.0,1.0,6,4,2,0,6,2,1065,-1
1,23,2,0,0,0,0,3,-1.0,1.0,3,9,0,0,7,0,142,0
0,35,0,2,0,0,0,5,-1.0,1.0,3,5,2,0,1,1,503,-1
1,52,1,2,0,0,0,1,-1.0,1.0,3,0,1,0,0,1,1157,-1
1,21,2,0,0,2,0,2,111.0,173.0,7,8,0,0,7,0,111,0
1,61,1,0,0,0,0,20,-1.0,1.0,8,1,1,0,0,1,135,0
0,25,0,2,0,0,0,1,-1.0,1.0,7,2,1,0,2,1,479,-1
0,28,0,2,0,0,0,0,-1.0,2.0,7,2,1,0,2,1,719,-1
1,24,2,0,0,0,0,1,-1.0,1.0,3,2,1,0,2,1,1109,0
1,44,0,2,0,0,0,0,0.0,0.0,7,0,1,0,0,1,605,-1
1,21,2,2,0,0,1,0,-1.0,1.0,3,7,0,0,5,2,561,-1
1,28,0,2,0,0,0,0,-1.0,1.0,3,9,0,0,8,0,684,-1
1,32,0,0,0,0,0,0,-1.0,1.0,1,0,1,0,0,1,1159,-1
1,45,1,0,0,0,0,0,-3.0,3.0,3,4,2,0,3,1,146,0
1,21,2,0,1,0,2,1,-1.0,1.0,2,9,0,0,9,0,15,0
1,33,0,0,0,0,0,0,0.0,0.0,7,0,1,0,0,1,760,-1
1,22,2,0,0,0,0,0,-1.0,1.0,3,6,2,0,7,0,96,0
1,27,0,2,0,1,3,4,-1.0,1.0,7,3,1,0,5,2,900,0
1,32,0,3,0,0,0,1,0.0,0.0,3,4,2,0,4,2,618,-1
1,38,0,2,0,0,0,10,-1.0,1.0,3,7,0,0,1,1,37,0
1,32,0,0,0,1,2,11,805.0,180.0,3,4,2,0,3,1,822,0
1,32,0,0,0,0,0,0,-1.0,1.0,3,6,2,0,4,2,664,-1
0,36,0,0,0,1,0,2,-2.0,2.0,2,5,2,0,2,1,315,-1
1,60,1,0,0,0,0,9,-22.0,22.0,3,1,1,0,3,1,162,-1
1,21,2,0,1,2,2,3,-1.0,1.0,3,9,0,0,9,0,133,0
1,55,1,0,0,0,0,5,-1.0,1.0,3,3,1,0,0,1,30,0
1,20,2,3,0,0,0,0,-1.0,1.0,7,3,1,0,5,2,747,0
1,37,0,0,0,0,0,12,0.0,1.0,3,8,0,0,7,0,1176,0
1,34,0,2,0,0,0,0,-1.0,1.0,3,2,1,0,1,1,893,0
1,33,0,0,0,0,0,16,-2.0,2.0,3,8,0,0,2,1,317,0
0,28,0,0,0,0,0,0,391.0,1.0,3,9,0,0,5,2,691,0
1,42,0,0,1,0,0,7,0.0,0.0,3,8,0,0,6,2,342,0
1,36,0,5,0,0,0,1,-1.0,1.0,7,0,1,0,0,1,310,0
1,34,0,2,0,0,0,11,-1.0,1.0,3,3,1,0,2,1,798,-1
0,31,0,2,0,0,0,2,-28.0,28.0,3,3,1,0,0,1,51,0
1,32,0,2,0,0,0,5,272.0,15.0,3,4,2,0,2,1,272,0
1,48,1,0,0,0,0,12,-1.0,1.0,2,3,1,0,0,1,480,-1
1,46,1,0,1,0,0,5,-1.0,1422.0,7,7,0,0,5,2,598,-1
1,22,2,2,0,0,0,5,-1.0,1.0,7,4,2,0,3,1,226,0
1,21,2,0,0,0,0,0,-1.0,1.0,3,6,2,0,8,0,148,-1
1,36,0,0,0,2,1,25,0.0,0.0,7,9,0,0,2,1,724,0
1,23,2,5,0,0,0,6,-1.0,1.0,3,7,0,0,4,2,482,0
1,20,2,2,0,0,0,1,-1.0,1.0,3,3,1,0,4,2,497,-1
1,27,0,0,0,0,0,1,-1.0,1.0,3,4,2,0,3,1,352,-1
0,48,1,0,0,0,0,0,-1.0,1.0,3,5,2,0,0,1,622,0
0,33,0,2,0,0,0,1,-1.0,1.0,7,1,1,0,1,1,963,-1
0,25,0,0,0,0,0,2,-1.0,1.0,3,7,0,0,7,0,1076,0
1,22,2,0,0,0,0,0,0.0,0.0,3,6,2,0,5,2,1084,-1
1,30,0,2,0,0,0,0,-1.0,1.0,3,0,1,0,1,1,760,-1
1,27,0,0,0,0,0,3,-44.0,46.0,7,1,1,0,2,1,366,0
1,27,0,0,0,0,0,6,0.0,0.0,3,6,2,0,5,2,153,0
1,30,0,2,0,0,0,0,-1.0,1.0,3,8,0,0,2,1,37,0
1,22,2,0,0,0,1,4,-1.0,1.0,2,9,0,0,8,0,101,-1
1,67,1,0,0,0,0,1,19.0,259.0,1,0,1,0,0,1,1031,-1
1,20,2,0,0,0,4,2,-1.0,1.0,3,4,2,0,6,2,918,0
1,43,0,0,0,0,0,7,0.0,0.0,3,3,1,0,2,1,788,-1
1,58,1,2,0,0,0,1,-1.0,2.0,7,0,1,0,0,1,802,-1
0,24,2,0,0,0,0,0,-1.0,1.0,7,6,2,0,4,2,1117,0
1,22,2,0,0,0,0,2,0.0,1.0,3,8,0,0,9,0,270,0
1,25,0,0,0,1,0,3,-1.0,1.0,7,9,0,0,8,0,652,0
1,22,2,0,0,0,1,0,-1.0,1.0,3,2,1,0,4,2,953,-1
0,34,0,2,0,0,0,10,22.0,77.0,3,8,0,0,4,2,354,0
1,48,1,2,0,0,0,1,0.0,0.0,3,1,1,0,0,1,1039,-1
1,24,2,0,0,0,0,0,-1.0,1.0,3,1,1,0,2,1,841,-1
1,20,2,0,1,1,0,2,162.0,5.0,3,3,1,0,6,2,162,-1
1,29,0,0,0,0,0,0,-1.0,1.0,8,1,1,0,2,1,1128,0
1,19,2,0,0,0,0,0,-1.0,1.0,3,9,0,0,8,0,569,-1
1,26,0,0,0,0,0,3,-21.0,21.0,3,2,1,0,2,1,557,0
1,22,2,0,0,0,0,1,-1.0,1.0,3,6,2,0,8,0,204,-1
1,32,0,0,0,0,0,8,35.0,0.0,3,2,1,0,2,1,708,0
1,24,2,2,0,0,0,0,-1.0,1.0,2,1,1,0,2,1,1185,-1
1,21,2,0,0,0,11,2,-1.0,1.0,3,9,0,0,8,0,650,-1
1,42,0,2,0,0,0,1,-3.0,4.0,9,1,1,0,0,1,809,-1
1,20,2,0,0,0,0,1,0.0,0.0,3,9,0,0,9,0,225,0
1,39,0,2,0,0,0,1,-1.0,1.0,3,0,1,0,0,1,1066,-1
1,32,0,2,0,0,0,3,0.0,1.0,3,5,2,0,1,1,424,0
0,30,0,2,0,0,0,0,-1.0,1.0,7,1,1,0,0,1,687,-1
1,27,0,0,0,1,0,10,-1.0,1.0,3,8,0,0,6,2,473,-1
1,20,2,2,0,0,0,0,-1.0,1.0,3,7,0,0,6,2,809,-1
1,21,2,0,0,0,0,0,-1.0,1.0,3,8,0,0,9,0,615,0
1,26,0,0,0,1,1,8,-1.0,1.0,3,7,0,0,6,2,206,0
1,33,0,0,0,2,2,16,-1.0,1.0,3,8,0,0,5,2,919,0
0,51,1,0,1,0,0,10,173.0,196.0,3,9,0,0,5,2,1128,0
1,22,2,0,0,0,0,3,-1.0,1.0,2,6,2,0,4,2,553,-1
1,23,2,2,0,0,0,0,-1.0,1.0,7,2,1,0,2,1,508,-1
1,23,2,2,0,0,0,3,-1.0,1.0,8,7,0,0,5,2,57,0
1,30,0,0,0,0,0,18,0.0,1.0,8,8,0,0,9,0,38,0
1,24,2,0,0,0,1,2,0.0,0.0,3,2,1,0,3,1,1067,0
0,44,0,2,0,0,0,3,0.0,1.0,3,1,1,0,0,1,477,0
0,52,1,2,0,0,0,1,-8.0,8.0,3,0,1,0,0,1,898,-1
1,27,0,2,0,0,0,1,-43.0,44.0,6,6,2,0,7,0,258,0
1,29,0,0,0,0,0,3,-1.0,1.0,3,1,1,0,2,1,725,0
1,22,2,0,0,0,0,1,0.0,1.0,3,8,0,0,6,2,75,0
1,37,0,2,0,0,0,2,-12.0,12.0,8,1,1,0,2,1,586,-1
0,30,0,5,0,0,0,4,-27.0,1.0,3,6,2,0,3,1,1044,0
1,37,0,0,0,0,0,9,-1.0,1.0,8,5,2,0,2,1,490,-1
1,52,1,5,0,0,0,13,-1.0,1.0,3,6,2,0,5,2,370,0
1,40,0,2,0,0,0,1,-1.0,1.0,7,1,1,0,1,1,519,-1
1,38,0,3,0,0,0,0,-1.0,1.0,7,0,1,0,0,1,1053,-1
1,25,0,2,0,0,0,1,-81.0,81.0,8,1,1,0,2,1,941,0
1,37,0,0,0,0,0,2,-1.0,1.0,3,3,1,0,1,1,36,0
1,28,0,2,0,0,0,0,-1.0,1.0,3,1,1,0,1,1,526,-1
1,28,0,0,0,0,0,1,0.0,1.0,3,3,1,0,4,2,772,0
1,47,1,2,0,0,0,0,0.0,0.0,7,0,1,0,0,1,543,-1
1,30,0,5,0,0,0,5,-1.0,30.0,8,7,0,0,2,1,858,0
1,29,0,0,0,0,0,4,-5.0,5.0,7,2,1,0,1,1,626,-1
1,54,1,5,0,0,0,1,-1.0,1.0,3,1,1,0,0,1,651,-1
1,31,0,0,0,0,0,7,-2.0,2.0,7,5,2,0,3,1,679,-1
1,29,0,5,0,0,0,0,-1.0,1.0,3,0,1,0,1,1,525,-1
1,68,1,2,0,0,0,0,-2.0,2.0,3,0,1,0,0,1,468,-1
1,30,0,0,0,0,0,3,0.0,1.0,3,0,1,0,2,1,27,-1
1,21,2,0,0,0,0,0,-1.0,1.0,3,4,2,0,5,2,540,0
1,55,1,3,0,0,0,0,-1.0,1.0,7,0,1,0,0,1,736,-1
1,26,0,3,0,0,1,0,-1.0,1.0,3,1,1,0,1,1,1039,-1
1,55,1,2,0,0,0,0,0.0,1.0,7,0,1,0,0,1,724,-1
1,44,0,0,0,0,0,5,-1.0,1.0,3,3,1,0,0,1,708,-1
1,23,2,0,0,0,0,6,-1.0,1.0,3,8,0,0,7,0,393,0
1,21,2,3,0,0,0,1,-40.0,40.0,2,8,0,0,7,0,540,-1
0,31,0,0,0,0,0,1,-1.0,1.0,3,6,2,0,4,2,686,-1
1,21,2,0,0,0,0,0,-1.0,1.0,3,3,1,0,5,2,738,-1
1,28,0,0,0,0,0,20,0.0,0.0,3,7,0,0,2,1,657,0
1,43,0,0,0,0,0,4,-1.0,0.0,3,0,1,0,0,1,471,0
1,50,1,2,0,0,0,9,-1.0,1.0,8,5,2,0,3,1,174,0
1,77,1,2,0,0,0,5,-46.0,46.0,3,2,1,0,0,1,505,-1
1,32,0,0,0,0,0,5,-1.0,1.0,3,3,1,0,1,1,248,0
0,55,1,2,0,0,0,0,-3.0,3.0,7,0,1,0,0,1,779,-1
1,25,0,0,0,0,0,7,-1.0,1.0,3,7,0,0,6,2,766,0
1,25,0,0,0,0,0,0,-1.0,1.0,7,5,2,0,4,2,1038,-1
0,32,0,3,0,0,0,1,-80.0,80.0,3,2,1,0,2,1,918,0
0,33,0,4,0,0,0,5,-1.0,1.0,3,6,2,0,3,1,526,0
1,23,2,0,0,1,0,1,689.0,672.0,9,9,0,0,7,0,689,-1
1,33,0,0,4,0,0,12,-1.0,1.0,2,9,0,0,6,2,348,0
0,52,1,2,0,0,0,0,-1.0,1.0,3,1,1,0,1,1,356,0
1,21,2,0,0,0,0,1,-1.0,1.0,3,8,0,0,7,0,306,0
1,23,2,5,0,0,0,6,-38.0,39.0,3,3,1,0,3,1,494,-1
0,36,0,5,0,0,0,0,-1.0,1.0,3,0,1,0,0,1,528,-1
1,27,0,0,0,0,0,0,-1.0,1.0,7,0,1,0,1,1,537,-1
1,24,2,0,0,0,0,2,-1.0,1.0,3,3,1,0,3,1,926,0
1,28,0,2,0,0,0,1,-1.0,1.0,3,3,1,0,2,1,480,0
0,28,0,2,0,0,0,1,0.0,0.0,3,4,2,0,2,1,489,-1
1,31,0,2,0,0,0,5,-1.0,1.0,3,4,2,0,1,1,76,0
1,20,2,0,1,2,0,5,-1.0,1.0,3,8,0,0,8,0,99,0
1,47,1,2,0,0,0,0,-1.0,1.0,7,0,1,0,0,1,923,-1
1,66,1,2,0,0,0,1,331.0,1.0,3,0,1,0,1,1,1129,-1
1,28,0,2,0,0,1,2,-1.0,1.0,8,3,1,0,2,1,705,-1
1,41,0,0,0,0,0,19,29.0,267.0,2,4,2,0,8,0,29,0
1,52,1,0,0,0,1,7,-1.0,164.0,10,6,2,0,6,2,736,-1
1,23,2,2,0,0,0,1,-1.0,1.0,3,1,1,0,2,1,609,-1
0,52,1,0,0,0,0,0,0.0,0.0,3,6,2,0,2,1,558,0
1,31,0,0,0,0,0,1,650.0,22.0,3,5,2,0,5,2,650,-1
1,31,0,2,0,0,0,0,-1.0,1.0,7,0,1,0,0,1,557,-1
1,22,2,0,0,0,0,0,-1.0,1.0,3,2,1,0,4,2,603,0
1,22,2,2,0,0,2,0,-3.0,4.0,3,4,2,0,5,2,1012,-1
1,20,2,0,2,2,0,4,-1.0,1.0,3,8,0,0,8,0,232,0
1,34,0,0,0,0,0,0,0.0,0.0,3,6,2,0,3,1,619,0
1,28,0,0,0,0,0,3,-1.0,1.0,7,5,2,0,2,1,7,0
1,31,0,2,0,0,0,11,-1.0,1.0,3,6,2,0,1,1,379,0
1,25,0,0,0,0,1,9,0.0,1.0,3,6,2,0,3,1,1129,-1
1,20,2,0,0,0,0,0,-1.0,1.0,3,8,0,0,8,0,500,-1
1,47,1,5,0,0,0,5,-1.0,1.0,7,0,1,0,0,1,139,0
1,29,0,2,0,0,0,8,149.0,146.0,8,8,0,0,6,2,1185,0
1,22,2,0,0,0,0,2,250.0,105.0,7,5,2,0,5,2,250,0
1,60,1,2,0,0,0,18,-26.0,26.0,7,1,1,0,2,1,725,0
1,28,0,2,0,0,0,1,-1.0,1.0,3,0,1,0,1,1,312,-1
1,44,0,2,0,0,0,4,0.0,0.0,7,3,1,0,3,1,1181,-1
0,23,2,0,0,0,0,2,-1.0,1.0,3,6,2,0,4,2,829,0
0,31,0,2,0,0,0,2,-28.0,28.0,3,3,1,0,0,1,295,0
1,25,0,2,0,0,0,1,-1.0,1.0,3,5,2,0,2,1,545,-1
1,47,1,2,0,0,0,1,-1.0,1.0,3,0,1,0,0,1,733,-1
1,33,0,2,0,0,0,0,0.0,1.0,3,8,0,0,2,1,427,0
1,36,0,0,0,0,0,6,-32.0,32.0,2,7,0,0,6,2,592,-1
1,20,2,0,1,2,0,5,-1.0,1.0,3,8,0,0,8,0,558,0
1,29,0,2,0,0,0,1,-57.0,57.0,3,1,1,0,1,1,239,-1
1,44,0,0,0,0,0,24,53.0,31.0,7,6,2,0,2,1,53,-1
0,22,2,2,0,0,0,0,0.0,1.0,7,1,1,0,2,1,502,-1
0,28,0,5,0,0,1,1,0.0,0.0,1,1,1,0,1,1,1053,-1
1,54,1,2,0,0,0,0,0.0,0.0,7,0,1,0,0,1,586,-1
1,26,0,0,0,0,0,3,0.0,0.0,2,3,1,0,2,1,1085,-1
1,21,2,0,0,2,0,3,0.0,1.0,2,4,2,0,5,2,436,0
1,31,0,0,0,0,0,1,-1.0,444.0,8,3,1,0,1,1,817,-1
1,26,0,2,0,0,0,1,0.0,0.0,3,1,1,0,2,1,445,0
0,50,1,0,0,0,0,0,-1.0,1.0,7,0,1,0,0,1,633,-1
0,30,0,5,0,0,0,0,-1.0,1.0,7,0,1,0,0,1,547,-1
0,30,0,2,0,0,0,5,-168.0,168.0,3,4,2,0,1,1,390,0
1,22,2,2,0,0,0,3,0.0,1.0,3,6,2,0,4,2,53,0
1,37,0,0,3,0,0,17,-1.0,1.0,3,9,0,0,3,1,270,-1
1,21,2,2,0,0,0,2,-1.0,1.0,3,6,2,0,6,2,415,0
1,53,1,0,0,0,0,18,-1.0,1.0,7,6,2,0,0,1,85,0
0,40,0,2,0,0,0,1,-55.0,55.0,3,1,1,0,0,1,200,-1
0,22,2,0,0,0,0,0,-1.0,1.0,3,3,1,0,3,1,786,0
1,25,0,0,0,1,0,3,-1.0,1.0,7,9,0,0,8,0,874,0
1,23,2,0,0,2,1,3,-1.0,1.0,8,6,2,0,8,0,128,0
1,61,1,1,0,0,0,1,0.0,0.0,7,0,1,0,0,1,549,-1
1,56,1,0,0,0,0,5,-1.0,1.0,3,2,1,0,2,1,158,-1
1,54,1,2,0,0,0,3,-1.0,1.0,8,0,1,0,0,1,342,0
1,27,0,0,0,0,0,7,-1.0,1.0,3,3,1,0,2,1,532,0
1,57,1,2,0,0,0,2,-11.0,11.0,1,0,1,0,0,1,865,-1
1,43,0,2,0,0,0,6,-1.0,1.0,3,2,1,0,1,1,603,-1
1,24,2,2,0,0,0,2,0.0,0.0,8,1,1,0,2,1,736,-1
1,42,0,0,0,0,0,10,-1.0,1.0,3,6,2,0,3,1,185,-1
0,65,1,2,0,0,0,1,-1.0,1.0,8,0,1,0,0,1,218,0
1,46,1,2,0,0,0,2,-23.0,23.0,2,2,1,0,0,1,765,0
1,23,2,0,0,0,0,1,0.0,1.0,7,7,0,0,7,0,1149,-1
0,34,0,0,0,0,0,0,-1.0,1.0,7,1,1,0,0,1,551,-1
1,23,2,3,0,0,0,4,-27.0,27.0,3,8,0,0,7,0,237,-1
1,35,0,0,0,0,0,9,-1.0,1.0,3,5,2,0,2,1,960,-1
1,40,0,1,0,0,0,3,-108.0,109.0,1,0,1,0,0,1,568,-1
1,40,0,2,0,0,0,4,0.0,1.0,7,0,1,0,0,1,815,-1
1,54,1,0,0,0,0,3,-1.0,1.0,3,5,2,0,2,1,741,0
1,28,0,2,0,0,0,3,-1.0,1.0,3,2,1,0,1,1,778,-1
0,26,0,0,0,0,0,0,-1.0,1.0,3,1,1,0,1,1,556,-1
1,49,1,2,0,0,0,8,0.0,0.0,3,5,2,0,1,1,316,0
0,40,0,0,0,0,0,2,-1.0,1.0,8,4,2,0,0,1,1159,-1
1,30,0,0,0,1,1,18,-1.0,1.0,3,9,0,0,7,0,1112,0
1,40,0,2,0,0,0,2,-1.0,1.0,8,0,1,0,0,1,1105,-1
1,29,0,2,0,0,0,7,-1.0,1.0,2,9,0,0,7,0,19,0
1,33,0,2,0,0,0,3,-19.0,19.0,3,7,0,0,6,2,1067,0
1,32,0,0,0,3,0,19,-1.0,1.0,3,8,0,0,3,1,572,0
1,27,0,0,0,0,1,9,-1.0,0.0,3,9,0,0,4,2,28,0
0,22,2,3,0,0,0,2,49.0,100.0,3,4,2,0,3,1,933,0
1,29,0,0,0,0,0,5,-1.0,1.0,3,4,2,0,2,1,660,0
0,55,1,0,0,0,0,1,-2.0,2.0,8,7,0,0,3,1,592,-1
1,36,0,0,0,0,0,4,0.0,1.0,2,4,2,0,2,1,184,-1
1,27,0,0,0,0,1,5,-1.0,1.0,8,4,2,0,2,1,470,0
1,22,2,2,0,0,0,3,-134.0,104.0,9,9,0,0,6,2,175,-1
0,26,0,2,0,0,0,4,-2.0,2.0,3,2,1,0,2,1,212,0
1,33,0,0,0,0,0,0,-1.0,1.0,3,5,2,0,3,1,599,-1
1,31,0,0,0,0,0,5,-1.0,1.0,3,6,2,0,3,1,181,-1
1,58,1,2,0,0,0,0,-1.0,1.0,7,0,1,0,0,1,1040,-1
1,21,2,0,0,0,0,1,-1.0,1.0,3,6,2,0,7,0,1141,0
1,30,0,0,0,0,0,15,210.0,248.0,2,8,0,0,3,1,847,0
1,46,1,2,0,0,0,2,-1.0,1.0,3,5,2,0,0,1,683,0
1,24,2,5,0,0,0,0,-1.0,1.0,3,5,2,0,3,1,741,-1
1,23,2,0,0,0,1,1,-1.0,627.0,3,6,2,0,3,1,817,-1
1,41,0,2,0,0,0,1,-1.0,1.0,3,0,1,0,0,1,744,-1
1,40,0,0,0,0,0,2,-15.0,15.0,3,1,1,0,0,1,989,-1
1,34,0,2,0,0,0,1,-14.0,15.0,7,4,2,0,2,1,767,-1
1,39,0,5,0,0,0,2,-1.0,1.0,7,1,1,0,0,1,614,-1
1,40,0,0,1,0,0,15,-1.0,1.0,3,7,0,0,5,2,1086,-1
1,58,1,2,0,0,0,1,-1.0,3376.0,3,0,1,0,0,1,1098,-1
1,42,0,2,0,0,0,0,0.0,0.0,8,0,1,0,0,1,959,-1
1,36,0,3,0,0,0,1,30.0,22.0,2,3,1,0,3,1,30,0
0,31,0,2,0,0,2,2,-1.0,1.0,3,4,2,0,3,1,469,0
1,33,0,5,0,0,0,0,0.0,0.0,3,7,0,0,3,1,525,-1
1,55,1,0,0,0,0,3,-1.0,142.0,0,4,2,0,2,1,559,0
1,31,0,0,0,0,0,11,0.0,0.0,3,7,0,0,8,0,696,-1
1,57,1,2,0,0,0,14,-28.0,29.0,3,3,1,0,1,1,141,0
1,31,0,0,0,0,0,1,-27.0,28.0,7,0,1,0,0,1,913,-1
1,67,1,2,0,0,0,5,-28.0,28.0,3,0,1,0,0,1,344,-1
1,32,0,0,0,3,0,10,-1.0,1.0,2,5,2,0,4,2,54,0
1,24,2,0,0,0,0,3,-155.0,156.0,8,9,0,0,9,0,194,0
1,26,0,2,0,0,0,1,0.0,0.0,3,1,1,0,2,1,816,0
0,31,0,2,0,0,0,0,-1.0,1.0,3,3,1,0,1,1,353,0
1,52,1,2,0,0,0,0,-6.0,6.0,8,0,1,0,0,1,188,-1
1,26,0,2,0,0,0,0,-1.0,1.0,7,7,0,0,7,0,530,-1
1,19,2,5,0,0,0,0,-1.0,1.0,8,8,0,0,8,0,195,0
1,56,1,2,0,0,0,7,-1.0,1.0,3,5,2,0,7,0,369,0
1,60,1,3,0,0,0,1,-18.0,18.0,3,0,1,0,0,1,1060,-1
1,36,0,2,0,0,0,4,-1.0,1.0,3,2,1,0,2,1,1149,-1
1,21,2,0,0,0,0,0,-1.0,1.0,3,2,1,0,4,2,264,-1
1,25,0,0,0,0,0,1,-1.0,1.0,7,7,0,0,8,0,1099,-1
0,31,0,2,0,0,2,2,-1.0,1.0,3,4,2,0,3,1,609,0
1,50,1,0,0,0,0,7,-1.0,1.0,3,2,1,0,0,1,358,-1
1,41,0,0,0,0,0,13,-1.0,1.0,2,4,2,0,4,2,215,-1
1,27,0,0,0,0,0,0,0.0,0.0,7,1,1,0,2,1,972,-1
1,33,0,0,0,0,0,3,-1.0,1.0,7,5,2,0,3,1,856,0
0,23,2,2,0,0,0,0,-1.0,1.0,3,2,1,0,2,1,861,-1
0,24,2,2,0,0,0,9,-1.0,1.0,7,9,0,0,7,0,11,0
0,30,0,0,0,4,1,12,-1.0,1.0,3,7,0,0,2,1,5,-1
1,36,0,2,1,0,0,10,92.0,95.0,7,8,0,0,3,1,419,0
1,22,2,2,0,0,0,2,-1.0,1.0,7,4,2,0,4,2,700,-1
1,36,0,0,0,0,0,0,-1.0,1.0,7,5,2,0,4,2,929,-1
0,35,0,0,0,0,0,12,-2.0,2.0,3,6,2,0,2,1,432,0
1,25,0,0,0,0,0,7,0.0,0.0,2,6,2,0,5,2,1056,-1
1,31,0,0,0,2,0,8,-1.0,1.0,7,9,0,0,9,0,482,0
1,41,0,0,0,0,0,7,-2.0,2.0,8,2,1,0,1,1,1104,0
1,26,0,3,0,0,0,0,-1.0,1.0,7,0,1,0,2,1,33,0
0,20,2,5,0,0,0,0,0.0,1.0,8,4,2,0,6,2,843,0
0,29,0,0,0,1,0,11,-1.0,1.0,6,8,0,0,4,2,1150,0
1,24,2,0,0,0,0,5,86.0,1.0,3,5,2,0,3,1,747,0
0,44,0,2,0,0,0,0,-1.0,1.0,7,0,1,0,0,1,745,-1
0,38,0,0,0,0,0,14,-1.0,1.0,3,9,0,0,2,1,120,0
1,34,0,0,0,0,0,16,-1.0,1.0,3,8,0,0,5,2,490,0
1,37,0,5,0,0,0,1,0.0,1.0,3,1,1,0,1,1,668,-1
1,27,0,0,0,0,0,1,-1.0,1.0,7,4,2,0,2,1,326,-1
1,29,0,0,0,0,0,29,-1.0,1.0,3,7,0,0,8,0,539,0
1,47,1,1,0,0,0,1,0.0,1.0,7,0,1,0,0,1,53,-1
1,30,0,0,0,0,0,9,0.0,0.0,3,9,0,0,6,2,1036,0
1,27,0,5,0,0,0,0,-1.0,1.0,7,0,1,0,1,1,868,-1
1,26,0,3,1,0,0,1,79.0,1637.0,6,4,2,0,3,1,79,0
1,31,0,0,0,0,0,1,0.0,1.0,3,9,0,0,5,2,354,0
1,41,0,0,0,0,0,2,-1.0,1.0,2,5,2,0,1,1,824,-1
1,23,2,0,1,0,0,2,0.0,0.0,3,8,0,0,9,0,972,0
1,29,0,0,0,0,0,1,0.0,0.0,7,1,1,0,1,1,22,0
1,48,1,0,0,0,0,11,-1.0,1.0,7,3,1,0,3,1,872,0
1,35,0,2,0,0,0,3,0.0,0.0,7,4,2,0,3,1,257,0
1,39,0,3,0,0,0,0,-1.0,1.0,3,0,1,0,0,1,707,-1
1,22,2,0,0,0,0,2,-1.0,1.0,7,8,0,0,7,0,126,0
1,31,0,2,0,0,0,0,-1.0,1.0,7,0,1,0,0,1,326,0
0,53,1,2,0,0,0,1,-23.0,23.0,7,0,1,0,0,1,560,-1
1,39,0,2,0,0,0,2,-2.0,3.0,3,0,1,0,0,1,498,0
1,24,2,0,0,0,0,3,-1.0,1.0,7,2,1,0,3,1,89,-1
1,20,2,2,0,0,2,0,-3.0,4.0,3,3,1,0,6,2,823,-1
0,27,0,0,0,0,0,1,0.0,1.0,3,2,1,0,2,1,921,-1
1,39,0,0,1,1,0,16,-1.0,1.0,2,8,0,0,5,2,858,-1
1,29,0,0,0,0,0,1,-1.0,1.0,7,0,1,0,1,1,929,0
1,26,0,3,0,0,0,0,-1.0,1.0,3,1,1,0,2,1,621,-1
1,38,0,2,0,0,0,2,0.0,1.0,7,1,1,0,0,1,717,-1
1,28,0,0,0,0,0,10,0.0,0.0,3,2,1,0,1,1,819,-1
1,58,1,2,0,0,0,0,-1.0,2.0,3,0,1,0,0,1,99,-1
1,51,1,3,0,0,0,1,-18.0,18.0,3,0,1,0,0,1,1142,-1
0,25,0,0,0,0,0,1,-1.0,1.0,7,2,1,0,2,1,496,0
1,29,0,0,0,0,0,2,-1.0,1.0,3,4,2,0,1,1,177,-1
1,37,0,2,0,0,0,3,-1.0,1.0,3,3,1,0,1,1,818,-1
1,44,0,2,0,0,0,0,-1.0,1.0,7,0,1,0,0,1,870,-1
1,31,0,2,0,0,0,1,-1.0,1.0,3,2,1,0,1,1,849,0
1,23,2,0,0,0,1,2,137.0,192.0,8,6,2,0,7,0,746,0
0,31,0,2,0,0,0,0,-2.0,2.0,3,6,2,0,2,1,531,-1
1,21,2,0,0,1,2,1,-1.0,1.0,3,6,2,0,8,0,755,-1
1,25,0,0,0,0,2,11,126.0,502.0,3,8,0,0,7,0,982,0
1,22,2,5,0,0,0,0,-1.0,1.0,3,4,2,0,5,2,650,0
1,26,0,0,0,0,0,1,99.0,214.0,3,5,2,0,6,2,753,-1
1,34,0,3,0,0,0,1,-1.0,1.0,3,1,1,0,1,1,920,-1
1,59,1,2,0,0,0,2,-15.0,15.0,7,0,1,0,0,1,127,0
1,29,0,2,0,0,1,8,-54.0,54.0,8,7,0,0,3,1,847,-1
1,26,0,2,0,0,0,0,-1.0,1.0,8,2,1,0,2,1,621,0
0,45,1,0,0,0,0,9,0.0,0.0,7,6,2,0,8,0,1057,0
1,20,2,2,0,1,0,1,-1.0,1.0,3,4,2,0,6,2,224,0
0,24,2,2,0,0,0,0,0.0,1.0,3,4,2,0,4,2,1071,-1
1,39,0,2,0,0,0,3,-230.0,230.0,3,8,0,0,1,1,682,-1
0,23,2,3,0,0,0,0,-2.0,3.0,3,5,2,0,4,2,372,0
1,23,2,0,0,0,0,1,-1.0,1.0,3,9,0,0,8,0,61,0
1,23,2,0,0,0,0,0,0.0,0.0,8,2,1,0,4,2,621,0
1,29,0,0,0,0,0,7,-1.0,1.0,3,3,1,0,4,2,108,0
0,38,0,3,0,0,0,20,-1.0,1.0,3,8,0,0,2,1,351,0
0,48,1,2,0,0,0,0,-1.0,1.0,3,0,1,0,0,1,502,-1
1,32,0,2,0,0,0,9,0.0,0.0,7,6,2,0,3,1,186,0
1,33,0,2,0,0,0,0,-1.0,1.0,3,0,1,0,1,1,971,-1
1,22,2,0,0,0,0,2,-1.0,1.0,3,9,0,0,6,2,1056,-1
1,32,0,2,0,0,0,1,0.0,0.0,3,0,1,0,0,1,123,0
1,21,2,0,0,0,0,2,-1.0,1.0,3,6,2,0,7,0,777,0
0,33,0,0,0,0,0,6,-51.0,51.0,7,3,1,0,3,1,511,0
1,44,0,2,0,0,0,1,-22.0,22.0,7,0,1,0,0,1,771,0
1,26,0,0,0,0,0,2,0.0,0.0,7,6,2,0,6,2,1170,-1
1,28,0,3,0,0,0,1,44.0,319.0,8,6,2,0,2,1,1156,-1
1,24,2,0,0,0,0,3,-1.0,1.0,3,7,0,0,6,2,1154,0
1,41,0,2,0,0,0,0,-1.0,1.0,3,0,1,0,0,1,787,0
1,33,0,2,0,0,0,2,-2.0,2.0,2,1,1,0,0,1,21,-1
1,37,0,2,0,0,0,5,-105.0,104.0,8,4,2,0,0,1,946,-1
0,27,0,0,0,0,0,3,-1.0,1.0,3,6,2,0,3,1,472,-1
1,24,2,0,0,0,0,4,-175.0,175.0,3,9,0,0,8,0,370,0
1,45,1,0,0,0,0,17,-310.0,310.0,3,3,1,0,3,1,709,-1
1,22,2,0,0,0,0,3,-1.0,1.0,2,2,1,0,3,1,226,0
1,30,0,2,0,0,0,3,-94.0,94.0,3,0,1,0,1,1,164,-1
1,27,0,0,0,0,0,5,-1.0,1.0,2,8,0,0,6,2,484,0
1,23,2,0,0,0,0,5,-45.0,45.0,1,9,0,0,7,0,63,0
1,34,0,0,0,0,0,2,-1.0,1.0,3,2,1,0,1,1,608,0
0,22,2,3,0,0,0,0,-2.0,2.0,7,3,1,0,3,1,1033,-1
0,42,0,2,0,0,0,0,-3.0,3.0,3,1,1,0,0,1,57,-1
1,27,0,0,0,5,1,27,0.0,0.0,7,9,0,0,8,0,432,0
1,49,1,2,0,0,0,2,0.0,0.0,7,3,1,0,1,1,542,-1
1,34,0,2,0,0,1,5,-1.0,2.0,3,5,2,0,4,2,841,0
0,27,0,0,0,0,0,3,-1.0,1.0,3,6,2,0,3,1,637,-1
1,44,0,2,0,0,0,1,-4.0,4.0,3,0,1,0,1,1,1005,0
1,28,0,0,0,0,1,7,-1.0,1.0,3,9,0,0,5,2,1154,-1
1,25,0,2,0,0,0,4,-30.0,30.0,3,8,0,0,6,2,968,-1
0,22,2,0,0,0,0,0,-1.0,1.0,7,7,0,0,8,0,671,0
1,41,0,2,0,0,0,5,-1.0,1.0,3,0,1,0,0,1,932,-1
1,41,0,0,0,1,0,9,-1.0,733.0,7,8,0,0,5,2,1142,-1
1,34,0,0,0,0,0,15,-6.0,6.0,3,6,2,0,6,2,1071,-1
1,22,2,2,0,0,0,2,-1.0,1.0,3,7,0,0,5,2,604,-1
1,60,1,0,0,0,0,12,-1.0,1.0,3,2,1,0,0,1,409,-1
1,46,1,2,0,0,0,1,-37.0,37.0,3,0,1,0,0,1,102,0
1,28,0,2,0,0,0,5,-32.0,32.0,3,4,2,0,1,1,443,-1
1,22,2,0,0,0,0,1,-1.0,1.0,1,6,2,0,8,0,967,-1
1,38,0,2,0,0,0,2,-1.0,1.0,3,4,2,0,2,1,143,0
1,22,2,3,0,0,0,0,-1.0,1.0,3,3,1,0,4,2,363,0
1,31,0,5,0,0,0,5,-1.0,1.0,2,3,1,0,2,1,548,-1
1,22,2,0,0,0,0,0,-1.0,1.0,3,5,2,0,5,2,588,0
1,24,2,0,0,0,0,0,-1.0,1.0,3,2,1,0,3,1,552,-1
1,54,1,2,0,0,0,6,0.0,0.0,2,0,1,0,0,1,1113,-1
0,31,0,2,0,0,0,9,-1.0,1.0,3,6,2,0,4,2,206,0
0,21,2,0,0,0,0,1,-11.0,11.0,8,2,1,0,3,1,397,0
1,34,0,0,0,0,0,4,378.0,219.0,2,1,1,0,0,1,377,0
0,25,0,2,0,0,0,1,-3.0,3.0,7,2,1,0,2,1,641,-1
1,31,0,3,0,0,1,2,-1.0,1.0,7,1,1,0,1,1,493,-1
1,27,0,0,0,0,0,1,-1.0,1.0,8,4,2,0,1,1,956,-1
1,34,0,2,0,0,0,9,-1.0,1.0,3,5,2,0,3,1,860,-1
0,39,0,2,0,0,0,8,-1.0,2.0,3,6,2,0,4,2,505,0
1,32,0,0,0,0,0,2,0.0,0.0,3,5,2,0,2,1,461,-1
1,26,0,5,0,0,0,0,-1.0,1.0,3,6,2,0,4,2,1141,-1
1,53,1,3,0,0,0,1,-8.0,8.0,8,0,1,0,0,1,1148,0
1,46,1,2,0,0,0,14,-1.0,1.0,3,2,1,0,3,1,60,0
1,30,0,0,0,0,0,3,0.0,1.0,3,0,1,0,2,1,469,-1
1,51,1,0,0,0,0,12,21.0,154.0,3,7,0,0,7,0,21,0
1,51,1,0,0,0,0,0,-1.0,1.0,3,3,1,0,0,1,41,0
0,24,2,2,0,0,0,5,-37.0,37.0,2,5,2,0,2,1,689,-1
1,49,1,0,0,0,0,0,0.0,1.0,7,1,1,0,0,1,485,-1
1,35,0,3,0,0,0,0,-1.0,1.0,3,1,1,0,1,1,492,0
1,23,2,0,0,0,2,3,-1.0,1.0,3,7,0,0,7,0,171,0
1,27,0,2,0,0,0,0,-1.0,1.0,3,5,2,0,6,2,220,0
1,42,0,0,0,0,0,1,-1.0,1.0,3,0,1,0,0,1,430,-1
0,39,0,0,0,0,0,1,-1.0,0.0,3,0,1,0,0,1,1088,-1
1,38,0,0,0,0,0,1,-248.0,248.0,2,3,1,0,2,1,609,-1
1,22,2,0,0,0,0,2,-1.0,1.0,3,4,2,0,4,2,248,0
1,37,0,2,0,0,0,0,-3.0,3.0,8,1,1,0,1,1,501,-1
1,39,0,0,0,0,0,5,-49.0,49.0,3,8,0,0,5,2,92,0
1,40,0,0,2,0,0,23,30.0,54.0,7,5,2,0,7,0,30,0
1,32,0,2,0,0,0,4,-1.0,1.0,3,6,2,0,3,1,109,-1
0,28,0,0,0,0,0,1,-1.0,1.0,3,1,1,0,1,1,971,-1
1,34,0,0,0,1,0,20,-1.0,1.0,3,8,0,0,4,2,398,0
1,26,0,2,0,0,0,3,-1.0,1.0,2,6,2,0,3,1,1106,0
1,41,0,2,0,0,0,1,-1.0,1.0,3,1,1,0,0,1,734,-1
1,35,0,0,0,0,0,8,-1.0,1.0,7,5,2,0,3,1,973,-1
1,39,0,2,0,0,0,2,-2.0,3.0,3,0,1,0,0,1,482,0
1,29,0,0,0,0,0,5,35.0,55.0,3,2,1,0,2,1,35,0
1,29,0,2,0,0,0,1,-24.0,24.0,3,1,1,0,1,1,441,0
1,39,0,0,0,0,0,8,-1.0,1.0,1,3,1,0,1,1,1085,-1
0,25,0,2,0,0,0,2,0.0,1.0,2,9,0,0,7,0,1045,-1
1,22,2,0,0,0,0,1,0.0,0.0,3,6,2,0,4,2,742,0
1,47,1,5,0,0,0,1,-1.0,1.0,3,0,1,0,0,1,463,-1
1,40,0,0,0,0,0,7,129.0,77.0,3,7,0,0,8,0,312,-1
1,37,0,2,0,0,0,0,-1.0,1.0,3,1,1,0,0,1,448,0
1,28,0,2,0,0,0,9,-134.0,134.0,1,6,2,0,7,0,963,-1
1,29,0,0,0,0,0,12,0.0,0.0,3,1,1,0,3,1,180,0
1,61,1,5,0,0,0,1,-49.0,49.0,2,0,1,0,0,1,796,-1
1,37,0,0,0,0,0,8,-1.0,1.0,2,1,1,0,0,1,742,-1
1,23,2,0,0,0,1,1,-1.0,1.0,3,2,1,0,2,1,513,-1
1,36,0,2,0,0,0,1,-1.0,1.0,3,0,1,0,0,1,673,-1
0,23,2,2,0,0,4,5,-1.0,1.0,2,4,2,0,6,2,751,0
1,23,2,5,0,0,0,2,-1.0,1.0,7,3,1,0,5,2,971,-1
0,26,0,2,0,0,0,7,48.0,66.0,3,5,2,0,4,2,123,0
1,26,0,2,0,0,0,7,0.0,1.0,3,7,0,0,3,1,1175,0
1,21,2,0,0,0,0,0,-3.0,3.0,3,3,1,0,6,2,991,-1
1,24,2,0,0,0,0,2,0.0,1.0,8,7,0,0,5,2,159,0
1,40,0,0,0,0,0,0,-3.0,3.0,3,1,1,0,0,1,970,-1
0,35,0,0,0,0,0,0,0.0,0.0,3,9,0,0,2,1,167,-1
1,33,0,0,0,0,0,3,-1.0,1.0,8,1,1,0,0,1,1110,0
1,28,0,0,0,0,0,9,-1.0,1.0,3,2,1,0,3,1,91,0
1,38,0,2,0,0,0,5,-18.0,18.0,8,4,2,0,1,1,131,0
1,52,1,3,0,0,0,4,-112.0,112.0,6,8,0,0,0,1,554,-1
1,49,1,0,0,0,0,14,-1.0,0.0,8,3,1,0,0,1,499,-1
1,58,1,2,0,0,0,2,-1.0,1.0,7,2,1,0,0,1,971,0
1,23,2,0,0,0,1,4,-11.0,11.0,7,7,0,0,4,2,412,0
0,60,1,2,0,0,0,2,-1.0,1.0,2,0,1,0,0,1,858,-1
1,22,2,0,0,0,1,0,-1.0,1.0,3,7,0,0,5,2,550,0
1,50,1,0,0,0,0,3,-1.0,1.0,7,2,1,0,1,1,1153,-1
1,38,0,0,0,0,0,15,0.0,1.0,3,6,2,0,4,2,798,0
1,21,2,0,0,0,0,1,-1.0,1.0,3,5,2,0,4,2,1109,-1
1,26,0,0,0,0,0,3,-34.0,34.0,2,1,1,0,2,1,529,-1
1,32,0,0,0,0,0,3,-1.0,1.0,3,6,2,0,2,1,413,0
1,29,0,2,0,0,0,2,-32.0,32.0,3,5,2,0,7,0,868,-1
1,46,1,0,0,0,0,3,-33.0,33.0,7,5,2,0,6,2,325,0
1,24,2,0,0,0,0,2,-1.0,4.0,7,8,0,0,8,0,233,0
1,44,0,2,0,0,0,3,-4.0,4.0,3,4,2,0,0,1,785,-1
1,26,0,0,0,0,0,4,-1.0,1.0,3,8,0,0,6,2,1033,0
1,21,2,0,1,0,0,1,-15.0,15.0,2,8,0,0,9,0,947,-1
1,20,2,0,0,0,0,0,0.0,1.0,3,3,1,0,5,2,344,0
1,31,0,3,0,0,0,0,0.0,1.0,7,0,1,0,0,1,498,-1
1,26,0,2,0,0,0,0,-1.0,1.0,3,2,1,0,2,1,560,-1
1,33,0,0,0,0,0,0,0.0,0.0,3,4,2,0,5,2,700,0
1,50,1,2,0,0,0,2,0.0,1.0,3,2,1,0,5,2,843,-1
1,38,0,0,0,0,0,14,0.0,1.0,3,9,0,0,7,0,155,-1
0,38,0,2,0,0,0,1,-18.0,18.0,7,4,2,0,1,1,462,0
0,29,0,0,0,0,0,1,0.0,0.0,8,1,1,0,1,1,907,0
1,22,2,2,0,0,0,1,-11.0,11.0,3,3,1,0,4,2,1001,0
1,61,1,0,0,0,0,13,-1.0,1.0,3,6,2,0,2,1,62,-1
0,53,1,2,0,0,0,0,0.0,0.0,7,0,1,0,0,1,785,-1
0,49,1,2,0,0,0,0,127.0,1.0,7,0,1,0,0,1,127,0
0,21,2,2,0,0,0,0,-1.0,1.0,7,4,2,0,5,2,17,0
1,44,0,0,0,0,0,10,-7.0,7.0,8,3,1,0,1,1,765,0
1,21,2,2,0,0,0,0,0.0,1.0,3,7,0,0,4,2,822,0
0,45,1,0,0,0,0,2,-1.0,1.0,3,2,1,0,0,1,1064,-1
0,51,1,2,0,0,0,0,-1.0,1.0,7,0,1,0,0,1,669,0
1,43,0,3,0,0,0,3,21.0,33.0,7,2,1,0,1,1,191,0
1,39,0,0,2,2,1,19,-1.0,1.0,3,8,0,0,6,2,970,0
1,40,0,2,0,0,0,10,-1.0,1.0,3,6,2,0,4,2,117,0
0,39,0,0,0,0,0,4,-3.0,3.0,3,5,2,0,0,1,970,-1
1,24,2,2,0,0,2,8,-1.0,1.0,3,8,0,0,9,0,728,0
1,31,0,2,0,0,0,3,0.0,1.0,7,2,1,0,2,1,24,0
1,30,0,0,0,0,0,0,0.0,0.0,2,1,1,0,1,1,955,-1
1,22,2,0,0,0,0,4,-1.0,1.0,3,7,0,0,8,0,106,-1
1,20,2,0,2,2,0,4,-1.0,1.0,3,8,0,0,8,0,68,0
0,63,1,2,0,0,0,0,-1.0,1.0,7,0,1,0,0,1,1133,-1
1,47,1,2,0,0,0,2,0.0,0.0,3,4,2,0,0,1,472,0
1,26,0,0,0,0,0,1,-1.0,1.0,3,6,2,0,5,2,667,-1
1,25,0,2,0,0,0,0,0.0,1.0,3,4,2,0,3,1,1077,-1
1,25,0,0,0,1,1,7,-1.0,1.0,8,4,2,0,4,2,74,0
0,25,0,0,0,0,0,2,210.0,38.0,3,7,0,0,6,2,1173,0
0,21,2,0,0,0,0,0,0.0,0.0,7,5,2,0,6,2,1186,-1
1,46,1,1,0,0,0,0,-1.0,1.0,7,0,1,0,0,1,827,-1
0,51,1,2,0,0,0,0,-1.0,1.0,8,0,1,0,0,1,635,-1
1,28,0,2,0,0,0,2,-1.0,1.0,3,0,1,0,1,1,519,-1
0,34,0,2,0,0,0,6,-1.0,1.0,3,6,2,0,1,1,288,-1
1,20,2,0,0,0,1,1,-1.0,1.0,3,6,2,0,5,2,414,-1
0,23,2,0,0,0,0,2,-1.0,1.0,7,6,2,0,4,2,1119,0
1,21,2,0,0,0,0,0,-6.0,7.0,8,5,2,0,5,2,848,-1
1,29,0,0,0,0,0,6,108.0,1.0,3,5,2,0,2,1,690,0
0,21,2,2,0,0,0,2,34.0,62.0,7,4,2,0,5,2,324,-1
0,35,0,0,0,0,0,1,-1.0,1.0,3,0,1,0,0,1,752,-1
1,34,0,0,2,0,1,8,-1.0,1.0,3,6,2,0,2,1,480,0
1,23,2,0,0,0,0,1,-1.0,1.0,3,6,2,0,6,2,264,-1
1,26,0,0,0,0,0,9,0.0,0.0,3,7,0,0,6,2,772,-1
1,55,1,2,0,0,0,0,-1.0,1.0,7,0,1,0,1,1,678,0
1,39,0,2,0,0,0,16,0.0,0.0,3,8,0,0,6,2,1057,0
1,31,0,0,0,0,0,6,-1.0,1.0,3,7,0,0,3,1,1100,0
1,45,1,0,0,0,0,3,104.0,23.0,3,5,2,0,3,1,104,-1
1,23,2,0,0,0,0,0,0.0,1.0,3,6,2,0,4,2,1114,0
1,29,0,4,0,0,0,1,37.0,187.0,3,1,1,0,1,1,878,-1
1,27,0,2,0,0,0,1,-101.0,101.0,3,4,2,0,2,1,104,-1
1,29,0,0,0,0,0,1,0.0,0.0,2,4,2,0,2,1,645,-1
0,41,0,3,0,0,0,0,-1.0,1.0,3,1,1,0,0,1,672,-1
1,37,0,3,0,0,0,6,-1.0,1.0,3,1,1,0,1,1,541,0
0,70,1,5,0,0,0,0,-1.0,1.0,3,0,1,0,0,1,1078,-1
0,24,2,3,0,0,0,1,-2.0,2.0,7,2,1,0,2,1,1117,-1
1,45,1,0,0,0,0,2,-1.0,1.0,6,0,1,0,0,1,56,-1
1,58,1,0,0,0,0,6,-2.0,2.0,3,6,2,0,2,1,560,-1
1,32,0,0,0,0,0,6,-1.0,1.0,3,7,0,0,5,2,391,0
1,20,2,2,0,0,2,1,-1.0,1.0,2,1,1,0,4,2,225,0
1,28,0,0,0,2,0,16,-1.0,1.0,2,8,0,0,8,0,72,-1
1,52,1,3,0,0,0,2,-1.0,1.0,8,0,1,0,0,1,108,-1
0,26,0,0,0,0,0,1,-140.0,140.0,3,7,0,0,8,0,815,-1
1,34,0,0,0,0,0,0,0.0,1.0,3,8,0,0,6,2,498,-1
1,23,2,2,0,0,0,3,-1.0,1.0,9,7,0,0,4,2,644,0
1,33,0,0,0,0,0,3,-1.0,1.0,3,4,2,0,1,1,167,0
1,21,2,0,0,0,3,0,-1.0,1.0,3,9,0,0,8,0,866,0
1,25,0,5,0,0,0,1,-1.0,1.0,3,3,1,0,4,2,365,0
1,39,0,5,0,1,0,4,-30.0,31.0,3,1,1,0,0,1,112,0
1,54,1,5,0,0,0,0,0.0,1.0,7,0,1,0,0,1,1145,-1
1,28,0,2,0,0,0,1,0.0,0.0,7,0,1,0,1,1,604,-1
0,22,2,2,0,0,0,0,-1.0,1.0,7,4,2,0,4,2,889,-1
1,27,0,0,1,0,0,2,165.0,73.0,2,3,1,0,4,2,1163,0
1,46,1,2,0,0,0,2,-14.0,14.0,2,1,1,0,0,1,1102,-1
1,45,1,0,0,0,0,0,-1.0,1.0,8,0,1,0,0,1,476,-1
1,22,2,0,0,1,1,3,-1.0,1.0,7,9,0,0,6,2,340,0
1,29,0,2,0,0,0,1,-39.0,40.0,3,3,1,0,5,2,688,0
1,23,2,0,0,0,0,1,-1.0,1.0,3,7,0,0,6,2,637,-1
1,22,2,0,0,0,0,1,112.0,53.0,9,6,2,0,3,1,549,0
1,40,0,5,0,0,0,0,-1.0,1.0,7,0,1,0,0,1,523,-1
1,25,0,2,0,0,0,4,-5.0,6.0,3,3,1,0,2,1,687,0
1,28,0,0,0,0,0,9,-1.0,1.0,3,7,0,0,3,1,832,0
0,56,1,4,0,0,0,0,-1.0,1.0,3,0,1,0,0,1,308,-1
1,27,0,0,0,0,0,10,0.0,0.0,2,7,0,0,7,0,193,0
0,23,2,0,0,0,0,3,0.0,0.0,3,8,0,0,6,2,592,0
1,28,0,3,0,0,0,0,0.0,1.0,8,0,1,0,1,1,48,0
1,41,0,5,0,0,0,31,0.0,1.0,3,8,0,0,4,2,631,0
1,31,0,0,0,0,1,10,-1.0,1.0,3,5,2,0,1,1,550,0
1,25,0,0,0,0,1,5,-1.0,1.0,3,8,0,0,8,0,469,0
1,45,1,2,0,0,0,7,-76.0,76.0,3,1,1,0,0,1,294,-1
1,22,2,0,1,0,0,2,-1.0,1.0,3,6,2,0,7,0,182,0
1,33,0,0,0,0,2,9,-28.0,28.0,7,6,2,0,6,2,37,0
1,51,1,3,0,0,0,1,-12.0,12.0,1,0,1,0,0,1,893,-1
1,46,1,2,0,0,0,2,-11.0,11.0,7,1,1,0,0,1,527,-1
1,31,0,0,0,0,0,5,-1.0,1.0,8,4,2,0,4,2,195,0
0,26,0,0,0,0,0,1,113.0,1.0,8,4,2,0,2,1,711,-1
0,21,2,0,0,0,0,0,-1.0,1.0,3,9,0,0,8,0,495,0
1,60,1,2,0,0,0,13,31.0,178.0,3,4,2,0,4,2,630,-1
1,25,0,2,0,0,0,1,0.0,0.0,3,8,0,0,8,0,279,-1
1,43,0,0,0,0,0,4,-39.0,39.0,2,0,1,0,0,1,1046,0
1,20,2,0,0,0,1,1,-2.0,2.0,7,6,2,0,6,2,669,0
1,35,0,0,0,0,0,2,-1.0,1.0,7,6,2,0,3,1,1171,-1
1,28,0,0,0,0,0,1,-1.0,1.0,7,1,1,0,2,1,956,-1
0,56,1,2,0,0,0,10,-1.0,1.0,3,4,2,0,3,1,1006,0
1,55,1,2,0,0,0,2,-1.0,1.0,3,2,1,0,0,1,654,-1
1,27,0,0,0,0,0,6,0.0,0.0,3,6,2,0,5,2,337,0
0,41,0,0,0,0,0,2,-26.0,27.0,3,5,2,0,4,2,970,0
1,38,0,0,0,0,0,2,0.0,0.0,6,6,2,0,2,1,292,0
1,53,1,3,0,0,0,1,-1.0,1.0,3,0,1,0,0,1,68,-1
1,22,2,0,1,0,0,12,0.0,0.0,3,9,0,0,7,0,134,0
0,50,1,2,0,0,0,30,-1.0,1.0,9,5,2,0,2,1,328,0
1,29,0,2,0,0,0,3,-1.0,1.0,3,3,1,0,1,1,128,0
0,26,0,3,0,0,0,1,-6.0,6.0,7,3,1,0,2,1,842,-1
1,25,0,0,0,0,2,6,-1.0,1.0,8,6,2,0,4,2,251,0
1,72,1,2,0,0,0,3,-5.0,5.0,3,0,1,0,0,1,744,-1
0,28,0,2,0,0,0,1,-2.0,2.0,8,4,2,0,1,1,968,-1
0,42,0,2,0,0,0,0,-1.0,1.0,7,0,1,0,0,1,927,-1
1,38,0,0,1,0,0,6,-52.0,52.0,2,3,1,0,2,1,1025,-1
1,49,1,0,0,0,0,3,-1.0,1.0,3,7,0,0,1,1,133,0
1,26,0,4,0,0,0,11,64.0,150.0,3,7,0,0,4,2,418,0
0,23,2,2,0,0,0,1,0.0,0.0,7,4,2,0,4,2,609,-1
1,24,2,2,0,0,0,0,-1.0,1.0,7,0,1,0,1,1,840,-1
1,36,0,0,0,0,0,3,0.0,0.0,3,6,2,0,4,2,529,-1
0,25,0,0,0,0,0,1,-103.0,103.0,1,6,2,0,2,1,686,-1
1,22,2,0,0,0,0,0,-1.0,1.0,2,7,0,0,8,0,859,0
1,35,0,0,0,0,0,0,-1.0,1.0,3,3,1,0,2,1,802,-1
1,36,0,0,0,0,0,2,-1.0,0.0,3,3,1,0,0,1,745,0
1,24,2,5,0,0,0,1,-1.0,1.0,3,5,2,0,5,2,562,-1
1,23,2,0,0,0,1,6,-1.0,1.0,3,8,0,0,7,0,69,0
1,24,2,0,0,0,0,2,-1.0,1.0,3,3,1,0,3,1,576,0
1,51,1,0,0,0,0,0,0.0,0.0,3,1,1,0,0,1,191,0
1,18,2,0,3,0,0,2,-85.0,51.0,2,8,0,0,6,2,575,0
0,39,0,0,0,0,0,4,-3.0,3.0,3,5,2,0,0,1,700,-1
0,57,1,0,0,0,0,3,-158.0,159.0,3,8,0,0,3,1,520,-1
1,24,2,5,0,0,0,0,-1.0,1.0,7,3,1,0,3,1,128,0
1,33,0,2,0,0,0,0,0.0,1.0,3,8,0,0,2,1,583,0
0,21,2,2,0,0,0,1,132.0,138.0,3,7,0,0,8,0,926,0
0,24,2,2,0,0,0,0,-1.0,1.0,3,7,0,0,4,2,440,-1
1,23,2,0,0,0,0,4,320.0,330.0,3,6,2,0,8,0,320,-1
1,30,0,0,0,0,0,17,-4.0,4.0,2,9,0,0,4,2,959,0
1,24,2,0,0,1,0,5,-1.0,1.0,3,4,2,0,3,1,734,0
1,42,0,0,1,0,1,13,-1.0,1.0,8,7,0,0,5,2,826,0
0,28,0,0,0,0,0,13,-1.0,1.0,2,8,0,0,5,2,565,0
1,23,2,2,0,0,4,4,0.0,1.0,3,5,2,0,3,1,151,0
1,21,2,0,0,0,0,0,-1.0,1.0,2,6,2,0,6,2,64,0
1,30,0,2,0,0,0,1,-1.0,1.0,3,4,2,0,2,1,664,-1
1,23,2,0,0,0,0,3,-1.0,1.0,2,6,2,0,4,2,154,-1
1,50,1,0,0,0,0,0,-1.0,1.0,2,0,1,0,0,1,768,-1
1,32,0,0,0,0,0,6,-1.0,2.0,3,1,1,0,0,1,453,-1
1,51,1,2,0,0,0,3,-1.0,1.0,3,5,2,0,2,1,1119,-1
1,27,0,0,0,0,0,2,530.0,310.0,8,5,2,0,4,2,530,0
1,28,0,0,0,0,0,10,-20.0,20.0,3,4,2,0,2,1,47,0
1,51,1,2,0,0,0,1,0.0,1.0,3,3,1,0,0,1,469,-1
1,52,1,2,0,0,0,16,-4.0,5.0,3,8,0,0,3,1,333,0
1,53,1,0,0,0,0,15,-1.0,1.0,3,0,1,0,1,1,1178,0
1,36,0,0,0,0,0,9,0.0,1.0,2,6,2,0,5,2,703,0
1,20,2,0,0,1,1,4,-1.0,1.0,3,8,0,0,5,2,529,0
1,42,0,5,0,0,0,1,-1.0,1.0,3,0,1,0,0,1,929,-1
1,29,0,2,0,0,1,7,-1.0,1.0,7,6,2,0,5,2,142,0
0,34,0,0,0,0,0,5,-1.0,1.0,1,2,1,0,2,1,256,0
1,62,1,0,0,0,0,22,0.0,0.0,3,7,0,0,1,1,581,0
1,23,2,0,1,0,0,2,418.0,1.0,3,5,2,0,4,2,418,0
1,22,2,5,0,0,0,0,-1.0,1.0,3,1,1,0,3,1,959,0
1,34,0,2,0,0,0,4,-1.0,1.0,3,4,2,0,5,2,1096,-1
1,30,0,2,0,0,0,0,-1.0,1.0,2,1,1,0,1,1,511,0
1,21,2,0,0,0,0,0,-1.0,1.0,3,7,0,0,7,0,566,-1
1,35,0,3,0,0,0,5,0.0,0.0,3,6,2,0,4,2,759,0
1,56,1,2,0,0,0,9,-24.0,24.0,7,0,1,0,0,1,501,0
1,52,1,5,0,0,0,0,-1.0,1.0,3,4,2,0,0,1,779,0
1,52,1,0,0,0,0,17,0.0,0.0,3,6,2,0,0,1,885,0
1,32,0,2,0,0,0,0,0.0,0.0,7,0,1,0,0,1,599,-1
1,20,2,5,0,0,0,0,-1.0,1.0,7,4,2,0,5,2,893,-1
0,26,0,0,0,0,0,0,-1.0,1.0,7,3,1,0,2,1,775,-1
1,26,0,3,0,0,0,1,-1.0,1.0,7,1,1,0,2,1,106,0
1,22,2,0,0,1,1,3,-1.0,1.0,7,9,0,0,6,2,4,0
0,54,1,2,0,0,0,12,-175.0,175.0,3,1,1,0,0,1,921,-1
1,41,0,0,2,0,0,18,-1.0,1.0,7,9,0,0,7,0,387,0
0,22,2,0,0,0,0,5,-42.0,15.0,3,8,0,0,5,2,926,0
1,35,0,2,0,0,0,2,0.0,0.0,7,2,1,0,3,1,1180,0
1,34,0,0,0,0,0,8,0.0,0.0,3,9,0,0,9,0,1154,-1
0,19,2,2,1,1,0,1,140.0,100.0,8,5,2,0,7,0,139,0
1,34,0,2,0,0,0,0,-1.0,1.0,8,1,1,0,0,1,648,0
1,33,0,0,0,0,0,3,90.0,137.0,1,4,2,0,4,2,824,-1
1,32,0,0,2,0,0,15,-1.0,1.0,3,7,0,0,4,2,1040,0
1,26,0,0,0,0,0,5,0.0,0.0,3,6,2,0,7,0,455,0
1,24,2,0,0,0,0,3,-3.0,3.0,3,5,2,0,5,2,884,0
1,36,0,0,0,0,0,7,-1.0,1.0,3,1,1,0,0,1,757,0
1,40,0,0,0,0,0,5,0.0,1.0,3,8,0,0,9,0,866,0
0,56,1,0,0,0,0,1,-1.0,1.0,3,0,1,0,0,1,1079,-1
0,27,0,0,0,0,0,1,0.0,1.0,8,2,1,0,2,1,605,-1
1,34,0,2,0,0,0,0,-1.0,1.0,7,3,1,0,1,1,817,-1
1,29,0,0,0,0,0,0,-1.0,1.0,3,1,1,0,1,1,848,0
1,57,1,3,0,0,0,1,0.0,0.0,3,0,1,0,0,1,889,-1
0,29,0,2,0,0,0,1,-45.0,45.0,3,3,1,0,1,1,110,0
0,23,2,3,0,0,0,1,0.0,1.0,8,2,1,0,3,1,1093,0
1,23,2,2,0,0,0,0,-1.0,1.0,7,2,1,0,4,2,1172,0
1,30,0,0,0,0,0,2,-1.0,1.0,3,9,0,0,8,0,619,-1
1,31,0,0,0,0,0,13,-1.0,1.0,7,9,0,0,8,0,350,0
1,20,2,0,0,0,0,1,-1.0,1.0,3,7,0,0,6,2,104,0
1,20,2,0,0,0,0,0,-1.0,1.0,3,5,2,0,6,2,202,0
0,38,0,0,0,0,0,7,0.0,1.0,3,9,0,0,8,0,123,0
1,23,2,0,0,0,1,6,-1.0,1.0,3,8,0,0,7,0,100,0
1,30,0,5,0,0,0,0,-1.0,1.0,3,1,1,0,1,1,1131,-1
1,45,1,2,0,0,0,0,-2.0,2.0,3,1,1,0,0,1,570,-1
1,21,2,0,0,0,0,1,-31.0,31.0,3,4,2,0,4,2,614,0
1,25,0,2,0,0,0,0,0.0,1.0,3,2,1,0,3,1,66,-1
1,43,0,0,0,0,0,0,0.0,0.0,7,0,1,0,0,1,847,-1
1,21,2,0,0,0,0,1,-39.0,40.0,3,7,0,0,5,2,163,-1
0,20,2,2,0,0,0,0,-1.0,1.0,3,7,0,0,8,0,73,0
0,53,1,2,0,0,0,1,-1.0,1.0,7,2,1,0,0,1,1080,-1
1,20,2,0,0,0,0,0,-1.0,1.0,3,2,1,0,5,2,829,-1
1,29,0,0,0,0,0,0,-1.0,1.0,2,1,1,0,1,1,172,-1
1,23,2,2,0,1,0,4,-1.0,1.0,7,3,1,0,3,1,910,0
1,34,0,3,0,0,0,14,-1.0,1.0,3,8,0,0,8,0,538,0
1,29,0,3,0,0,0,0,-1.0,1.0,7,0,1,0,0,1,746,-1
0,46,1,5,0,0,0,1,-1.0,1.0,2,0,1,0,0,1,934,-1
1,31,0,0,0,0,0,4,-1.0,1.0,3,7,0,0,2,1,363,0
1,51,1,2,0,0,0,10,294.0,304.0,6,6,2,0,1,1,550,-1
0,28,0,2,0,0,0,0,-1.0,1.0,3,5,2,0,2,1,1039,-1
1,20,2,0,3,0,0,3,105.0,554.0,3,9,0,0,9,0,105,-1
1,23,2,2,0,0,0,0,-1.0,1.0,3,2,1,0,3,1,175,0
1,24,2,0,0,0,0,1,-1.0,1.0,3,4,2,0,6,2,196,0
1,27,0,0,0,0,0,10,-1.0,1.0,2,8,0,0,7,0,1127,-1
0,44,0,0,0,1,0,11,-1.0,1.0,3,7,0,0,4,2,512,0
1,28,0,2,0,0,0,5,-32.0,32.0,3,4,2,0,1,1,95,-1
1,56,1,0,0,0,0,1,-1.0,1.0,2,1,1,0,0,1,884,-1
1,52,1,0,0,0,0,7,-1.0,1.0,7,2,1,0,0,1,168,0
1,52,1,2,0,0,0,10,-109.0,109.0,3,0,1,0,2,1,553,-1
1,27,0,2,0,0,0,1,-101.0,101.0,3,4,2,0,2,1,679,-1
1,21,2,0,0,0,0,1,34.0,153.0,3,8,0,0,8,0,34,0
0,44,0,2,0,0,0,1,-3.0,3.0,3,0,1,0,0,1,956,-1
0,29,0,2,0,0,0,0,-1.0,1.0,7,6,2,0,2,1,1124,-1
1,28,0,0,0,0,0,11,-1.0,1.0,3,5,2,0,4,2,428,0
1,19,2,0,1,0,1,1,-40.0,40.0,1,9,0,0,9,0,470,0
1,25,0,0,0,0,0,3,-1.0,1.0,3,5,2,0,3,1,720,0
1,36,0,0,0,0,0,0,-1.0,1.0,2,0,1,0,0,1,1145,-1
1,20,2,0,0,0,1,0,0.0,0.0,3,7,0,0,9,0,818,-1
1,27,0,2,0,0,0,2,-1.0,1.0,2,5,2,0,2,1,863,0
1,30,0,5,0,0,0,0,-1.0,1.0,7,5,2,0,4,2,846,0
1,52,1,0,0,0,0,17,0.0,0.0,3,6,2,0,0,1,240,0
0,31,0,3,0,0,0,2,-1.0,1.0,3,2,1,0,0,1,777,0
1,22,2,0,0,0,0,0,-1.0,1.0,3,6,2,0,7,0,41,0
1,28,0,0,0,0,0,8,-1.0,1.0,2,7,0,0,6,2,717,0
1,27,0,2,0,0,0,13,-175.0,89.0,3,5,2,0,2,1,536,0
1,27,0,0,0,0,0,7,-1.0,1.0,3,8,0,0,5,2,564,0
1,26,0,0,0,0,0,4,81.0,86.0,3,7,0,0,5,2,81,-1
0,22,2,2,0,0,0,0,-2.0,2.0,3,6,2,0,5,2,1149,0
1,30,0,2,0,0,0,0,-1.0,1.0,7,0,1,0,1,1,1056,-1
1,25,0,0,0,0,0,8,0.0,1.0,3,5,2,0,4,2,793,0
1,40,0,0,0,0,0,11,-1.0,1.0,8,2,1,0,1,1,657,0
1,58,1,0,0,0,0,12,-1.0,1.0,7,5,2,0,2,1,242,0
1,24,2,0,0,1,2,2,561.0,394.0,8,5,2,0,6,2,561,-1
0,26,0,0,0,0,0,0,0.0,1.0,7,1,1,0,1,1,974,-1
0,32,0,0,0,1,0,13,-1.0,1.0,2,5,2,0,5,2,1052,-1
1,33,0,3,0,0,0,3,-1.0,1.0,3,0,1,0,0,1,641,-1
1,36,0,2,0,0,0,1,-1.0,1.0,3,5,2,0,2,1,481,-1
1,28,0,0,0,0,0,5,-1.0,1.0,3,4,2,0,2,1,750,0
1,25,0,0,0,0,0,1,0.0,0.0,3,5,2,0,5,2,975,-1
1,26,0,0,0,0,0,0,-1.0,1.0,3,3,1,0,2,1,317,0
1,39,0,2,0,0,0,1,-29.0,29.0,6,0,1,0,0,1,968,-1
1,48,1,0,0,0,0,11,-1.0,1.0,3,7,0,0,2,1,614,-1
1,44,0,2,0,0,0,1,-1.0,1.0,7,0,1,0,0,1,462,-1
1,25,0,4,0,0,0,1,0.0,0.0,7,4,2,0,3,1,683,-1
1,24,2,0,0,1,0,3,-1.0,2.0,3,9,0,0,9,0,1050,0
1,52,1,0,0,0,0,3,0.0,1.0,3,5,2,0,1,1,43,0
1,21,2,0,0,2,2,2,-1.0,1.0,3,9,0,0,6,2,846,0
1,20,2,2,0,0,0,0,-1.0,1.0,3,8,0,0,6,2,525,0
0,59,1,2,0,0,0,1,-21.0,21.0,1,0,1,0,0,1,965,-1
1,22,2,2,0,1,1,2,-1.0,1.0,3,7,0,0,6,2,1175,0
1,27,0,0,0,0,0,0,-1.0,1.0,3,5,2,0,6,2,779,-1
1,33,0,0,0,0,0,0,-1.0,1.0,3,0,1,0,0,1,840,-1
1,25,0,0,0,1,0,9,-17.0,6.0,2,6,2,0,3,1,792,-1
1,27,0,0,0,0,0,3,-1.0,1.0,3,0,1,0,1,1,214,0
1,23,2,5,0,0,0,0,-1.0,1.0,7,1,1,0,2,1,639,0
1,37,0,0,0,0,0,18,-1.0,1.0,3,8,0,0,1,1,464,-1
1,24,2,0,0,0,0,2,-1.0,1.0,3,3,1,0,3,1,589,0
1,36,0,0,0,0,0,0,0.0,1.0,7,1,1,0,2,1,664,-1
0,28,0,3,0,0,0,1,-1.0,1.0,3,2,1,0,2,1,466,0
0,37,0,0,0,0,0,0,0.0,0.0,3,4,2,0,2,1,811,-1
0,25,0,2,0,0,0,0,0.0,1.0,3,3,1,0,3,1,238,0
1,40,0,3,0,0,0,2,-5.0,5.0,8,0,1,0,0,1,471,-1
1,34,0,0,0,0,0,3,-1.0,1.0,8,1,1,0,1,1,671,0
0,22,2,3,0,0,0,0,-1.0,1.0,7,1,1,0,3,1,780,-1
1,33,0,2,0,0,0,0,-1.0,1.0,3,1,1,0,0,1,841,-1
1,23,2,5,0,0,0,2,-1.0,1.0,3,3,1,0,4,2,757,0
1,23,2,0,0,0,1,2,137.0,192.0,8,6,2,0,7,0,137,0
1,19,2,0,0,0,0,0,-1.0,1.0,3,3,1,0,6,2,23,0
1,35,0,2,0,0,0,4,0.0,0.0,3,1,1,0,1,1,506,0
1,29,0,2,0,0,0,3,-61.0,61.0,3,3,1,0,1,1,605,0
1,23,2,2,0,0,2,2,0.0,0.0,3,8,0,0,8,0,1066,0
0,26,0,2,0,0,0,1,-13.0,13.0,3,5,2,0,3,1,1137,-1
1,20,2,0,0,0,0,1,-1.0,1.0,3,3,1,0,5,2,581,-1
1,28,0,0,0,0,1,7,104.0,9.0,3,7,0,0,6,2,840,0
1,21,2,0,0,0,0,0,-1.0,1.0,1,9,0,0,8,0,487,0
1,30,0,0,0,0,0,7,-1.0,1.0,3,2,1,0,2,1,204,-1
1,58,1,3,0,0,0,1,-44.0,44.0,3,1,1,0,0,1,569,-1
1,45,1,2,0,0,0,2,-1.0,1.0,7,1,1,0,0,1,1133,-1
0,23,2,2,0,0,0,3,-1.0,1.0,3,9,0,0,8,0,38,-1
0,39,0,0,0,1,0,7,114.0,92.0,3,1,1,0,0,1,1108,-1
1,23,2,1,0,0,0,0,0.0,1.0,3,4,2,0,3,1,480,-1
0,24,2,2,0,0,0,1,-3.0,3.0,2,3,1,0,3,1,809,-1
1,28,0,0,0,0,0,4,-1.0,1.0,6,6,2,0,8,0,1103,-1
1,23,2,0,0,0,1,1,-1.0,1.0,3,9,0,0,7,0,559,-1
1,30,0,5,0,0,0,0,-1.0,1.0,3,0,1,0,1,1,1136,-1
1,21,2,0,0,0,0,0,-2.0,2.0,3,5,2,0,5,2,1016,-1
1,31,0,3,0,0,0,1,-50.0,50.0,2,1,1,0,1,1,681,-1
1,59,1,0,0,0,0,0,-1.0,1.0,7,0,1,0,0,1,865,-1
1,23,2,2,0,0,1,3,-1.0,1.0,2,3,1,0,3,1,1071,0
1,35,0,2,0,0,0,5,-1.0,0.0,3,6,2,0,7,0,271,-1
1,36,0,3,0,0,0,0,-1.0,1.0,7,0,1,0,0,1,544,0
0,23,2,0,0,0,0,3,-1.0,1.0,3,4,2,0,2,1,617,0
1,25,0,0,1,6,1,14,-1.0,1.0,2,9,0,0,9,0,856,0
1,21,2,2,0,1,1,1,-1.0,1.0,8,2,1,0,5,2,1164,0
1,24,2,0,0,0,0,1,-1.0,1.0,7,5,2,0,3,1,923,-1
1,56,1,0,0,0,0,3,-27.0,27.0,7,1,1,0,0,1,480,0
1,23,2,0,0,0,0,0,-1.0,1.0,3,2,1,0,3,1,250,-1
1,29,0,2,0,0,0,0,-1.0,1.0,3,1,1,0,2,1,1082,-1
0,20,2,0,0,0,0,0,-1.0,1.0,3,4,2,0,6,2,238,-1
1,22,2,0,0,0,0,1,0.0,1.0,3,8,0,0,9,0,704,0
1,25,0,2,0,0,0,1,-1.0,1.0,7,1,1,0,1,1,525,-1
1,55,1,2,0,0,0,1,-1.0,1.0,3,1,1,0,0,1,278,0
1,20,2,2,0,0,0,1,-39.0,39.0,3,3,1,0,5,2,585,-1
1,30,0,0,0,0,0,4,163.0,184.0,8,6,2,0,4,2,179,0
1,25,0,0,0,0,0,5,-1.0,1.0,7,7,0,0,5,2,392,0
1,30,0,2,0,0,0,1,-1.0,1.0,3,7,0,0,5,2,36,0
1,26,0,0,0,0,0,0,-1.0,1.0,7,4,2,0,2,1,731,-1
1,21,2,0,0,0,0,0,-1.0,1.0,8,8,0,0,7,0,217,0
1,41,0,2,0,0,0,3,265.0,372.0,3,8,0,0,0,1,730,-1
0,29,0,2,0,0,0,1,-6.0,7.0,3,1,1,0,1,1,451,0
0,57,1,2,0,0,0,4,-1.0,1.0,3,1,1,0,0,1,1113,-1
1,30,0,0,2,0,0,20,0.0,0.0,3,8,0,0,4,2,405,0
0,64,1,0,0,0,0,0,-1.0,1.0,3,0,1,0,0,1,1070,-1
0,31,0,0,0,0,0,1,0.0,0.0,3,5,2,0,2,1,583,-1
0,53,1,2,0,0,0,0,0.0,0.0,3,0,1,0,0,1,891,-1
1,24,2,2,0,0,0,0,0.0,1.0,3,4,2,0,4,2,590,0
0,23,2,5,0,0,0,0,-1.0,1.0,7,5,2,0,5,2,1110,-1
0,30,0,0,0,0,0,3,0.0,0.0,3,5,2,0,2,1,160,0
1,57,1,5,0,0,0,0,-1.0,1.0,2,0,1,0,0,1,553,-1
1,61,1,0,0,0,0,13,64.0,279.0,3,3,1,0,1,1,64,0
1,32,0,2,0,2,1,10,-1.0,1.0,3,4,2,0,2,1,59,0
1,26,0,0,0,0,0,4,-1.0,1.0,3,8,0,0,6,2,1095,0
0,39,0,2,0,0,0,0,-1.0,1.0,8,1,1,0,0,1,875,-1
1,20,2,2,0,0,3,1,-32.0,32.0,3,7,0,0,6,2,499,0
0,50,1,2,0,0,0,30,-1.0,1.0,9,5,2,0,2,1,93,0
1,28,0,3,0,0,0,1,44.0,319.0,8,6,2,0,2,1,271,-1
1,25,0,0,0,1,0,21,-14.0,1.0,3,9,0,0,9,0,675,0
1,20,2,0,1,0,0,1,27.0,268.0,3,7,0,0,5,2,184,0
1,58,1,0,0,0,0,12,-1.0,1.0,7,5,2,0,2,1,146,0
1,23,2,0,0,0,0,0,-1.0,1.0,2,6,2,0,7,0,857,-1
1,31,0,2,0,0,0,5,-132.0,130.0,8,1,1,0,0,1,514,-1
1,37,0,3,0,0,0,1,-159.0,159.0,2,4,2,0,2,1,352,0
1,29,0,0,0,0,0,6,-1.0,1.0,7,6,2,0,3,1,512,0
1,36,0,0,0,0,0,5,-20.0,20.0,7,7,0,0,2,1,660,0
0,31,0,0,0,0,0,0,0.0,1.0,3,2,1,0,0,1,774,-1
1,27,0,0,0,0,0,7,-1.0,1.0,3,8,0,0,7,0,578,0
1,35,0,2,0,0,0,10,85.0,122.0,3,7,0,0,3,1,750,-1
1,37,0,2,0,0,0,4,0.0,0.0,3,2,1,0,3,1,734,0
1,20,2,0,0,1,0,1,-1.0,1.0,3,9,0,0,8,0,580,-1
1,47,1,2,0,0,0,0,-1.0,1.0,7,0,1,0,0,1,1067,-1
1,39,0,0,0,0,0,1,-4.0,4.0,3,1,1,0,0,1,480,-1
1,45,1,2,0,0,0,21,-1.0,1.0,3,5,2,0,0,1,688,0
1,39,0,2,0,0,0,2,-88.0,88.0,2,5,2,0,2,1,148,0
1,34,0,2,0,0,1,5,-1.0,2.0,3,5,2,0,4,2,296,0
0,25,0,0,0,0,0,7,-102.0,102.0,3,8,0,0,9,0,750,0
1,32,0,5,0,0,0,4,0.0,1.0,3,2,1,0,1,1,1120,-1
0,28,0,2,0,0,0,7,-7.0,7.0,3,5,2,0,4,2,344,0
1,34,0,0,0,0,0,1,0.0,0.0,3,0,1,0,1,1,907,-1
1,39,0,2,0,0,0,0,-1.0,1.0,7,0,1,0,0,1,809,-1
1,34,0,0,0,1,0,20,-1.0,1.0,3,8,0,0,4,2,518,0
1,30,0,2,0,0,0,1,-1.0,1.0,3,7,0,0,2,1,1175,-1
1,21,2,0,0,0,0,0,-1.0,1.0,2,6,2,0,6,2,874,-1
1,23,2,2,0,0,0,0,-3.0,3.0,3,5,2,0,4,2,606,0
1,18,2,3,1,0,0,1,-23.0,333.0,3,8,0,0,9,0,716,-1
1,40,0,0,0,0,0,3,-1.0,1.0,3,7,0,0,4,2,731,0
1,22,2,0,0,0,0,2,-1.0,1.0,7,3,1,0,4,2,652,0
1,27,0,0,0,0,0,0,-1.0,1.0,7,1,1,0,2,1,593,-1
0,28,0,2,0,0,0,1,0.0,0.0,3,4,2,0,2,1,688,-1
0,33,0,0,0,0,0,6,-67.0,65.0,7,0,1,0,0,1,321,0
1,38,0,2,0,0,0,5,-2.0,3.0,3,6,2,0,1,1,1089,0
1,59,1,2,0,0,0,1,-1.0,1.0,3,1,1,0,0,1,1095,0
1,43,0,2,0,0,0,3,-1.0,1936.0,8,2,1,0,1,1,671,-1
1,34,0,0,0,0,0,0,-6.0,6.0,3,8,0,0,7,0,481,-1
0,41,0,2,0,0,0,0,-1.0,1.0,3,0,1,0,0,1,492,-1
0,39,0,2,0,0,0,2,-1.0,1.0,3,4,2,0,0,1,25,0
0,25,0,2,0,0,0,2,-2.0,2.0,8,3,1,0,3,1,521,0
1,46,1,0,0,0,0,3,-33.0,33.0,7,5,2,0,6,2,517,0
1,41,0,2,0,0,0,11,-1.0,1.0,3,8,0,0,5,2,19,-1
1,30,0,0,0,0,0,8,-1.0,1.0,3,5,2,0,1,1,538,-1
1,38,0,0,1,1,0,9,-1.0,1.0,3,7,0,0,3,1,150,0
1,19,2,0,0,0,0,0,-1.0,1.0,3,8,0,0,7,0,643,-1
0,55,1,2,0,0,0,0,-2.0,2.0,3,6,2,0,4,2,203,0
0,22,2,2,0,0,0,3,-1.0,1.0,3,8,0,0,3,1,485,0
1,31,0,2,0,0,0,1,-1.0,1.0,3,2,1,0,1,1,603,0
0,24,2,0,1,0,0,6,-1.0,1.0,2,8,0,0,8,0,256,0
1,23,2,0,0,0,0,4,-1.0,1.0,3,9,0,0,8,0,73,0
1,22,2,0,0,4,0,7,-11.0,7.0,2,7,0,0,8,0,237,0
1,23,2,0,0,0,0,1,0.0,1.0,3,4,2,0,6,2,1073,-1
1,28,0,3,0,0,0,5,0.0,0.0,3,4,2,0,3,1,1054,-1
1,30,0,0,0,0,0,1,213.0,548.0,3,6,2,0,4,2,213,0
1,31,0,2,0,0,0,1,-1.0,1.0,3,2,1,0,1,1,688,0
1,22,2,0,0,0,0,2,0.0,1.0,2,4,2,0,5,2,1168,-1
1,43,0,0,0,0,0,19,-31.0,31.0,3,8,0,0,1,1,555,-1
1,33,0,0,0,0,0,0,0.0,1.0,3,9,0,0,5,2,215,0
0,31,0,0,0,0,0,10,-1.0,1.0,3,5,2,0,1,1,1083,-1
1,23,2,2,0,0,2,1,-20.0,20.0,3,4,2,0,5,2,272,0
1,21,2,0,0,0,0,0,-1.0,1.0,3,7,0,0,6,2,830,0
1,32,0,2,0,0,0,2,-1.0,1.0,7,1,1,0,1,1,86,0
1,25,0,2,0,0,0,2,-25.0,25.0,3,4,2,0,4,2,524,0
1,27,0,0,0,0,0,3,-1.0,1.0,7,2,1,0,2,1,883,-1
0,19,2,2,0,0,0,2,-2.0,2.0,3,9,0,0,6,2,524,0
1,36,0,0,0,0,0,2,0.0,1.0,3,0,1,0,1,1,1114,0
1,27,0,0,0,4,4,9,-1.0,1.0,3,6,2,0,2,1,534,0
1,20,2,2,0,1,1,1,-1.0,1.0,3,9,0,0,9,0,31,0
1,46,1,2,0,0,0,1,-37.0,37.0,3,0,1,0,0,1,392,0
1,25,0,5,0,0,0,2,-1.0,1.0,8,5,2,0,5,2,1046,-1
1,22,2,0,0,0,0,1,-1.0,1.0,1,6,2,0,8,0,347,-1
1,55,1,0,0,0,0,19,-1.0,1.0,3,7,0,0,1,1,121,-1
1,26,0,0,1,0,0,7,-43.0,43.0,3,8,0,0,4,2,1082,0
1,51,1,2,0,0,0,3,-125.0,88.0,10,0,1,0,0,1,182,0
1,29,0,0,0,0,0,4,-20.0,20.0,3,0,1,0,0,1,209,-1
1,32,0,0,0,0,0,1,-1.0,1.0,3,1,1,0,2,1,805,-1
0,34,0,2,0,0,0,3,-1.0,1.0,7,4,2,0,1,1,970,-1
1,31,0,0,0,0,0,0,-1.0,1.0,3,1,1,0,1,1,674,-1
1,52,1,4,0,0,0,4,0.0,1.0,7,1,1,0,0,1,692,-1
1,22,2,0,0,0,1,4,-1.0,1.0,2,9,0,0,8,0,535,-1
1,53,1,0,0,0,0,1,-1.0,1.0,3,5,2,0,2,1,459,-1
1,22,2,5,0,0,1,2,-51.0,51.0,3,1,1,0,3,1,788,-1
1,34,0,2,0,0,0,1,-2.0,2.0,3,4,2,0,1,1,237,-1
1,25,0,0,0,0,0,5,118.0,120.0,3,6,2,0,6,2,818,-1
1,32,0,2,0,0,0,2,-1.0,1.0,7,1,1,0,1,1,1059,0
0,30,0,0,0,0,0,1,-1.0,1.0,3,2,1,0,1,1,637,-1
1,19,2,2,0,0,2,1,-1.0,1.0,3,3,1,0,6,2,482,-1
1,25,0,2,0,0,0,1,-1.0,1.0,3,5,2,0,2,1,531,-1
0,32,0,2,0,0,0,1,-1.0,1.0,7,2,1,0,0,1,269,0
1,51,1,2,0,0,0,2,-64.0,64.0,3,0,1,0,0,1,633,0
1,28,0,3,0,0,0,3,-1.0,1.0,8,4,2,0,4,2,623,-1
0,24,2,3,0,0,0,0,-2.0,2.0,3,2,1,0,3,1,429,-1
1,52,1,5,0,0,0,13,-1.0,1.0,3,6,2,0,5,2,169,0
1,36,0,3,1,0,0,20,-222.0,180.0,1,9,0,0,8,0,682,0
1,24,2,3,0,0,0,0,0.0,1.0,3,9,0,0,6,2,1070,-1
1,37,0,0,3,0,0,17,-1.0,1.0,3,9,0,0,3,1,608,-1
1,24,2,2,0,0,0,5,-40.0,40.0,3,6,2,0,3,1,467,0
1,54,1,0,0,0,0,0,-1.0,1.0,7,0,1,0,0,1,335,-1
1,44,0,5,0,0,0,6,-1.0,1.0,3,0,1,0,0,1,890,0
1,25,0,2,0,0,0,0,-1.0,1.0,7,0,1,0,1,1,530,-1
0,48,1,0,0,0,0,0,-1.0,1.0,7,4,2,0,2,1,809,-1
1,55,1,0,0,0,0,0,-1.0,1.0,3,0,1,0,0,1,776,0
1,27,0,0,0,0,0,0,-1.0,1.0,7,0,1,0,1,1,1068,-1
1,29,0,0,0,0,0,1,82.0,1466.0,7,1,1,0,1,1,81,0
1,67,1,2,0,0,0,1,-1.0,1.0,3,2,1,0,0,1,1091,-1
1,26,0,2,1,0,0,2,-1.0,1.0,3,5,2,0,7,0,1157,0
0,27,0,0,0,0,0,1,-1.0,1.0,7,1,1,0,1,1,596,-1
1,36,0,5,0,0,0,8,-1.0,1.0,9,1,1,0,1,1,288,-1
1,39,0,2,0,0,0,0,-1.0,1.0,3,1,1,0,0,1,787,-1
1,30,0,3,0,0,0,1,0.0,1.0,3,1,1,0,1,1,484,0
1,56,1,5,0,0,0,6,-1.0,1.0,3,1,1,0,0,1,117,0
1,27,0,0,0,1,0,1,-1.0,1.0,3,3,1,0,2,1,797,-1
0,37,0,0,0,0,0,0,0.0,1.0,3,0,1,0,0,1,517,-1
1,54,1,2,0,0,0,1,-1.0,1.0,3,0,1,0,0,1,1140,-1
1,20,2,2,0,0,0,0,-1.0,1.0,7,9,0,0,8,0,480,0
1,38,0,2,0,0,0,2,0.0,0.0,3,3,1,0,1,1,85,0
1,26,0,0,0,0,0,4,0.0,0.0,3,2,1,0,1,1,800,0
0,44,0,2,0,0,0,0,-1.0,1.0,7,0,1,0,0,1,881,0
1,42,0,5,0,0,0,6,-1.0,1.0,8,2,1,0,0,1,846,-1
1,26,0,0,0,0,0,20,0.0,0.0,3,9,0,0,9,0,109,0
1,26,0,3,0,0,1,9,0.0,0.0,3,6,2,0,4,2,816,0
1,57,1,0,0,0,0,6,370.0,132.0,7,8,0,0,4,2,370,0
1,24,2,0,1,0,0,2,-1.0,1.0,3,8,0,0,8,0,1099,-1
1,43,0,2,0,0,0,1,-131.0,131.0,1,0,1,0,0,1,851,-1
1,31,0,3,0,0,0,0,-1.0,1.0,7,0,1,0,0,1,557,-1
1,20,2,3,0,0,0,2,9.0,33.0,3,9,0,0,9,0,386,0
1,50,1,2,0,0,0,1,-1.0,1.0,2,1,1,0,1,1,1094,-1
0,38,0,0,0,0,0,2,-1.0,4971.0,8,6,2,0,1,1,682,-1
1,25,0,0,1,0,0,2,-1.0,1.0,3,8,0,0,6,2,1010,0
1,22,2,0,0,0,0,0,-1.0,1.0,3,3,1,0,5,2,1134,-1
0,32,0,0,0,0,0,5,-1.0,1.0,3,6,2,0,2,1,1138,-1
0,25,0,0,0,0,0,0,-1.0,1.0,3,6,2,0,4,2,522,-1
1,22,2,0,0,0,0,1,0.0,1.0,3,3,1,0,5,2,1077,-1
1,23,2,0,0,0,0,0,-1.0,1.0,3,6,2,0,7,0,698,-1
1,26,0,0,0,1,1,8,-1.0,1.0,3,7,0,0,6,2,758,0
0,29,0,0,0,0,0,2,377.0,282.0,2,6,2,0,4,2,531,-1
1,30,0,0,0,0,0,0,-1.0,1.0,7,5,2,0,7,0,634,-1
1,28,0,0,0,0,0,9,-1.0,1.0,3,2,1,0,3,1,1148,0
1,23,2,0,0,0,0,3,-1.0,1.0,2,6,2,0,4,2,134,-1
1,26,0,0,0,0,0,4,0.0,0.0,3,2,1,0,1,1,153,0
1,42,0,0,0,0,0,1,-17.0,17.0,7,1,1,0,1,1,931,0
1,26,0,0,0,0,0,2,-1.0,1.0,3,7,0,0,7,0,1071,0
1,35,0,2,0,0,0,1,-15.0,16.0,8,3,1,0,0,1,645,0
1,33,0,2,0,0,0,1,0.0,0.0,1,2,1,0,1,1,963,-1
0,25,0,2,0,0,0,0,-1.0,1.0,3,2,1,0,2,1,501,-1
1,69,1,5,0,0,0,0,-1.0,1.0,7,0,1,0,0,1,911,-1
0,33,0,2,0,0,0,1,0.0,0.0,7,0,1,0,0,1,798,-1
1,27,0,5,0,0,0,6,0.0,1.0,3,6,2,0,7,0,195,-1
1,25,0,2,0,0,0,2,0.0,0.0,7,3,1,0,2,1,764,0
0,25,0,2,0,0,0,2,-1.0,1.0,3,3,1,0,4,2,830,-1
1,30,0,0,0,1,0,8,-1.0,587.0,3,9,0,0,7,0,258,-1
1,26,0,0,0,0,0,2,-1.0,1.0,3,3,1,0,2,1,625,0
1,22,2,2,0,0,2,5,-2.0,2.0,3,7,0,0,5,2,6,0
1,39,0,2,0,0,0,2,0.0,0.0,3,1,1,0,1,1,868,-1
1,30,0,2,1,0,0,2,-1.0,1.0,2,4,2,0,5,2,1122,-1
1,48,1,0,0,0,0,10,-1.0,1.0,3,8,0,0,3,1,1049,-1
1,39,0,0,0,0,0,3,-39.0,40.0,7,3,1,0,1,1,769,0
1,24,2,0,0,0,0,2,-1.0,1.0,3,5,2,0,6,2,258,-1
1,53,1,2,0,0,0,3,-2.0,2.0,7,1,1,0,0,1,502,0
1,27,0,0,0,1,0,9,-1.0,1.0,3,8,0,0,7,0,1161,0
1,53,1,0,0,0,0,3,-241.0,2757.0,7,8,0,0,2,1,262,-1
0,22,2,0,0,0,0,1,-97.0,97.0,2,5,2,0,5,2,890,-1
1,31,0,0,0,0,0,0,-2.0,3.0,7,1,1,0,1,1,681,-1
1,46,1,2,0,0,0,5,125.0,240.0,8,2,1,0,1,1,125,-1
0,24,2,0,0,0,0,2,-1.0,1.0,3,5,2,0,3,1,480,0
1,22,2,0,0,0,1,1,-1.0,1.0,3,3,1,0,5,2,867,0
0,27,0,0,0,0,0,2,-14.0,14.0,7,3,1,0,2,1,147,0
1,22,2,2,0,0,0,1,-1.0,1.0,2,2,1,0,4,2,744,0
0,25,0,2,0,0,0,0,0.0,0.0,7,6,2,0,3,1,710,-1
1,26,0,0,0,0,0,2,-1.0,1.0,3,7,0,0,7,0,194,0
1,36,0,3,0,0,0,1,-1.0,1.0,7,4,2,0,2,1,837,-1
1,28,0,0,0,0,0,1,0.0,0.0,3,1,1,0,1,1,938,0
1,25,0,0,2,0,0,4,-1.0,1.0,3,9,0,0,6,2,767,0
1,55,1,3,0,0,0,2,-28.0,28.0,7,2,1,0,3,1,662,-1
1,19,2,2,0,0,0,1,-1.0,1.0,7,3,1,0,6,2,84,0
1,27,0,2,0,0,0,0,-1.0,1.0,3,4,2,0,5,2,1078,-1
0,28,0,2,0,0,0,0,-1.0,1.0,3,3,1,0,2,1,522,0
0,45,1,4,0,0,0,15,-1.0,1.0,3,9,0,0,8,0,6,0
1,31,0,0,1,1,1,13,-1.0,1.0,3,8,0,0,7,0,439,0
1,27,0,2,0,0,0,1,-1.0,1.0,3,2,1,0,2,1,501,-1
1,36,0,2,0,0,0,1,23.0,24.0,3,3,1,0,0,1,23,0
1,31,0,0,0,0,0,5,-1.0,1.0,2,4,2,0,1,1,1168,0
1,33,0,3,0,0,0,8,-165.0,165.0,3,8,0,0,3,1,249,0
0,23,2,0,0,0,0,2,126.0,0.0,8,7,0,0,5,2,465,0
1,24,2,2,0,0,0,0,-1.0,1.0,3,1,1,0,2,1,772,0
1,29,0,0,0,0,0,1,-1.0,1.0,8,3,1,0,2,1,1047,-1
1,30,0,3,0,0,0,2,-1.0,1.0,3,1,1,0,1,1,77,-1
1,29,0,2,0,0,0,1,-50.0,50.0,3,5,2,0,2,1,357,-1
1,28,0,3,0,0,0,2,-1.0,1.0,3,7,0,0,5,2,858,-1
1,22,2,0,0,0,0,1,-1.0,1.0,3,1,1,0,3,1,1051,-1
0,23,2,2,0,0,0,7,-1.0,1.0,3,8,0,0,4,2,142,-1
1,26,0,2,0,0,0,1,-1.0,1.0,3,6,2,0,3,1,591,-1
1,52,1,0,0,0,0,7,-1.0,1.0,7,2,1,0,0,1,97,0
1,26,0,2,0,0,0,7,81.0,98.0,8,8,0,0,6,2,1150,0
1,32,0,0,0,0,0,7,0.0,0.0,3,8,0,0,8,0,351,0
1,29,0,0,3,0,1,4,-1.0,1.0,2,8,0,0,5,2,503,-1
1,32,0,2,0,0,0,0,-7.0,7.0,2,0,1,0,1,1,1081,-1
1,43,0,2,0,0,0,1,-1.0,1.0,3,5,2,0,3,1,118,0
1,60,1,0,0,0,0,0,-1.0,1.0,3,0,1,0,0,1,967,-1
1,68,1,2,0,0,0,1,-27.0,27.0,3,0,1,0,0,1,479,-1
1,55,1,2,0,0,0,3,-1.0,1.0,3,6,2,0,1,1,642,0
0,28,0,2,0,0,0,0,-2.0,2.0,7,4,2,0,1,1,592,-1
1,31,0,0,0,0,0,1,-1.0,1.0,7,2,1,0,1,1,674,-1
1,21,2,0,0,0,0,0,-1.0,1.0,2,6,2,0,6,2,438,0
1,49,1,0,0,0,0,1,-243.0,243.0,9,1,1,0,0,1,545,-1
1,39,0,0,0,0,0,0,0.0,0.0,7,3,1,0,1,1,612,-1
1,24,2,0,1,0,0,10,75.0,0.0,2,9,0,0,4,2,75,0
1,32,0,5,0,0,0,0,-1.0,1.0,7,0,1,0,0,1,797,-1
1,66,1,0,0,0,0,3,-10.0,10.0,2,0,1,0,0,1,943,0
0,34,0,2,0,0,0,7,-1.0,1.0,3,6,2,0,2,1,504,-1
1,42,0,3,0,0,0,0,0.0,0.0,7,0,1,0,0,1,869,-1
0,38,0,0,0,0,0,7,0.0,1.0,3,9,0,0,8,0,529,0
0,36,0,2,0,0,0,4,110.0,144.0,1,8,0,0,2,1,346,0
1,51,1,0,0,0,0,8,-1.0,1.0,8,0,1,0,0,1,484,0
1,45,1,0,0,0,0,0,-1.0,1.0,3,5,2,0,2,1,1098,0
1,32,0,0,0,0,1,8,-1.0,1.0,2,3,1,0,1,1,60,-1
1,38,0,0,0,0,0,4,-1.0,1.0,7,1,1,0,1,1,918,-1
1,27,0,2,0,1,0,1,0.0,0.0,3,2,1,0,2,1,504,-1
1,66,1,5,0,0,0,0,-1.0,1.0,3,1,1,0,0,1,500,-1
1,26,0,2,0,0,0,11,-56.0,33.0,2,3,1,0,2,1,928,-1
1,57,1,0,0,0,0,28,0.0,0.0,3,9,0,0,5,2,8,0
1,20,2,0,0,0,1,0,-1.0,1.0,3,3,1,0,5,2,702,-1
1,22,2,2,0,0,1,0,-1.0,1.0,8,1,1,0,3,1,42,0
0,20,2,0,0,0,3,2,-1.0,1.0,3,9,0,0,8,0,36,0
1,21,2,3,0,0,0,0,-1.0,1.0,3,3,1,0,5,2,1055,-1
0,38,0,2,0,0,0,5,-1.0,1.0,3,5,2,0,3,1,156,0
1,34,0,2,0,0,0,1,-50.0,50.0,3,1,1,0,0,1,1088,-1
1,21,2,3,0,0,0,0,0.0,1.0,3,9,0,0,7,0,1073,-1
1,31,0,0,0,0,0,2,-1.0,1.0,3,1,1,0,1,1,443,0
1,57,1,0,0,0,0,12,70.0,1.0,3,8,0,0,3,1,70,0
1,47,1,0,0,0,0,12,-98.0,99.0,1,5,2,0,2,1,940,0
1,33,0,0,0,0,0,19,-1.0,1.0,3,9,0,0,6,2,825,0
0,23,2,0,0,0,0,0,-1.0,1.0,7,3,1,0,3,1,908,0
1,22,2,0,0,0,0,11,0.0,1.0,3,9,0,0,7,0,427,0
1,31,0,3,0,1,0,1,0.0,0.0,7,2,1,0,4,2,109,-1
1,27,0,0,0,0,0,0,0.0,0.0,3,5,2,0,5,2,20,0
1,27,0,2,0,0,1,18,-1.0,1.0,3,8,0,0,9,0,254,0
0,23,2,0,0,0,0,1,-1.0,1.0,3,3,1,0,2,1,714,0
1,34,0,0,0,0,0,3,-1.0,1.0,3,0,1,0,1,1,973,-1
0,50,1,3,0,0,0,1,18.0,118.0,3,1,1,0,0,1,18,0
1,22,2,0,0,0,1,1,0.0,1.0,3,6,2,0,6,2,115,0
0,30,0,2,0,0,0,0,-1.0,1.0,7,1,1,0,1,1,938,-1
1,25,0,2,0,0,1,2,0.0,1.0,3,4,2,0,3,1,262,-1
1,47,1,3,0,0,0,0,0.0,0.0,7,0,1,0,0,1,1092,-1
1,23,2,2,0,0,0,3,-1.0,1.0,9,7,0,0,4,2,375,0
0,38,0,2,0,0,0,2,-35.0,35.0,3,4,2,0,1,1,155,0
0,24,2,0,0,0,0,0,-3.0,3.0,3,3,1,0,3,1,893,-1
1,31,0,0,0,0,0,6,0.0,0.0,3,1,1,0,1,1,825,0
1,19,2,0,1,0,1,1,-1.0,1.0,3,6,2,0,8,0,129,0
1,51,1,2,0,0,0,7,35.0,62.0,3,2,1,0,0,1,848,-1
1,52,1,2,0,0,0,1,0.0,1.0,7,0,1,0,0,1,1095,-1
1,21,2,0,0,0,0,0,-1.0,1.0,3,7,0,0,6,2,1084,0
1,28,0,0,0,0,0,10,-20.0,20.0,3,4,2,0,2,1,890,0
1,21,2,0,0,0,0,1,0.0,10.0,3,8,0,0,6,2,107,-1
1,22,2,0,0,0,0,0,-5.0,6.0,2,3,1,0,5,2,864,0
1,33,0,2,0,0,0,0,-2.0,2.0,7,0,1,0,0,1,739,-1
0,35,0,0,0,0,0,3,-23.0,23.0,3,0,1,0,0,1,724,-1
1,36,0,2,0,0,0,4,-1.0,1.0,3,1,1,0,0,1,476,0
0,21,2,2,0,0,0,0,-2.0,2.0,3,4,2,0,4,2,457,-1
1,30,0,2,0,0,0,4,0.0,1.0,3,7,0,0,3,1,219,0
0,25,0,0,0,0,0,1,-1.0,1.0,2,4,2,0,5,2,912,-1
1,25,0,0,0,0,2,0,0.0,1.0,7,1,1,0,2,1,183,-1
1,59,1,0,0,0,0,1,-1.0,3583.0,3,1,1,0,0,1,659,-1
1,25,0,0,0,0,0,6,0.0,0.0,3,6,2,0,3,1,22,0
1,22,2,0,0,0,0,11,-1.0,1.0,3,7,0,0,5,2,756,-1
1,23,2,0,0,0,0,1,-39.0,39.0,7,1,1,0,3,1,455,-1
1,33,0,0,0,0,0,10,0.0,0.0,3,8,0,0,5,2,787,0
1,20,2,0,1,0,0,1,39.0,435.0,6,2,1,0,5,2,1063,0
1,23,2,0,0,0,0,6,0.0,0.0,3,5,2,0,6,2,497,0
0,23,2,0,0,0,0,1,-2.0,2.0,3,4,2,0,4,2,210,0
1,23,2,5,0,0,0,6,-1.0,1.0,3,7,0,0,4,2,563,0
1,26,0,2,0,0,0,0,0.0,0.0,7,1,1,0,2,1,1152,-1
1,39,0,3,0,0,0,2,-44.0,44.0,3,5,2,0,1,1,105,-1
1,26,0,2,0,0,0,3,-1.0,1.0,8,1,1,0,1,1,272,0
1,20,2,0,0,0,0,1,-83.0,50.0,6,8,0,0,7,0,736,-1
1,22,2,0,0,0,0,0,0.0,1.0,2,4,2,0,5,2,140,0
1,39,0,3,0,0,0,2,-44.0,44.0,3,5,2,0,1,1,189,-1
1,74,1,2,0,0,0,0,-1.0,1.0,8,0,1,0,0,1,1176,-1
1,21,2,2,0,1,0,1,115.0,0.0,3,4,2,0,6,2,202,0
1,44,0,2,0,0,0,1,-1.0,0.0,8,2,1,0,1,1,669,-1
1,27,0,0,0,0,0,1,0.0,1.0,3,1,1,0,2,1,1129,0
1,22,2,0,0,0,0,0,304.0,1.0,3,2,1,0,4,2,304,-1
1,49,1,2,0,0,0,1,-22.0,23.0,3,0,1,0,0,1,772,-1
1,25,0,0,0,0,0,5,-1.0,1.0,2,7,0,0,5,2,1148,-1
1,25,0,2,0,0,0,0,0.0,1.0,8,1,1,0,1,1,230,0
1,26,0,2,0,0,0,0,-1.0,1.0,7,1,1,0,2,1,1084,-1
1,28,0,0,0,1,0,18,0.0,0.0,3,8,0,0,6,2,564,0
1,46,1,2,0,0,0,2,-1.0,1.0,3,5,2,0,0,1,866,0
1,44,0,0,0,0,0,4,-1.0,1.0,3,9,0,0,1,1,884,-1
1,30,0,0,0,0,0,1,-1.0,1.0,3,4,2,0,1,1,1136,-1
1,22,2,2,0,1,0,1,-1.0,1.0,3,7,0,0,5,2,275,0
1,39,0,3,0,0,0,0,-1.0,1.0,3,0,1,0,0,1,653,-1
1,28,0,5,0,0,0,12,-1.0,1.0,3,8,0,0,6,2,575,-1
1,23,2,0,1,0,0,2,418.0,1.0,3,5,2,0,4,2,1170,0
1,25,0,0,0,0,0,5,-1.0,1.0,3,4,2,0,3,1,1140,0
1,29,0,5,0,0,1,5,-1.0,1.0,3,4,2,0,4,2,565,-1
0,22,2,0,0,0,0,1,-1.0,1.0,3,8,0,0,4,2,532,-1
1,21,2,0,2,0,1,2,-1.0,1.0,3,9,0,0,8,0,856,0
1,58,1,0,0,0,0,0,-1.0,1.0,3,3,1,0,1,1,138,0
1,29,0,0,0,0,0,0,-1.0,1.0,8,4,2,0,1,1,1145,-1
0,34,0,0,0,0,0,0,-1.0,1.0,3,0,1,0,0,1,700,-1
1,50,1,0,0,0,0,1,-22.0,22.0,3,4,2,0,4,2,1030,-1
1,47,1,2,0,0,0,3,-1.0,1.0,3,0,1,0,0,1,1176,-1
1,46,1,2,0,0,0,1,-2.0,2.0,7,0,1,0,0,1,980,-1
1,27,0,0,0,0,0,5,-28.0,28.0,3,9,0,0,4,2,74,0
1,27,0,3,0,0,0,0,-1.0,1.0,7,7,0,0,5,2,790,-1
1,59,1,3,0,0,0,1,-2.0,2.0,3,1,1,0,0,1,994,0
1,23,2,2,0,0,0,0,-1.0,1.0,3,2,1,0,4,2,337,0
0,36,0,0,0,0,0,1,-1.0,1.0,7,1,1,0,0,1,1061,-1
1,21,2,0,0,0,0,1,-1.0,1.0,3,5,2,0,5,2,756,0
1,31,0,0,0,0,0,9,-1.0,1.0,7,6,2,0,2,1,644,0
1,26,0,5,0,0,0,1,-1.0,1.0,3,3,1,0,4,2,223,0
1,20,2,0,2,0,0,2,-1.0,1.0,3,8,0,0,6,2,175,0
1,39,0,0,0,0,0,6,-1.0,1.0,2,2,1,0,0,1,135,0
0,27,0,2,0,0,0,4,8.0,13.0,8,7,0,0,6,2,491,0
1,27,0,3,0,0,0,1,-1.0,1123.0,8,0,1,0,1,1,760,-1
0,27,0,2,0,0,0,2,-34.0,34.0,3,2,1,0,2,1,857,-1
1,36,0,0,0,0,0,9,-1.0,1.0,3,6,2,0,6,2,1094,0
1,19,2,3,0,0,0,1,-18.0,18.0,3,2,1,0,5,2,658,-1
1,24,2,0,0,0,0,7,-1.0,1.0,2,6,2,0,5,2,785,0
1,25,0,0,0,0,0,4,-1.0,1.0,3,4,2,0,3,1,159,0
0,35,0,0,0,1,1,16,-1.0,1.0,3,9,0,0,3,1,470,-1
1,26,0,2,0,0,0,5,-1.0,1.0,3,3,1,0,2,1,252,0
1,26,0,0,0,0,1,7,212.0,64.0,7,7,0,0,6,2,548,0
0,27,0,0,0,0,0,1,-1.0,1.0,3,3,1,0,3,1,254,-1
1,22,2,0,0,0,0,2,0.0,1.0,3,8,0,0,9,0,176,0
1,39,0,2,0,0,0,0,0.0,1.0,8,1,1,0,1,1,1177,-1
1,50,1,2,0,0,0,11,-31.0,31.0,3,1,1,0,0,1,319,0
0,23,2,3,0,0,0,7,-1.0,0.0,3,7,0,0,3,1,136,-1
1,38,0,2,0,0,0,5,-11.0,11.0,2,0,1,0,1,1,847,0
1,36,0,3,0,0,0,5,-2.0,2.0,3,1,1,0,0,1,925,-1
1,55,1,0,0,0,0,9,0.0,0.0,9,2,1,0,0,1,299,0
0,24,2,0,0,0,0,2,0.0,1.0,2,4,2,0,3,1,461,0
0,31,0,2,0,0,0,0,-1.0,1.0,3,3,1,0,1,1,194,0
1,40,0,2,0,0,0,1,-1.0,1.0,3,2,1,0,0,1,536,-1
1,23,2,0,0,0,0,1,-1.0,1.0,3,3,1,0,4,2,777,0
1,25,0,5,0,0,0,3,-1.0,1.0,3,7,0,0,4,2,775,0
0,42,0,2,0,0,0,5,-1.0,1.0,7,3,1,0,0,1,975,0
1,20,2,3,1,0,0,1,-189.0,189.0,2,7,0,0,9,0,805,0
1,39,0,0,0,0,0,3,-1.0,1.0,3,1,1,0,2,1,527,-1
1,26,0,0,0,0,0,0,-1.0,1.0,3,0,1,0,1,1,600,-1
1,23,2,0,1,0,0,5,24.0,1.0,3,7,0,0,5,2,24,0
1,47,1,4,4,0,0,22,0.0,0.0,3,9,0,0,4,2,691,0
1,26,0,0,0,1,0,4,649.0,1562.0,7,7,0,0,5,2,756,-1
0,27,0,0,0,0,0,2,-40.0,40.0,2,5,2,0,3,1,995,-1
1,37,0,0,0,0,0,3,-1.0,1.0,3,0,1,0,0,1,924,0
1,22,2,0,0,0,0,0,-1.0,1.0,3,3,1,0,4,2,8,0
1,25,0,0,0,0,0,6,210.0,0.0,3,8,0,0,8,0,295,-1
1,38,0,0,0,0,0,1,-1.0,1.0,3,3,1,0,0,1,651,0
1,47,1,0,0,0,0,21,-124.0,124.0,3,8,0,0,3,1,217,0
1,29,0,0,0,0,0,1,0.0,0.0,7,1,1,0,1,1,181,0
1,22,2,2,0,0,1,1,-1.0,1.0,3,5,2,0,6,2,82,-1
1,21,2,0,0,0,0,0,-1.0,1.0,1,9,0,0,8,0,1143,0
0,39,0,2,0,0,0,1,-1.0,1.0,3,3,1,0,2,1,392,-1
1,33,0,0,0,0,0,3,-1.0,1.0,3,4,2,0,1,1,451,0
1,21,2,3,1,0,0,1,-1.0,1.0,3,7,0,0,5,2,226,0
1,38,0,0,0,0,0,0,-1.0,1.0,3,0,1,0,0,1,803,-1
1,42,0,2,0,0,0,0,0.0,0.0,3,4,2,0,1,1,838,-1
1,51,1,0,0,0,0,1,-78.0,78.0,3,0,1,0,0,1,759,-1
1,29,0,0,0,4,1,15,227.0,1.0,3,8,0,0,6,2,227,0
1,21,2,0,0,0,0,0,-1.0,1.0,1,9,0,0,8,0,1106,0
1,31,0,2,0,0,0,3,-19.0,19.0,3,3,1,0,1,1,104,0
1,49,1,0,0,0,0,15,-137.0,137.0,7,6,2,0,1,1,604,-1
1,21,2,2,0,0,0,2,-75.0,75.0,3,8,0,0,7,0,390,-1
1,57,1,2,0,0,0,12,0.0,1.0,7,4,2,0,0,1,210,-1
0,21,2,0,0,0,0,0,-1.0,1.0,3,9,0,0,8,0,851,0
0,29,0,0,0,0,0,3,-1.0,1.0,3,4,2,0,3,1,962,-1
1,26,0,0,0,0,0,1,-30.0,30.0,3,7,0,0,4,2,472,0
1,22,2,0,0,0,0,1,-1.0,1.0,7,5,2,0,6,2,70,0
1,22,2,0,0,0,0,0,-1.0,2.0,6,2,1,0,4,2,350,0
1,43,0,2,0,0,0,4,289.0,807.0,5,2,1,0,3,1,787,-1
1,22,2,0,0,0,0,1,-1.0,1.0,2,5,2,0,5,2,38,0
1,28,0,0,0,0,0,8,-1.0,1.0,3,5,2,0,5,2,23,0
1,21,2,0,0,0,0,1,-1.0,1.0,3,5,2,0,5,2,467,0
0,48,1,0,0,0,0,0,0.0,0.0,7,0,1,0,0,1,1185,-1
0,29,0,0,0,0,0,9,-1.0,1.0,3,6,2,0,4,2,600,0
1,21,2,0,0,0,0,0,-1.0,1.0,2,2,1,0,4,2,795,-1
1,28,0,0,0,0,0,5,-1.0,1.0,3,6,2,0,2,1,151,-1
1,56,1,2,0,0,0,1,-1.0,1.0,7,0,1,0,0,1,1153,-1
1,32,0,0,0,0,0,0,0.0,0.0,3,2,1,0,1,1,962,-1
1,27,0,0,0,0,0,2,-1.0,1.0,8,4,2,0,2,1,22,0
1,20,2,2,0,0,0,0,0.0,0.0,3,3,1,0,5,2,598,-1
1,25,0,5,0,0,0,2,-1.0,1.0,7,1,1,0,2,1,716,0
1,20,2,0,0,0,1,0,-1.0,1.0,2,3,1,0,6,2,874,-1
1,22,2,0,0,0,0,4,-1.0,1.0,3,6,2,0,6,2,209,-1
1,44,0,2,0,0,0,13,0.0,1.0,3,8,0,0,7,0,38,0
0,37,0,0,0,0,0,2,0.0,0.0,3,0,1,0,0,1,294,-1
1,25,0,5,0,0,0,2,-1.0,1.0,7,2,1,0,4,2,549,-1
0,39,0,0,0,0,0,0,0.0,1.0,7,1,1,0,0,1,605,-1
1,31,0,0,0,0,0,7,-1.0,1.0,3,3,1,0,3,1,288,0
1,47,1,0,0,0,0,15,-60.0,60.0,3,6,2,0,1,1,1004,-1
1,28,0,0,0,0,0,1,-1.0,1.0,3,0,1,0,1,1,130,-1
1,52,1,2,0,0,0,3,0.0,1.0,2,3,1,0,1,1,1144,-1
1,36,0,0,0,1,0,4,-1.0,1.0,7,4,2,0,1,1,919,-1
0,30,0,0,0,0,0,4,-5.0,5.0,2,2,1,0,2,1,281,-1
1,22,2,0,0,1,0,3,-11.0,11.0,2,6,2,0,6,2,539,0
0,57,1,2,0,0,0,1,-51.0,52.0,3,0,1,0,0,1,512,-1
0,51,1,2,0,0,0,1,-8.0,8.0,3,2,1,0,0,1,543,-1
1,38,0,2,0,0,0,1,-1.0,1.0,8,0,1,0,0,1,343,0
1,30,0,2,0,0,1,7,-1.0,1.0,2,9,0,0,7,0,485,0
0,26,0,2,0,0,0,4,-2.0,2.0,3,2,1,0,2,1,1137,0
0,40,0,0,0,0,0,4,-1.0,1.0,8,0,1,0,0,1,1119,-1
1,24,2,2,0,0,0,0,-1.0,1.0,3,3,1,0,4,2,717,-1
1,61,1,0,0,0,0,19,-114.0,2.0,3,8,0,0,5,2,482,-1
1,25,0,2,4,0,0,5,-1.0,1.0,7,7,0,0,6,2,742,0
1,29,0,0,0,0,0,15,-1.0,1.0,3,5,2,0,2,1,33,0
1,28,0,0,0,0,0,8,0.0,1.0,3,7,0,0,6,2,84,0
1,20,2,0,0,0,0,0,-1.0,1.0,3,5,2,0,6,2,132,0
1,62,1,2,0,0,0,0,0.0,0.0,7,0,1,0,0,1,643,-1
1,25,0,0,0,0,0,3,-1.0,1.0,7,8,0,0,5,2,795,-1
1,24,2,2,0,0,0,1,-5.0,5.0,3,5,2,0,3,1,850,-1
1,29,0,0,0,0,0,7,-1.0,1.0,3,2,1,0,3,1,1116,-1
1,29,0,0,0,0,0,6,702.0,60.0,7,1,1,0,1,1,702,-1
1,22,2,2,0,0,0,1,-27.0,27.0,3,2,1,0,3,1,555,-1
0,33,0,0,0,0,0,3,-1.0,1.0,7,3,1,0,0,1,740,-1
1,33,0,2,0,0,0,1,0.0,0.0,3,8,0,0,9,0,133,-1
1,20,2,0,0,1,0,1,-1.0,1.0,3,3,1,0,6,2,723,-1
1,27,0,0,0,0,0,5,-182.0,1.0,3,8,0,0,5,2,579,-1
1,24,2,0,0,0,0,2,0.0,1.0,8,7,0,0,5,2,1055,0
1,20,2,3,0,0,0,0,-1.0,1.0,7,1,1,0,4,2,678,0
0,46,1,2,0,0,0,0,0.0,1.0,7,0,1,0,0,1,848,0
1,50,1,2,0,0,0,3,501.0,236.0,3,8,0,0,3,1,1083,-1
1,53,1,0,0,0,0,1,-1.0,1.0,3,7,0,0,3,1,735,-1
1,29,0,0,0,0,0,12,-1.0,1.0,3,9,0,0,6,2,38,0
0,40,0,2,0,0,0,0,-1.0,1.0,3,1,1,0,0,1,828,-1
1,25,0,0,0,0,0,1,0.0,0.0,7,1,1,0,2,1,835,-1
1,67,1,2,0,0,0,2,-80.0,80.0,3,0,1,0,0,1,801,-1
0,20,2,2,0,0,0,4,-1.0,1.0,3,7,0,0,5,2,584,0
1,38,0,2,0,0,0,5,-1.0,1.0,3,1,1,0,2,1,964,-1
1,21,2,2,0,0,0,0,-1.0,1.0,3,6,2,0,6,2,361,0
0,39,0,0,0,0,0,1,-1.0,1.0,3,1,1,0,0,1,1131,-1
1,51,1,2,0,0,0,3,-87.0,87.0,3,1,1,0,1,1,97,-1
1,39,0,2,0,0,0,3,-1.0,1.0,2,2,1,0,5,2,1117,-1
0,64,1,2,0,0,0,7,123.0,536.0,8,2,1,0,0,1,938,-1
1,63,1,2,0,0,0,10,0.0,0.0,3,3,1,0,0,1,359,0
1,26,0,0,0,0,2,6,-34.0,35.0,2,6,2,0,6,2,386,-1
1,42,0,2,0,0,0,0,0.0,0.0,7,0,1,0,0,1,505,-1
1,25,0,2,0,0,0,2,-1.0,1.0,3,4,2,0,5,2,1145,-1
0,34,0,2,0,0,0,2,-49.0,49.0,3,2,1,0,1,1,108,0
1,50,1,0,1,0,0,13,160.0,356.0,7,9,0,0,4,2,477,0
0,31,0,2,0,0,0,0,-1.0,1.0,3,3,1,0,1,1,683,0
0,28,0,0,0,0,0,0,-1.0,1.0,7,2,1,0,2,1,893,-1
1,60,1,2,0,0,0,3,-60.0,60.0,3,0,1,0,0,1,466,-1
1,22,2,0,0,0,0,0,-1.0,1.0,7,9,0,0,5,2,36,0
1,25,0,2,0,0,0,2,0.0,0.0,7,3,1,0,2,1,1138,0
1,52,1,2,0,0,0,3,-1.0,1.0,8,0,1,0,0,1,675,-1
1,47,1,0,0,0,0,1,-23.0,23.0,3,0,1,0,0,1,1134,-1
0,31,0,2,0,0,1,2,-1.0,1.0,3,7,0,0,4,2,526,0
1,28,0,0,0,0,1,4,-1.0,1.0,3,3,1,0,2,1,966,-1
1,49,1,2,0,0,0,3,-1.0,1.0,3,7,0,0,0,1,172,0
0,64,1,0,0,0,0,1,-1.0,1.0,7,0,1,0,0,1,42,0
1,22,2,0,0,0,0,1,0.0,0.0,3,3,1,0,4,2,248,0
1,30,0,2,0,0,0,2,-1.0,1.0,3,2,1,0,1,1,799,-1
1,47,1,2,0,0,0,5,0.0,0.0,7,2,1,0,1,1,76,0
1,40,0,0,0,0,0,5,0.0,1971.0,3,6,2,0,6,2,568,0
1,37,0,0,1,0,0,17,0.0,1.0,3,8,0,0,6,2,661,0
1,28,0,0,8,0,1,16,-1.0,1.0,2,7,0,0,8,0,490,0
1,36,0,0,0,0,0,7,-1.0,1.0,3,1,1,0,0,1,439,0
1,32,0,0,0,0,0,3,-1.0,1.0,3,5,2,0,2,1,707,-1
1,35,0,0,0,0,1,1,-1.0,1159.0,7,8,0,0,2,1,357,0
1,20,2,2,0,0,3,0,0.0,0.0,3,2,1,0,4,2,796,0
1,34,0,0,0,0,0,0,-1.0,1.0,3,8,0,0,7,0,150,0
1,22,2,2,0,0,0,3,0.0,1.0,7,9,0,0,5,2,526,0
1,32,0,0,0,0,0,12,-1.0,1.0,3,7,0,0,5,2,1172,0
1,31,0,3,0,0,0,0,-1.0,1.0,3,9,0,0,6,2,1043,-1
0,29,0,2,0,0,0,3,-1.0,318.0,7,6,2,0,3,1,490,-1
0,28,0,2,0,0,0,2,-36.0,36.0,3,2,1,0,1,1,899,-1
0,26,0,0,0,0,0,0,-6.0,6.0,7,8,0,0,6,2,925,-1
0,21,2,2,0,0,1,1,-1.0,1.0,7,2,1,0,3,1,643,-1
1,31,0,0,0,0,0,6,-54.0,54.0,2,8,0,0,8,0,898,0
1,22,2,0,0,0,0,0,-1.0,1.0,3,6,2,0,5,2,654,0
1,23,2,2,0,0,1,3,-1.0,1.0,2,3,1,0,3,1,293,0
1,40,0,0,0,0,0,7,129.0,77.0,3,7,0,0,8,0,1045,-1
1,55,1,0,0,0,0,0,61.0,1.0,7,7,0,0,3,1,61,0
0,24,2,0,0,0,0,0,-2.0,2.0,2,2,1,0,2,1,980,-1
1,21,2,0,0,0,1,2,-1.0,1.0,3,5,2,0,5,2,56,0
0,21,2,0,0,0,0,0,-1.0,1.0,3,5,2,0,6,2,904,-1
1,19,2,2,0,0,1,1,-1.0,1.0,3,9,0,0,7,0,613,0
1,32,0,5,0,0,0,0,-1.0,1.0,7,2,1,0,1,1,1147,0
1,57,1,0,0,0,0,8,0.0,1.0,7,3,1,0,1,1,518,0
1,35,0,0,0,0,0,1,-1.0,1.0,3,1,1,0,0,1,973,-1
1,22,2,0,0,0,0,1,0.0,1.0,3,8,0,0,6,2,609,0
0,32,0,2,0,0,0,0,-1.0,2.0,3,1,1,0,1,1,1159,-1
1,57,1,0,0,0,0,12,-1.0,1.0,3,8,0,0,5,2,1038,-1
1,27,0,0,0,0,0,9,-8.0,8.0,3,7,0,0,7,0,414,-1
1,66,1,2,0,0,0,1,-14.0,14.0,2,0,1,0,0,1,431,0
0,26,0,0,0,0,0,6,-1.0,1.0,3,7,0,0,5,2,563,-1
1,32,0,2,0,0,0,0,-1.0,1.0,3,0,1,0,0,1,664,-1
1,32,0,0,0,1,2,11,805.0,180.0,3,4,2,0,3,1,1137,0
1,28,0,0,1,0,0,12,-1.0,1.0,3,4,2,0,4,2,751,-1
0,37,0,2,0,0,0,6,-110.0,111.0,3,9,0,0,3,1,417,-1
0,33,0,2,0,0,0,4,-1.0,1.0,7,4,2,0,1,1,280,0
1,33,0,0,0,1,0,5,-1.0,1.0,1,3,1,0,1,1,633,-1
1,47,1,0,0,0,0,7,-1.0,1.0,3,0,1,0,0,1,607,0
0,20,2,0,0,0,3,2,-1.0,1.0,3,9,0,0,8,0,119,0
1,21,2,3,0,0,3,1,-25.0,25.0,3,7,0,0,5,2,615,-1
1,37,0,0,0,0,0,5,0.0,1.0,7,4,2,0,2,1,800,0
1,22,2,2,0,0,0,3,-1.0,1.0,3,6,2,0,5,2,320,0
1,33,0,0,0,0,0,0,0.0,0.0,3,4,2,0,5,2,692,0
1,53,1,2,0,0,0,1,283.0,0.0,2,2,1,0,0,1,1041,-1
1,30,0,5,0,0,0,2,-1.0,1.0,3,1,1,0,1,1,655,-1
1,26,0,2,0,0,0,0,-1.0,1.0,7,1,1,0,2,1,758,-1
1,39,0,0,0,4,0,10,-1.0,2994.0,8,8,0,0,2,1,238,-1
1,53,1,2,0,0,0,1,-1.0,1.0,2,0,1,0,0,1,1143,-1
1,35,0,0,0,0,0,6,-1.0,1.0,3,7,0,0,5,2,24,0
1,20,2,0,0,0,0,0,-1.0,1.0,3,7,0,0,5,2,772,-1
1,22,2,0,0,1,3,2,-1.0,1.0,3,5,2,0,4,2,740,-1
1,31,0,0,0,0,0,7,0.0,1.0,7,2,1,0,1,1,796,0
0,29,0,0,0,0,0,1,0.0,0.0,3,0,1,0,0,1,560,-1
1,36,0,0,0,0,0,6,-1.0,1.0,3,4,2,0,4,2,1182,-1
1,48,1,2,0,0,0,18,48.0,77.0,3,5,2,0,0,1,334,0
0,44,0,0,0,0,0,0,0.0,1.0,7,0,1,0,0,1,612,-1
1,24,2,2,0,0,0,0,0.0,0.0,3,1,1,0,2,1,638,-1
1,34,0,0,0,0,0,3,-1.0,1.0,8,8,0,0,6,2,1067,-1
1,33,0,2,0,0,0,0,-1.0,1.0,3,0,1,0,1,1,765,-1
1,51,1,2,0,0,0,2,-23.0,23.0,3,1,1,0,0,1,764,-1
1,34,0,0,0,0,0,14,-1.0,1.0,3,7,0,0,3,1,1045,-1
1,39,0,2,0,0,0,3,-1.0,1.0,3,4,2,0,1,1,530,-1
1,39,0,3,0,0,0,0,0.0,0.0,3,0,1,0,0,1,1090,-1
0,42,0,2,0,0,0,4,-10.0,11.0,3,7,0,0,0,1,54,0
1,21,2,0,0,0,0,2,0.0,0.0,3,9,0,0,5,2,953,0
1,40,0,0,0,0,0,13,-1.0,1.0,3,8,0,0,2,1,595,-1
1,49,1,2,0,0,0,10,-1.0,1.0,3,4,2,0,1,1,560,-1
1,28,0,0,0,0,0,15,0.0,1.0,2,9,0,0,7,0,764,-1
1,24,2,0,0,0,0,1,-1.0,1.0,3,1,1,0,2,1,91,-1
1,20,2,3,2,0,0,2,-21.0,21.0,3,7,0,0,8,0,275,0
1,43,0,0,0,0,0,4,-39.0,39.0,2,0,1,0,0,1,1122,0
1,42,0,2,0,0,0,2,-1.0,1.0,3,6,2,0,7,0,398,0
1,35,0,0,0,1,0,17,-1.0,1.0,7,6,2,0,1,1,125,0
1,58,1,0,0,0,0,2,7.0,2835.0,7,7,0,0,1,1,679,-1
1,46,1,2,0,0,0,2,-23.0,23.0,2,2,1,0,0,1,705,0
1,21,2,0,0,0,0,0,-1.0,1.0,2,6,2,0,6,2,890,0
1,28,0,2,0,0,0,6,0.0,0.0,8,3,1,0,2,1,1112,0
0,22,2,2,0,0,0,0,-2.0,2.0,3,6,2,0,5,2,270,0
1,29,0,5,0,0,0,0,-1.0,1.0,7,0,1,0,0,1,472,-1
1,29,0,2,0,0,0,0,0.0,1.0,7,3,1,0,3,1,66,0
1,22,2,0,0,1,1,3,-1.0,1.0,7,9,0,0,6,2,39,0
1,35,0,0,0,1,0,23,-1.0,1.0,3,8,0,0,5,2,526,0
1,27,0,0,0,4,4,9,-1.0,1.0,3,6,2,0,2,1,137,0
0,24,2,0,0,0,0,0,-1.0,1.0,7,2,1,0,2,1,716,-1
1,62,1,5,0,0,0,2,-1.0,1.0,7,0,1,0,0,1,655,-1
1,46,1,0,0,0,0,3,-1.0,1.0,3,0,1,0,0,1,688,0
1,31,0,0,0,0,0,3,-20.0,20.0,7,7,0,0,2,1,643,0
1,39,0,2,0,0,0,17,-1.0,1.0,3,1,1,0,0,1,54,0
1,28,0,0,0,0,0,1,-1.0,1.0,3,1,1,0,1,1,464,-1
1,29,0,0,0,0,0,10,-1.0,1.0,8,9,0,0,7,0,1176,0
1,34,0,5,0,0,0,0,0.0,0.0,3,1,1,0,2,1,558,-1
1,27,0,0,0,0,0,1,-1.0,1.0,3,1,1,0,2,1,751,0
1,58,1,0,0,0,0,24,0.0,0.0,3,5,2,0,0,1,127,0
1,34,0,2,0,0,0,3,-1.0,1.0,7,3,1,0,0,1,550,-1
1,29,0,2,0,0,0,2,726.0,320.0,10,8,0,0,7,0,1152,0
1,21,2,5,0,0,0,0,0.0,0.0,3,3,1,0,4,2,603,-1
1,22,2,0,0,0,0,1,-1.0,1.0,7,6,2,0,6,2,203,0
1,30,0,2,0,0,0,7,-1.0,1.0,3,6,2,0,2,1,560,-1
1,20,2,2,0,0,3,1,-32.0,32.0,3,7,0,0,6,2,431,0
0,23,2,0,0,0,0,0,-1.0,1.0,2,6,2,0,6,2,1062,0
1,23,2,0,0,0,0,0,-1.0,1.0,7,2,1,0,4,2,901,-1
1,22,2,0,0,0,0,2,-113.0,1.0,2,7,0,0,8,0,618,-1
1,30,0,0,0,0,0,0,-1.0,1.0,7,1,1,0,1,1,540,-1
1,20,2,5,0,0,0,0,-1.0,1.0,3,4,2,0,7,0,119,0
0,32,0,3,0,0,0,0,-1.0,1.0,8,2,1,0,1,1,634,0
1,69,1,2,0,0,0,6,235.0,117.0,8,0,1,0,1,1,235,0
1,20,2,0,0,0,0,0,0.0,1.0,3,3,1,0,5,2,443,0
1,25,0,0,0,1,1,7,-1.0,1.0,8,4,2,0,4,2,133,0
1,45,1,2,0,0,0,4,-1.0,1.0,7,3,1,0,0,1,790,-1
0,50,1,2,0,0,0,5,-12.0,13.0,8,5,2,0,0,1,715,-1
1,43,0,0,0,0,0,0,-1.0,1.0,3,0,1,0,0,1,1092,-1
0,39,0,5,0,0,0,0,-1.0,1.0,3,0,1,0,0,1,1043,-1
1,32,0,0,0,0,0,1,-4.0,4.0,3,0,1,0,0,1,459,-1
1,32,0,2,0,0,0,2,-1.0,2.0,8,0,1,0,1,1,271,-1
1,32,0,2,0,0,0,8,-4.0,4.0,3,8,0,0,9,0,470,0
1,29,0,0,0,0,0,2,-1.0,1.0,8,0,1,0,0,1,746,-1
1,36,0,2,0,0,0,14,-38.0,38.0,3,3,1,0,0,1,798,0
1,33,0,0,0,0,0,0,-1.0,1.0,3,3,1,0,2,1,459,-1
1,25,0,2,0,0,0,1,-164.0,164.0,3,0,1,0,1,1,246,-1
1,31,0,2,0,0,0,0,-1.0,1.0,3,0,1,0,0,1,1100,-1
1,24,2,0,0,0,0,1,0.0,1.0,7,7,0,0,5,2,609,0
1,23,2,0,0,0,0,3,-1.0,1.0,7,5,2,0,3,1,239,0
1,40,0,2,0,0,0,5,0.0,1.0,3,3,1,0,0,1,752,-1
1,24,2,2,0,0,0,1,-1.0,1.0,3,5,2,0,3,1,799,-1
0,23,2,0,0,0,0,1,-1.0,1.0,3,8,0,0,7,0,1079,-1
1,55,1,2,0,0,0,0,0.0,1.0,3,0,1,0,0,1,640,-1
1,31,0,2,0,0,1,5,-103.0,103.0,3,5,2,0,3,1,745,-1
1,32,0,3,0,0,0,3,0.0,1.0,3,2,1,0,1,1,358,-1
1,27,0,0,0,0,0,12,-1.0,1.0,3,7,0,0,3,1,344,0
1,25,0,2,0,0,0,0,256.0,0.0,8,6,2,0,4,2,1163,-1
1,22,2,2,0,0,1,1,0.0,0.0,7,7,0,0,6,2,1156,0
1,39,0,2,0,0,0,1,-15.0,15.0,3,0,1,0,0,1,833,-1
0,34,0,2,0,0,0,10,22.0,77.0,3,8,0,0,4,2,148,0
1,25,0,2,0,0,0,2,-1.0,1.0,3,4,2,0,5,2,464,-1
0,52,1,2,0,0,0,7,-13.0,13.0,1,5,2,0,0,1,543,-1
1,28,0,0,0,0,0,1,-1.0,1.0,3,1,1,0,1,1,33,-1
1,21,2,0,0,0,1,1,0.0,0.0,3,9,0,0,9,0,585,0
0,38,0,0,0,0,0,7,-31.0,31.0,3,3,1,0,1,1,669,-1
1,62,1,2,0,0,0,0,0.0,0.0,3,0,1,0,0,1,458,-1
1,30,0,0,0,0,0,2,-1.0,1.0,3,5,2,0,4,2,1017,0
0,43,0,0,0,0,0,1,-1.0,1.0,7,5,2,0,0,1,551,-1
1,27,0,0,0,0,0,0,-1.0,1.0,7,1,1,0,1,1,917,-1
1,32,0,5,0,0,0,0,-1.0,1.0,3,0,1,0,1,1,826,-1
0,42,0,2,0,0,0,0,-1.0,1.0,7,1,1,0,0,1,1100,-1
1,21,2,3,0,0,1,2,-1.0,1.0,3,4,2,0,4,2,152,0
1,23,2,2,0,2,0,3,-1.0,0.0,2,4,2,0,4,2,117,0
1,21,2,2,1,0,1,1,0.0,1.0,3,6,2,0,7,0,1107,0
1,22,2,0,0,0,1,1,28.0,1.0,7,6,2,0,8,0,176,0
1,27,0,0,0,0,0,15,-1.0,1.0,3,9,0,0,4,2,134,0
1,26,0,2,0,0,0,3,-1.0,2.0,3,8,0,0,2,1,545,-1
1,32,0,2,0,0,0,9,0.0,0.0,7,6,2,0,3,1,1083,0
1,30,0,0,0,0,0,7,0.0,1.0,8,9,0,0,9,0,334,0
1,37,0,2,0,0,0,11,-1.0,1.0,3,8,0,0,3,1,62,0
0,21,2,0,0,0,0,0,-1.0,1.0,3,7,0,0,6,2,953,0
1,45,1,0,0,0,0,15,-1.0,1.0,3,8,0,0,6,2,511,0
1,24,2,0,0,0,0,3,-1.0,1.0,7,6,2,0,6,2,1166,-1
1,23,2,0,0,0,0,1,-1.0,1.0,3,1,1,0,2,1,671,-1
0,38,0,0,0,0,0,2,-1.0,4971.0,8,6,2,0,1,1,314,-1
1,32,0,3,0,0,0,1,-27.0,27.0,3,0,1,0,0,1,983,-1
1,34,0,0,2,1,3,21,0.0,0.0,2,8,0,0,5,2,902,0
1,41,0,0,0,0,0,19,29.0,267.0,2,4,2,0,8,0,248,0
1,45,1,0,0,0,0,15,-1.0,1.0,3,2,1,0,0,1,962,0
1,40,0,2,0,0,0,0,-1.0,1.0,7,0,1,0,0,1,482,0
1,33,0,5,0,0,0,3,-1.0,1.0,3,6,2,0,1,1,930,-1
1,27,0,0,0,0,0,6,0.0,0.0,3,6,2,0,5,2,120,0
1,30,0,0,0,0,0,10,0.0,0.0,7,3,1,0,4,2,54,0
0,37,0,2,0,0,0,0,-1.0,1.0,3,2,1,0,0,1,700,-1
1,51,1,3,0,0,0,1,0.0,1.0,1,0,1,0,0,1,635,-1
0,24,2,0,0,0,0,3,-14.0,14.0,3,5,2,0,4,2,415,-1
1,29,0,0,0,0,0,0,-1.0,1.0,3,4,2,0,3,1,969,0
1,23,2,0,0,1,2,2,-2.0,3.0,3,5,2,0,4,2,267,0
1,32,0,2,1,0,0,11,149.0,127.0,3,9,0,0,9,0,149,0
1,22,2,0,0,0,0,5,-1.0,1.0,3,7,0,0,4,2,301,0
1,26,0,0,0,0,0,4,0.0,0.0,3,7,0,0,5,2,623,0
1,33,0,0,0,0,0,0,-1.0,1.0,7,8,0,0,5,2,635,-1
0,20,2,2,0,0,0,0,-2.0,2.0,3,2,1,0,5,2,776,0
1,22,2,0,0,0,0,1,-1.0,1.0,3,2,1,0,4,2,644,-1
0,50,1,2,0,0,0,14,-1.0,1.0,3,8,0,0,5,2,506,-1
0,32,0,0,0,0,0,1,-1.0,1.0,3,3,1,0,1,1,641,-1
0,63,1,0,0,0,0,1,-1.0,2.0,7,0,1,0,0,1,729,-1
1,21,2,0,0,0,0,0,-1.0,1.0,3,3,1,0,5,2,1099,0
0,20,2,2,0,0,0,0,0.0,0.0,3,7,0,0,4,2,472,0
1,30,0,0,0,0,0,0,0.0,0.0,7,0,1,0,0,1,1057,0
1,22,2,0,0,0,0,1,-1.0,1.0,7,8,0,0,7,0,189,0
0,34,0,0,0,0,0,14,-1.0,1.0,3,8,0,0,7,0,782,-1
1,25,0,0,0,1,0,2,-1.0,1.0,3,6,2,0,2,1,1144,0
1,30,0,2,0,0,0,3,-1.0,1.0,3,6,2,0,2,1,583,-1
1,31,0,0,0,0,0,23,0.0,0.0,3,9,0,0,9,0,461,0
1,39,0,2,0,0,0,21,-216.0,216.0,3,9,0,0,9,0,836,-1
1,39,0,2,0,0,0,9,-1.0,1.0,3,4,2,0,2,1,100,0
1,49,1,2,0,0,0,3,-1.0,1.0,3,7,0,0,0,1,518,0
1,30,0,0,0,0,0,9,0.0,0.0,3,9,0,0,6,2,1066,0
1,27,0,0,0,0,0,10,-1.0,1.0,3,8,0,0,5,2,147,0
1,27,0,0,0,0,0,2,-1.0,1.0,3,6,2,0,6,2,938,0
1,24,2,0,0,0,1,4,-1.0,1.0,3,6,2,0,3,1,952,-1
1,45,1,0,0,0,0,0,-1.0,1.0,8,0,1,0,0,1,1068,-1
1,24,2,2,0,0,2,8,-1.0,1.0,3,8,0,0,9,0,71,0
1,26,0,0,0,0,0,0,-1.0,1.0,3,3,1,0,2,1,923,0
1,53,1,0,0,0,0,3,-1.0,1.0,7,2,1,0,3,1,469,-1
1,23,2,0,0,0,0,1,-1.0,1.0,3,5,2,0,4,2,1133,-1
1,45,1,2,0,0,0,3,-1.0,1.0,3,0,1,0,0,1,955,-1
1,34,0,2,0,0,0,3,47.0,11.0,3,1,1,0,0,1,659,0
1,47,1,0,0,0,0,1,-1.0,1.0,3,1,1,0,2,1,1165,-1
1,24,2,0,0,0,0,15,-31.0,31.0,3,8,0,0,8,0,190,0
1,25,0,4,0,0,0,1,-49.0,49.0,2,2,1,0,2,1,534,-1
1,37,0,2,0,0,0,4,0.0,0.0,3,2,1,0,3,1,1080,0
1,20,2,0,0,0,0,0,-1.0,1.0,3,5,2,0,6,2,177,0
1,23,2,3,0,0,0,2,-1.0,1.0,3,3,1,0,3,1,444,-1
1,38,0,2,0,0,0,0,-7.0,7.0,3,0,1,0,0,1,882,-1
1,25,0,2,0,0,0,0,-1.0,1.0,8,8,0,0,5,2,731,-1
1,53,1,3,0,0,0,0,-1.0,1.0,1,0,1,0,0,1,619,-1
0,35,0,0,0,1,1,16,-1.0,1.0,3,9,0,0,3,1,838,-1
1,29,0,0,0,0,0,0,-1.0,1.0,7,0,1,0,1,1,463,-1
0,34,0,0,0,0,0,5,-53.0,53.0,3,4,2,0,4,2,869,0
1,26,0,3,0,0,0,0,0.0,0.0,3,1,1,0,2,1,322,-1
1,56,1,0,0,0,0,28,-69.0,69.0,3,6,2,0,3,1,1037,-1
1,32,0,2,0,0,0,7,-1.0,1.0,3,1,1,0,1,1,474,-1
1,22,2,2,0,0,0,0,0.0,0.0,7,1,1,0,3,1,765,0
1,23,2,0,0,0,0,2,-1.0,1.0,3,5,2,0,4,2,13,0
1,30,0,0,0,1,0,14,-1.0,1.0,3,8,0,0,6,2,377,0
1,40,0,0,0,0,0,0,0.0,0.0,3,9,0,0,8,0,83,0
1,20,2,3,0,0,0,1,34.0,108.0,2,9,0,0,7,0,319,0
1,31,0,2,0,0,1,2,-194.0,194.0,3,4,2,0,2,1,779,-1
1,28,0,0,0,0,0,7,-1.0,1.0,3,6,2,0,5,2,495,0
0,47,1,2,0,0,0,0,-6.0,6.0,8,2,1,0,0,1,842,0
1,24,2,0,0,0,1,3,26.0,1.0,3,7,0,0,5,2,1098,0
1,32,0,0,0,0,0,13,-1.0,1.0,3,7,0,0,2,1,356,-1
1,44,0,2,0,0,0,0,-1.0,1.0,7,0,1,0,0,1,706,0
1,23,2,2,0,0,0,0,-1.0,2.0,7,1,1,0,3,1,827,-1
0,25,0,0,0,0,0,0,-1.0,1.0,7,1,1,0,2,1,930,-1
0,30,0,2,0,0,0,9,-150.0,150.0,8,2,1,0,1,1,611,-1
1,31,0,0,0,0,0,1,0.0,1.0,3,9,0,0,5,2,639,0
1,27,0,2,0,0,0,8,-1.0,1.0,3,4,2,0,2,1,370,-1
0,34,0,2,0,0,0,0,0.0,1.0,8,6,2,0,2,1,814,0
1,39,0,0,0,0,0,4,-1.0,1.0,3,8,0,0,4,2,965,-1
1,30,0,0,0,0,0,3,0.0,0.0,3,2,1,0,2,1,459,-1
1,29,0,0,0,0,0,2,0.0,1.0,3,8,0,0,5,2,375,-1
0,49,1,0,0,0,0,12,-1.0,1.0,7,5,2,0,3,1,624,-1
1,30,0,3,0,0,0,9,-1.0,1.0,8,1,1,0,1,1,732,-1
1,44,0,0,0,0,0,3,-1.0,1.0,8,5,2,0,4,2,55,-1
1,35,0,0,0,0,0,4,0.0,159.0,8,4,2,0,5,2,478,-1
1,31,0,2,0,0,0,1,-3.0,3.0,3,4,2,0,1,1,941,-1
1,39,0,0,0,0,0,8,-1.0,1.0,3,3,1,0,2,1,692,-1
0,25,0,2,0,0,0,2,16.0,44.0,3,8,0,0,6,2,295,0
0,28,0,2,0,0,0,6,-1.0,1.0,8,9,0,0,8,0,798,0
1,42,0,0,0,1,0,5,186.0,202.0,3,8,0,0,4,2,789,0
1,49,1,2,0,0,0,3,0.0,0.0,3,3,1,0,1,1,198,-1
1,20,2,2,0,0,2,1,-1.0,1.0,2,1,1,0,4,2,814,0
0,25,0,0,0,0,0,0,-1.0,1.0,7,3,1,0,4,2,782,0
1,27,0,0,0,0,0,5,0.0,12.0,8,2,1,0,1,1,664,0
1,20,2,5,0,0,0,1,-1.0,1.0,3,5,2,0,5,2,590,0
1,27,0,0,0,0,0,7,-1.0,1.0,3,3,1,0,2,1,223,0
1,35,0,0,0,0,0,27,-103.0,1.0,3,9,0,0,5,2,822,-1
1,30,0,0,0,0,0,0,0.0,0.0,3,2,1,0,1,1,1116,0
0,20,2,0,0,0,0,0,-1.0,1.0,7,6,2,0,6,2,878,0
1,62,1,3,0,0,0,1,-9.0,9.0,3,0,1,0,0,1,547,-1
1,38,0,0,2,2,1,22,-34.0,35.0,3,7,0,0,4,2,570,0
1,51,1,5,0,0,0,0,-1.0,1.0,3,0,1,0,0,1,647,0
1,27,0,5,0,0,0,6,-1.0,1.0,3,3,1,0,3,1,781,0
1,34,0,2,0,0,0,0,-1.0,1.0,3,0,1,0,0,1,685,-1
0,37,0,5,0,0,0,0,-1.0,1.0,7,0,1,0,0,1,1067,0
0,31,0,2,0,0,0,2,-28.0,28.0,3,3,1,0,0,1,525,0
1,53,1,5,0,0,0,0,0.0,0.0,7,0,1,0,0,1,597,-1
1,27,0,0,0,0,0,8,-1.0,1.0,3,6,2,0,7,0,279,0
1,50,1,2,0,0,0,1,693.0,137.0,2,1,1,0,3,1,693,-1
1,54,1,2,0,0,0,1,-1.0,1.0,7,0,1,0,0,1,747,0
0,21,2,3,0,0,0,0,0.0,1.0,3,2,1,0,3,1,497,-1
1,24,2,2,0,0,2,3,-1.0,1.0,3,4,2,0,3,1,1058,-1
1,26,0,0,1,1,0,10,-1.0,1.0,2,8,0,0,5,2,844,0
1,20,2,0,0,0,0,0,-1.0,1.0,2,9,0,0,9,0,352,0
1,23,2,0,0,0,0,2,-9.0,9.0,3,7,0,0,7,0,183,0
1,67,1,2,0,0,0,0,0.0,0.0,7,0,1,0,0,1,1070,-1
1,40,0,3,0,0,0,0,0.0,1.0,2,0,1,0,0,1,886,-1
1,36,0,2,0,0,0,1,-1.0,1.0,7,1,1,0,2,1,817,-1
1,23,2,2,0,0,0,5,-105.0,105.0,3,7,0,0,4,2,706,0
0,29,0,2,0,0,0,1,-6.0,7.0,3,1,1,0,1,1,717,0
1,25,0,0,0,0,0,5,-1.0,1.0,7,7,0,0,5,2,453,0
1,19,2,0,3,0,0,2,-21.0,21.0,6,7,0,0,8,0,677,0
1,28,0,3,0,0,0,3,-1.0,1.0,3,4,2,0,2,1,881,0
1,26,0,0,0,1,1,8,-1.0,1.0,3,7,0,0,6,2,736,0
1,26,0,2,0,0,0,1,-31.0,31.0,3,4,2,0,4,2,974,-1
1,53,1,2,0,0,0,3,-175.0,174.0,7,0,1,0,0,1,660,-1
0,33,0,2,0,0,0,3,-2.0,2.0,3,5,2,0,1,1,266,0
1,21,2,0,0,0,0,1,-1.0,1.0,1,7,0,0,7,0,1157,0
1,20,2,2,1,0,0,1,28.0,50.0,2,8,0,0,9,0,946,0
1,58,1,2,0,0,0,5,-1.0,1.0,3,2,1,0,0,1,755,0
1,22,2,0,0,0,0,0,0.0,0.0,3,7,0,0,4,2,871,-1
1,21,2,0,0,0,1,0,-1.0,1.0,3,8,0,0,8,0,1114,0
0,21,2,0,0,3,1,4,-1.0,463.0,8,7,0,0,7,0,489,0
0,22,2,2,0,0,0,2,-1.0,1.0,3,2,1,0,3,1,833,-1
1,27,0,2,0,0,0,5,0.0,0.0,7,8,0,0,6,2,951,-1
1,54,1,2,0,0,0,2,0.0,0.0,3,1,1,0,0,1,929,-1
1,49,1,0,0,0,0,11,-1.0,1.0,7,4,2,0,3,1,520,0
0,24,2,0,0,0,1,11,-1.0,1.0,8,8,0,0,7,0,692,0
1,45,1,2,0,0,0,0,0.0,0.0,3,0,1,0,0,1,511,-1
1,36,0,0,0,0,0,22,-1.0,1.0,7,8,0,0,9,0,597,-1
1,29,0,2,0,0,0,1,0.0,0.0,3,2,1,0,2,1,864,-1
0,48,1,2,0,0,0,0,0.0,0.0,8,0,1,0,0,1,808,-1
1,22,2,2,0,0,0,0,-1.0,1.0,2,2,1,0,4,2,1086,-1
0,25,0,2,0,0,0,0,0.0,1.0,3,3,1,0,3,1,492,0
0,24,2,0,0,0,0,0,0.0,0.0,3,1,1,0,1,1,516,-1
1,34,0,5,0,0,0,4,-1.0,1.0,3,4,2,0,2,1,540,-1
1,25,0,0,0,0,0,1,-1.0,1.0,7,2,1,0,4,2,471,-1
1,23,2,0,0,0,0,2,-1.0,1.0,3,4,2,0,7,0,293,0
1,21,2,2,0,0,0,1,-1.0,1.0,7,3,1,0,6,2,172,0
1,21,2,0,0,0,0,0,-1.0,1.0,7,8,0,0,8,0,957,-1
0,36,0,2,0,0,0,1,-1.0,1.0,1,1,1,0,1,1,792,-1
1,30,0,0,0,0,0,14,-1.0,0.0,1,7,0,0,2,1,522,0
0,44,0,0,0,1,0,11,-1.0,1.0,3,7,0,0,4,2,476,0
1,28,0,2,0,0,0,6,0.0,0.0,8,3,1,0,2,1,565,0
1,29,0,2,0,0,0,1,-66.0,66.0,3,2,1,0,4,2,764,-1
1,38,0,0,0,0,0,0,-1.0,1.0,7,7,0,0,7,0,771,0
0,57,1,0,0,0,0,0,-1.0,1.0,7,0,1,0,0,1,1177,-1
1,48,1,2,0,0,0,0,-1.0,1.0,3,1,1,0,0,1,798,-1
1,25,0,2,0,0,0,0,0.0,0.0,7,1,1,0,2,1,506,0
1,35,0,2,0,0,0,0,0.0,1.0,3,4,2,0,0,1,115,0
1,32,0,0,0,0,0,4,-1.0,1.0,3,5,2,0,2,1,891,0
1,22,2,3,0,0,0,1,-1.0,1.0,2,1,1,0,2,1,533,-1
1,27,0,0,0,0,0,3,-1.0,365.0,8,1,1,0,3,1,761,-1
0,39,0,2,0,0,0,0,-3.0,3.0,8,0,1,0,0,1,506,0
1,22,2,0,0,0,0,1,-1.0,1.0,3,4,2,0,6,2,763,-1
1,32,0,0,0,1,0,13,680.0,451.0,7,7,0,0,8,0,680,0
1,26,0,2,0,0,0,3,-1.0,1.0,8,1,1,0,1,1,1052,0
1,29,0,0,0,0,0,7,0.0,1.0,3,6,2,0,1,1,100,-1
1,22,2,2,0,0,0,3,0.0,1.0,7,9,0,0,5,2,223,0
1,32,0,0,0,0,0,5,-1.0,1.0,3,3,1,0,1,1,111,0
1,21,2,0,0,0,0,1,-21.0,22.0,6,6,2,0,7,0,897,0
1,25,0,0,0,0,0,3,-1.0,1.0,3,5,2,0,3,1,189,0
1,20,2,2,0,0,0,0,0.0,0.0,3,3,1,0,5,2,206,-1
1,26,0,2,0,0,0,0,-1.0,1.0,2,4,2,0,2,1,492,0
1,69,1,2,0,0,0,0,-1.0,1.0,7,0,1,0,0,1,505,-1
1,30,0,0,0,0,0,12,0.0,1.0,3,8,0,0,2,1,173,0
1,30,0,2,0,0,0,3,21.0,1309.0,1,1,1,0,1,1,1110,-1
1,67,1,0,0,0,0,3,-1.0,1.0,2,0,1,0,0,1,555,-1
0,41,0,0,0,0,0,8,0.0,0.0,3,7,0,0,3,1,1074,0
1,41,0,4,0,0,0,5,-18.0,18.0,3,1,1,0,1,1,562,-1
1,42,0,2,0,0,0,0,-1.0,1.0,7,0,1,0,0,1,543,-1
1,25,0,0,0,0,0,1,-1.0,1.0,3,1,1,0,2,1,1147,0
1,40,0,2,0,0,0,8,-28.0,28.0,3,7,0,0,8,0,1121,0
1,39,0,2,0,0,0,1,-3.0,4.0,3,2,1,0,3,1,137,-1
0,51,1,3,0,0,0,2,0.0,0.0,7,0,1,0,0,1,746,-1
1,23,2,5,0,0,0,0,-1.0,1.0,7,2,1,0,3,1,1165,0
1,28,0,4,0,0,0,2,-1.0,1.0,3,2,1,0,3,1,1071,-1
1,23,2,0,0,0,0,3,-1.0,1.0,3,9,0,0,7,0,515,0
1,22,2,2,0,0,0,0,-1.0,1.0,3,4,2,0,4,2,502,0
1,36,0,0,0,0,0,14,-1.0,1.0,2,6,2,0,2,1,1155,0
0,28,0,2,0,0,0,6,-1.0,1.0,8,9,0,0,8,0,106,0
0,52,1,2,0,0,0,0,-1.0,1.0,3,1,1,0,1,1,530,0
0,39,0,2,0,1,0,11,-1.0,1.0,3,5,2,0,2,1,743,0
1,22,2,2,0,0,2,0,-1.0,1.0,3,6,2,0,5,2,92,0
1,35,0,2,0,0,0,3,-1.0,0.0,7,3,1,0,3,1,1167,0
1,32,0,0,0,0,0,1,-1.0,1.0,3,4,2,0,4,2,415,0
1,22,2,3,0,0,0,0,-1.0,1.0,3,1,1,0,3,1,17,0
1,26,0,0,0,0,0,5,0.0,0.0,3,6,2,0,7,0,292,0
1,41,0,0,2,0,0,18,-1.0,1.0,7,9,0,0,7,0,1054,0
1,27,0,0,0,1,0,10,0.0,0.0,3,7,0,0,6,2,403,0
1,22,2,2,0,0,0,0,-1.0,1.0,8,2,1,0,4,2,599,0
0,28,0,2,0,0,0,0,-1.0,1.0,2,4,2,0,2,1,1173,-1
1,34,0,0,1,0,0,11,-1.0,1.0,2,7,0,0,3,1,679,0
1,21,2,2,0,0,0,1,-1.0,1.0,2,2,1,0,5,2,1126,-1
0,33,0,2,0,0,0,2,-29.0,29.0,3,1,1,0,0,1,1082,-1
1,29,0,0,0,0,0,1,0.0,0.0,7,1,1,0,1,1,681,0
0,23,2,0,0,0,0,2,-1.0,1.0,2,9,0,0,6,2,718,0
1,35,0,0,2,0,0,4,-1.0,1.0,3,7,0,0,3,1,1129,-1
1,31,0,2,0,0,0,1,-1.0,1.0,3,2,1,0,1,1,182,0
1,24,2,2,0,0,0,1,-37.0,37.0,3,2,1,0,2,1,58,-1
1,31,0,2,0,0,0,6,-1.0,1.0,7,6,2,0,2,1,799,-1
1,23,2,0,0,0,0,0,-1.0,1.0,3,7,0,0,7,0,21,0
1,22,2,0,0,0,0,1,-1.0,1.0,3,1,1,0,3,1,547,-1
0,38,0,0,0,0,0,14,-1.0,1.0,3,9,0,0,2,1,29,0
1,38,0,0,0,0,0,9,0.0,1.0,3,2,1,0,4,2,486,-1
1,29,0,2,0,0,0,2,-1.0,1.0,2,5,2,0,3,1,647,-1
1,44,0,2,0,0,0,0,-1.0,1.0,7,0,1,0,0,1,820,0
1,49,1,3,0,0,0,3,21.0,98.0,2,3,1,0,3,1,516,-1
1,21,2,0,1,0,2,1,-1.0,1.0,2,9,0,0,9,0,827,0
1,29,0,0,0,0,0,0,-1.0,1.0,3,4,2,0,2,1,1102,-1
1,59,1,0,0,0,0,5,0.0,2186.0,9,4,2,0,2,1,879,-1
1,51,1,2,0,0,0,1,-1.0,1.0,7,0,1,0,0,1,680,-1
1,32,0,2,0,0,0,3,-1.0,1.0,3,4,2,0,1,1,1172,-1
1,51,1,0,0,0,0,3,0.0,0.0,3,0,1,0,0,1,904,-1
1,21,2,0,0,0,0,0,-1.0,1.0,2,6,2,0,6,2,1172,-1
1,33,0,2,0,0,0,1,-2.0,2.0,2,0,1,0,0,1,1124,-1
1,59,1,0,0,0,0,3,-8.0,8.0,3,2,1,0,1,1,732,0
1,45,1,0,0,0,0,4,114.0,154.0,8,2,1,0,0,1,507,0
0,23,2,2,0,0,0,1,-1.0,1.0,2,2,1,0,2,1,469,-1
1,29,0,2,0,0,0,2,-1.0,1.0,7,1,1,0,1,1,726,0
1,26,0,0,0,1,0,7,-1.0,1.0,3,7,0,0,9,0,1108,-1
1,52,1,2,0,0,0,1,-1.0,1.0,3,0,1,0,0,1,892,-1
1,56,1,2,0,0,0,9,-24.0,24.0,7,0,1,0,0,1,103,0
1,60,1,0,0,0,0,9,-22.0,22.0,3,1,1,0,3,1,619,-1
0,42,0,2,0,0,0,5,-1.0,1.0,7,3,1,0,0,1,924,0
1,21,2,0,0,0,0,1,-1.0,1.0,3,3,1,0,5,2,92,0
1,26,0,0,0,0,0,1,0.0,1.0,3,5,2,0,6,2,1108,0
1,22,2,0,0,0,0,0,-1.0,1.0,2,6,2,0,6,2,308,0
0,45,1,1,0,0,0,6,-1.0,1.0,3,2,1,0,0,1,566,0
1,47,1,2,0,0,0,0,0.0,1.0,3,0,1,0,0,1,642,-1
1,35,0,2,0,0,0,2,-1.0,1.0,3,2,1,0,1,1,777,-1
1,42,0,0,0,0,0,17,-1.0,0.0,7,6,2,0,3,1,732,0
0,24,2,0,0,0,0,6,-1.0,1.0,8,5,2,0,6,2,711,-1
1,34,0,0,0,0,0,5,-1.0,1.0,3,1,1,0,0,1,1071,0
1,41,0,0,0,0,0,7,0.0,0.0,3,3,1,0,0,1,940,-1
1,24,2,0,0,0,0,1,-105.0,105.0,2,1,1,0,2,1,611,-1
1,30,0,0,0,0,0,12,0.0,1.0,3,8,0,0,2,1,29,0
1,19,2,0,0,0,0,1,-3.0,3.0,1,2,1,0,6,2,224,-1
1,61,1,2,0,0,0,0,0.0,0.0,7,0,1,0,0,1,1127,-1
1,21,2,0,0,0,0,0,-1.0,1.0,3,4,2,0,6,2,540,-1
0,21,2,0,0,0,0,0,-1.0,1.0,3,7,0,0,6,2,1072,0
1,24,2,0,0,0,0,3,0.0,0.0,3,4,2,0,2,1,599,0
1,23,2,2,0,0,0,0,-1.0,1.0,3,2,1,0,3,1,415,0
1,31,0,0,0,0,0,9,-1.0,1.0,8,7,0,0,7,0,507,0
1,42,0,0,0,0,0,1,0.0,0.0,7,5,2,0,2,1,21,0
1,56,1,2,0,0,0,0,0.0,1.0,7,0,1,0,0,1,1166,-1
1,37,0,2,0,0,0,1,0.0,0.0,3,1,1,0,0,1,141,0
1,26,0,0,0,0,0,0,-1.0,1.0,3,8,0,0,9,0,949,-1
1,28,0,0,0,0,0,1,-90.0,90.0,6,0,1,0,1,1,953,-1
1,26,0,0,0,0,0,5,0.0,0.0,3,6,2,0,7,0,923,0
1,29,0,0,0,0,0,5,0.0,0.0,3,5,2,0,2,1,1003,0
0,44,0,0,0,0,0,0,0.0,1.0,7,0,1,0,0,1,531,-1
1,21,2,0,4,0,0,4,622.0,68.0,3,6,2,0,7,0,1130,0
1,39,0,0,0,1,0,15,-1.0,1.0,3,8,0,0,1,1,475,-1
1,37,0,5,0,0,0,0,-1.0,1.0,7,0,1,0,0,1,858,-1
0,23,2,0,0,0,1,4,-1.0,1.0,3,9,0,0,7,0,471,-1
1,39,0,0,0,0,0,4,-32.0,0.0,3,1,1,0,1,1,43,-1
1,31,0,2,0,0,0,4,-1.0,1.0,3,6,2,0,1,1,247,0
1,61,1,3,0,0,0,0,-1.0,1.0,3,1,1,0,0,1,524,-1
1,30,0,0,0,0,0,0,0.0,1.0,3,3,1,0,2,1,1083,-1
1,38,0,0,0,0,0,1,-1.0,1.0,7,0,1,0,0,1,893,-1
0,49,1,3,0,0,0,1,33.0,35.0,3,0,1,0,0,1,715,-1
1,30,0,2,0,0,0,13,-1.0,1.0,3,5,2,0,1,1,451,-1
0,29,0,2,0,0,0,20,11.0,46.0,3,9,0,0,2,1,163,0
1,26,0,0,0,0,0,1,-1.0,1.0,3,8,0,0,6,2,704,0
1,41,0,0,0,0,0,0,0.0,0.0,8,0,1,0,0,1,815,-1
1,24,2,2,0,0,0,5,16.0,504.0,3,5,2,0,3,1,424,0
1,19,2,0,0,2,0,2,-1.0,1.0,3,9,0,0,8,0,83,0
0,64,1,3,0,0,0,0,-1.0,1.0,7,0,1,0,0,1,593,-1
1,33,0,0,0,0,0,0,-1.0,1.0,3,0,1,0,1,1,583,-1
1,44,0,3,0,0,0,7,-42.0,42.0,3,2,1,0,3,1,541,0
1,29,0,2,0,0,0,1,-1.0,61.0,8,9,0,0,9,0,1109,-1
1,25,0,2,0,2,1,9,0.0,0.0,2,8,0,0,8,0,1181,-1
1,36,0,0,0,0,0,15,-1.0,0.0,3,4,2,0,0,1,815,-1
1,48,1,2,0,0,0,0,-1.0,1.0,3,0,1,0,0,1,512,-1
0,35,0,0,0,0,0,0,-1.0,1.0,7,1,1,0,0,1,830,-1
1,21,2,0,0,0,0,2,0.0,0.0,3,9,0,0,9,0,376,0
1,33,0,0,0,0,0,0,-1.0,1.0,3,0,1,0,0,1,1060,-1
1,43,0,0,0,0,0,1,-1.0,1.0,3,0,1,0,0,1,914,-1
0,37,0,0,0,0,0,13,-1.0,1.0,3,5,2,0,2,1,1184,0
1,25,0,0,0,0,0,1,-18.0,18.0,3,3,1,0,3,1,19,0
1,47,1,2,0,0,0,0,-1.0,2.0,8,0,1,0,0,1,767,-1
1,27,0,2,0,2,1,13,-59.0,39.0,2,4,2,0,4,2,212,0
1,33,0,2,0,0,0,3,0.0,1.0,7,2,1,0,0,1,831,-1
1,22,2,5,0,0,0,0,-1.0,1.0,3,8,0,0,6,2,1150,-1
1,30,0,0,0,1,0,7,-1.0,0.0,7,9,0,0,8,0,506,-1
1,34,0,0,0,0,0,0,0.0,0.0,7,6,2,0,7,0,1136,0
1,36,0,0,0,0,0,7,-1.0,1.0,3,1,1,0,0,1,272,0
1,25,0,0,0,0,0,10,-1.0,1.0,6,6,2,0,7,0,1052,-1
1,20,2,0,0,3,0,3,0.0,0.0,3,7,0,0,7,0,279,0
1,66,1,5,0,0,0,0,-1.0,1.0,8,0,1,0,0,1,757,-1
1,41,0,5,0,0,0,0,-1.0,1.0,7,0,1,0,0,1,573,-1
1,22,2,0,0,0,1,0,0.0,0.0,7,8,0,0,6,2,363,0
1,59,1,0,0,0,0,8,-1.0,1.0,3,3,1,0,1,1,1086,0
1,58,1,2,0,0,0,5,-1.0,1.0,3,2,1,0,0,1,22,0
1,33,0,2,0,0,0,3,-42.0,43.0,3,4,2,0,2,1,990,-1
1,26,0,0,0,0,1,6,0.0,0.0,7,9,0,0,9,0,723,0
0,23,2,0,0,0,0,2,-1.0,1.0,3,6,2,0,4,2,269,0
1,37,0,2,0,0,0,0,-1.0,0.0,3,0,1,0,0,1,617,-1
0,29,0,0,0,0,0,2,64.0,34.0,3,9,0,0,9,0,1178,-1
1,22,2,0,0,0,0,5,-1.0,1.0,3,9,0,0,8,0,286,-1
0,48,1,2,0,0,0,0,-1.0,1.0,3,4,2,0,0,1,543,-1
1,49,1,2,0,0,0,1,-1.0,1.0,7,0,1,0,0,1,604,-1
1,30,0,2,0,0,1,6,-239.0,1.0,3,4,2,0,3,1,472,-1
1,33,0,2,0,0,0,0,-1.0,1.0,7,0,1,0,0,1,458,-1
1,31,0,0,3,0,1,15,-1.0,1.0,7,9,0,0,3,1,1175,0
1,34,0,2,0,0,0,1,0.0,0.0,1,0,1,0,0,1,661,-1
1,45,1,3,0,0,0,0,0.0,1.0,7,0,1,0,0,1,732,-1
0,52,1,0,0,0,0,1,-28.0,28.0,3,0,1,0,0,1,1136,-1
1,21,2,0,0,1,0,1,-1.0,1.0,7,3,1,0,6,2,967,0
1,23,2,0,0,0,0,0,0.0,1.0,3,2,1,0,3,1,146,0
1,19,2,0,0,0,0,1,-48.0,48.0,3,4,2,0,6,2,472,0
1,29,0,0,0,0,0,2,-1.0,1.0,6,5,2,0,2,1,1061,-1
0,24,2,2,0,0,0,9,-1.0,1.0,7,9,0,0,7,0,224,0
1,31,0,0,0,0,0,0,0.0,0.0,8,1,1,0,1,1,914,-1
1,23,2,0,0,0,0,0,0.0,1.0,3,6,2,0,4,2,887,0
1,23,2,5,0,0,0,4,-1.0,1.0,3,9,0,0,9,0,960,-1
1,29,0,0,0,0,0,6,-1.0,1.0,3,7,0,0,3,1,1073,0
1,42,0,3,0,0,0,1,0.0,1.0,2,0,1,0,0,1,65,0
1,27,0,2,0,0,0,1,-1.0,1.0,7,2,1,0,3,1,1038,-1
1,27,0,0,0,0,0,2,104.0,334.0,8,1,1,0,1,1,104,-1
1,26,0,3,0,0,1,3,-44.0,44.0,2,5,2,0,3,1,447,-1
1,26,0,0,0,0,0,6,-1.0,1.0,6,6,2,0,5,2,588,0
0,36,0,2,0,0,0,6,-50.0,50.0,3,6,2,0,1,1,620,-1
1,27,0,0,0,0,0,0,-1.0,1.0,7,0,1,0,1,1,235,0
1,25,0,0,1,2,0,9,43.0,20.0,3,8,0,0,8,0,645,0
1,21,2,0,0,0,1,1,0.0,0.0,3,9,0,0,9,0,172,0
1,51,1,2,0,0,0,3,-1.0,1.0,3,3,1,0,2,1,738,-1
1,44,0,0,0,0,1,16,-1.0,1.0,2,6,2,0,7,0,274,-1
