RevolvingUtilizationOfUnsecuredLines,age,NumberOfTime30-59DaysPastDueNotWorse,DebtRatio,MonthlyIncome,NumberOfOpenCreditLinesAndLoans,NumberOfTimes90DaysLate,NumberRealEstateLoansOrLines,NumberOfTime60-89DaysPastDueNotWorse,NumberOfDependents,target
0.040056138,56,1,0.198431011,6500.0,11,0,1,0,0,0
0.407626126,49,0,0.832055981,3000.0,11,0,1,0,0,1
0.9999999,42,1,0.110851506,3851.0,1,1,0,0,2,1
0.071226682,49,0,0.359534884,4299.0,15,0,1,0,1,0
0.099427079,39,0,0.913090294,6500.0,18,0,2,0,3,1
1.010366531,78,2,0.463752334,12855.0,10,0,1,1,0,1
0.043537345,57,0,0.302678682,8100.0,7,0,3,0,2,0
0.040254725,29,0,0.168369519,4697.0,11,0,0,0,0,0
0.717694775,52,3,0.418197725,8000.0,10,0,2,0,0,1
0.944044764,27,0,0.14089422,4584.0,7,0,0,0,1,0
0.0419985,65,0,0.044558698,1166.0,1,0,0,0,0,0
0.748067883,63,1,0.590440487,3200.0,9,0,1,0,2,0
0.262458472,48,1,2.304456476,2400.0,7,2,3,0,2,1
0.776743229,50,0,0.795702874,10890.0,17,0,4,0,0,1
0.780146163,49,0,0.153227742,8333.0,2,2,1,0,0,1
0.9999999,53,1,0.21299188,1600.0,2,4,0,0,0,1
0.128888174,60,0,0.017980895,5338.0,3,1,0,0,0,0
0.191473518,53,0,0.726372849,4242.0,12,0,2,0,0,1
0.136994044,35,0,0.021668514,78500.0,4,0,1,0,2,1
0.952095808,30,1,0.089636788,3000.0,10,0,0,0,0,1
0.033201283,25,0,0.018511662,2700.0,3,0,0,0,0,0
0.9999999,53,2,0.027643807,8500.0,3,0,0,0,2,1
0.628189745,43,0,0.135154437,5600.0,4,0,0,0,1,0
0.386406043,51,0,0.597476791,4200.0,10,0,1,0,3,1
0.071720753,57,0,0.571656559,3132.0,5,0,1,0,1,1
0.976007997,52,0,0.309815215,4166.0,4,0,0,0,0,1
0.241456569,37,1,0.808063979,3000.0,12,0,1,0,2,1
0.521801393,44,0,0.11936008,8000.0,4,0,0,0,2,1
0.366263374,67,0,0.028337062,4022.0,6,0,0,0,0,0
0.9999999,31,0,0.004663558,1500.0,1,1,0,0,1,1
0.079384123,57,0,0.001333172,8250.0,3,0,0,0,0,0
0.502095833,68,0,0.387224829,2770.0,10,0,1,0,0,1
0.048368954,53,0,0.390905355,7300.0,9,2,1,0,2,1
1.04361477,70,1,0.459259259,5804.0,7,1,1,0,0,1
1.03986711,38,4,0.101004464,14335.0,5,2,0,1,3,1
0.9999999,49,0,0.732667083,1600.0,5,0,0,0,0,0
0.0,68,0,0.105344733,20000.0,9,0,1,0,1,0
0.020545787,73,0,0.374156461,4000.0,6,0,1,0,0,0
0.290284674,68,0,0.230471191,8000.0,10,0,1,0,1,0
0.9999999,64,0,0.004470939,2683.0,1,1,0,0,0,1
0.003510061,49,0,0.000174171,11482.0,2,0,0,0,0,1
0.540962619,72,0,0.899299152,2710.0,20,0,1,0,0,0
0.9999999,43,2,0.058418761,7120.0,0,3,0,0,2,1
0.321204378,54,0,0.30696163,8000.0,9,0,3,0,3,0
0.9999999,27,0,0.157138394,3200.0,4,0,0,0,0,0
0.177700804,64,0,0.475378788,1583.0,7,0,1,0,3,0
0.441842805,25,1,0.202749141,3200.0,8,0,0,0,0,1
1.219560878,25,1,0.26982012,1500.0,3,3,0,1,2,0
0.98210179,50,1,0.377207597,3000.0,8,1,0,0,1,1
0.9999999,39,5,1.430356737,4400.0,9,0,5,0,0,1
0.116102365,56,1,0.037974684,1500.0,3,0,0,0,0,0
0.615887381,44,1,0.076164128,30000.0,7,0,1,0,0,0
0.820023223,33,0,0.142476254,6000.0,9,0,0,0,2,0
0.998833355,48,13,0.348063555,12083.0,15,0,1,0,3,1
0.995001136,37,0,0.321441843,2690.0,18,0,0,0,2,1
0.392163261,61,0,0.162841634,10500.0,10,0,1,0,0,0
0.9999999,30,0,0.46877602,1200.0,1,3,0,0,0,1
0.0,54,0,0.260832302,10500.0,8,0,1,0,0,0
0.056020548,42,0,0.635676932,1720.0,11,0,1,0,0,0
0.049291481,41,0,0.310133757,4410.0,7,0,1,0,0,0
0.212335483,75,0,0.514217861,16000.0,19,0,5,0,0,0
0.930855316,39,1,0.892384593,3400.0,9,0,2,0,2,1
0.683047168,33,0,0.530698659,7084.0,12,0,2,0,0,1
0.256522625,32,0,0.388575458,1417.0,7,0,0,0,0,0
0.9999999,39,1,0.440984999,3532.0,3,3,1,0,0,1
0.768199472,53,0,0.356263356,9826.0,13,0,2,0,2,0
0.418740607,43,1,0.600093327,15000.0,15,0,3,0,1,0
0.317253368,56,1,1.24915318,2656.0,8,0,2,0,0,1
1.059850374,28,0,0.005466615,2560.0,2,0,0,1,3,0
0.882957954,56,0,605.0,0.0,2,0,1,0,1,0
0.65553652,30,0,0.365454811,6848.0,5,0,2,0,2,0
0.297345914,70,0,0.542768274,4500.0,12,0,3,0,0,1
0.053613942,44,0,0.293966624,3115.0,6,0,1,0,1,0
0.9999999,48,0,0.0,2900.0,0,1,0,0,0,1
0.554379777,28,1,0.227874155,3400.0,3,0,1,0,0,1
0.586565225,45,0,0.540204983,12000.0,11,0,2,0,0,1
0.9999999,54,7,0.128733533,23000.0,10,1,2,2,1,1
0.077128572,53,0,0.13876652,6809.0,7,0,1,0,1,1
0.9999999,49,0,0.041650139,5041.0,2,0,0,1,0,1
1.172757475,50,1,0.283358321,2000.0,4,0,0,0,0,1
0.9999999,50,0,0.00886382,13650.0,1,0,0,0,3,1
0.063208322,37,1,0.46407656,7000.0,13,0,3,0,3,0
0.202263262,43,2,0.445610227,8291.0,7,0,2,0,1,1
0.353768403,56,1,0.387670092,3600.0,11,0,1,0,1,1
0.0,42,0,0.439217759,9459.0,7,0,2,0,0,0
0.065793421,69,0,0.551149617,3000.0,12,3,1,0,0,1
1.061938062,33,0,0.767246551,5000.0,7,2,1,0,0,1
0.77909288,46,0,0.98987276,3850.0,19,0,2,0,1,1
0.111743058,58,0,0.358269256,7672.0,6,0,1,0,0,0
0.570611308,58,0,1.265262597,3750.0,11,0,2,0,1,0
0.626758694,74,0,1.043978011,2000.0,8,0,1,0,0,0
0.017563242,87,0,0.003470368,7491.0,8,0,0,0,0,0
0.156745116,33,0,1.156445267,4320.0,8,0,2,0,0,1
0.027614677,43,0,0.216222702,8333.0,9,0,2,0,2,0
0.0,63,0,0.143655345,6800.0,6,0,1,0,1,0
0.085812638,27,0,0.188603799,3000.0,13,0,0,0,0,0
0.618659756,51,2,0.754577984,4750.0,10,1,2,2,2,1
0.618768328,53,3,0.30831873,9700.0,9,0,1,0,1,1
0.825669778,35,0,0.24335133,5000.0,5,0,0,0,0,0
0.020787331,64,0,0.309587574,5600.0,18,0,2,0,1,0
0.304242395,69,1,0.163043478,5703.0,6,0,0,0,1,1
0.642107158,46,1,0.498650135,10000.0,5,0,2,0,1,0
0.887721435,60,4,1.313895216,4389.0,12,0,2,0,1,0
0.049698287,58,0,0.700103413,2900.0,13,0,1,0,3,0
0.604276775,42,1,0.678264347,5000.0,17,0,1,1,2,1
0.645297966,45,0,2.040653116,3000.0,12,0,2,0,0,1
0.003088144,41,0,0.000181818,10999.0,5,0,0,0,3,0
0.573072147,55,0,0.483981571,9332.0,21,0,2,0,3,1
0.003797551,55,0,1.117660737,8600.0,27,0,7,0,0,1
0.44573864,49,0,0.565265313,6350.0,10,0,2,0,3,0
0.9999999,31,1,0.434688111,4600.0,3,0,2,3,2,1
0.028918137,44,0,0.23964004,9000.0,5,0,1,0,0,0
0.445703733,51,0,0.667607843,6374.0,15,0,2,0,0,0
1.932040605,46,1,0.777536518,5065.0,13,0,2,0,2,0
0.0,31,0,0.430122892,3498.0,10,0,1,0,0,1
0.41835095,39,0,0.285777113,11368.0,10,0,1,0,4,0
0.003717472,38,0,0.449420232,2500.0,8,0,1,0,1,0
0.920203735,60,0,0.698884758,2420.0,10,0,2,1,0,1
0.943505649,38,2,0.299500076,6600.0,6,0,1,2,1,1
0.0,61,0,0.225613234,3505.0,5,0,1,0,0,0
0.986710963,60,1,0.258421188,3888.0,4,0,1,0,0,1
0.9999999,33,0,0.651449517,3000.0,2,2,1,0,3,1
0.0,56,0,0.309665346,9083.0,8,0,2,0,1,0
0.396180542,82,1,0.40874036,3500.0,5,0,0,1,0,1
0.886018748,63,0,0.481669882,5700.0,7,0,1,0,0,0
0.9999999,25,1,0.085958771,2570.0,4,2,0,0,3,1
0.781020614,58,5,1.445030783,1136.0,5,0,1,2,3,1
0.9999999,32,2,0.068069014,4230.0,2,2,0,0,3,1
1.274656716,43,1,0.142713624,17916.0,5,0,0,0,0,0
0.9999999,37,3,0.255739455,1872.0,0,3,0,1,2,1
0.000206308,85,0,0.0,3966.0,6,0,0,0,0,0
0.9999999,39,0,0.35254915,3000.0,3,0,1,0,1,1
0.9999999,36,2,0.211518684,2916.0,7,1,0,0,0,1
0.9999999,38,0,0.0,2666.0,0,0,0,0,2,1
0.0,82,0,0.151777575,2193.0,4,0,0,0,0,0
0.9999999,25,0,0.037613489,3083.0,2,1,0,0,0,1
0.988023952,38,1,0.729276896,2267.0,4,2,1,2,0,1
0.153523081,41,1,0.396733696,9000.0,17,0,1,0,2,1
0.9999999,66,0,0.173842896,9916.0,3,0,2,0,1,1
0.648918911,43,3,0.631462118,17118.0,23,1,8,1,1,1
0.833020638,56,0,0.648425882,39672.0,18,0,8,0,0,1
0.0,43,1,0.022837236,10333.0,7,0,0,0,0,1
0.594312722,44,0,0.991716652,3500.0,9,0,1,0,1,1
0.300801546,57,0,0.764812713,4404.0,11,0,1,0,0,0
0.049762247,45,0,0.099440149,3750.0,9,0,0,0,0,0
0.185868386,38,0,0.430214486,3216.0,11,0,1,0,3,1
0.16536001,71,0,0.349833333,5999.0,11,0,2,0,0,0
0.5378015,50,5,0.113596746,3441.0,8,1,0,1,1,1
0.169072728,49,1,2627.0,0.0,9,0,1,0,2,0
0.386038373,28,1,0.186232505,3500.0,7,0,0,0,0,1
0.725025271,54,1,0.742984205,6520.0,10,0,2,0,1,1
0.033907171,61,0,0.029544769,6633.0,7,0,0,0,2,0
0.626059232,58,0,0.859134415,4805.0,11,0,2,0,1,0
0.685988373,59,0,0.322432655,8500.0,6,0,1,0,1,1
0.0,46,2,0.296673717,5200.0,4,2,1,1,2,1
0.573821582,26,0,0.141716567,5510.0,9,0,0,0,1,1
0.0,58,0,0.002220988,1800.0,8,0,0,0,1,0
0.9999999,49,0,0.024958403,600.0,0,0,0,0,1,1
0.035928144,60,1,0.120852641,5394.0,2,0,0,0,0,0
0.9999999,47,0,0.313665546,3270.0,4,2,1,1,2,1
0.9999999,54,0,0.621786065,10189.0,8,0,1,1,0,1
0.017346718,57,0,0.137345394,5416.0,13,0,1,0,1,0
0.9999999,44,0,0.405885619,1800.0,2,0,0,0,1,1
0.014284694,62,0,0.286489574,3500.0,4,0,0,0,0,0
0.019855725,31,0,0.106094808,3100.0,6,0,0,0,1,0
0.297996096,50,1,0.381981154,4350.0,12,0,2,0,2,0
0.082964754,56,0,0.376311844,2000.0,6,0,1,0,0,0
0.172663815,51,0,0.538976798,10300.0,12,0,1,0,0,0
0.9999999,31,1,0.678390749,4150.0,3,2,3,3,1,1
0.090427815,53,0,0.278196778,5833.0,6,0,1,0,0,0
0.042184483,70,0,0.19907755,9322.0,6,0,1,0,1,0
0.952629292,65,1,1.086778737,2200.0,4,0,1,1,1,1
1.012496876,30,5,0.198286122,4200.0,5,0,0,1,2,1
0.511912485,36,0,0.690903215,6188.0,11,0,2,1,2,1
0.936553172,65,3,0.441912232,9433.0,6,0,2,0,0,0
0.0,51,0,0.26549106,4082.0,3,0,1,0,1,0
0.623845566,29,0,0.24515097,5000.0,7,0,0,1,1,1
0.138129187,40,0,0.455681737,14000.0,16,0,3,0,0,1
0.152365749,43,0,1.167356227,4833.0,11,0,4,0,0,1
1.053814311,61,3,0.48290804,6230.0,12,2,2,1,0,1
0.676928671,41,1,0.449091818,6000.0,11,0,2,0,1,1
0.262457429,63,0,0.200921852,4772.0,9,0,0,0,1,0
1.062215309,45,3,2.030193961,5000.0,14,0,4,1,1,1
0.243543326,64,0,0.325477917,12135.0,6,0,2,0,1,0
0.904023994,41,1,0.043582294,5850.0,5,0,0,0,0,1
0.162508566,32,0,0.354303358,2590.0,9,0,0,0,0,0
0.925349922,30,0,0.109617373,966.0,3,0,0,0,1,1
0.624614172,43,0,0.700814762,8345.0,14,0,2,0,1,0
0.014031819,33,0,0.24091339,7400.0,7,0,2,0,0,1
0.07920536,47,0,0.411817853,5533.0,11,0,2,0,1,1
0.087043712,68,0,0.037984806,2500.0,5,0,0,0,0,0
0.712203921,52,1,0.210375944,35350.0,17,0,2,0,3,0
0.618335726,36,1,0.197819528,29167.0,11,0,2,0,3,1
0.955233554,41,0,0.16726182,7000.0,4,0,0,0,2,1
0.553482173,62,0,1.950248756,200.0,7,0,0,0,0,0
0.0,52,0,0.35782649,3238.0,9,0,1,0,3,0
1.036720596,40,1,0.256956372,2910.0,8,0,0,0,3,1
0.008351557,80,1,0.057438062,9000.0,6,0,0,0,0,0
0.028667199,48,0,0.142455483,3200.0,14,0,1,0,0,0
0.9999999,40,0,0.201119872,8750.0,8,0,2,0,2,0
0.004042728,67,0,0.193440875,7500.0,7,0,1,0,1,0
0.018224839,79,0,0.24243939,8001.0,5,0,1,0,0,0
0.96969112,50,1,0.469316335,8000.0,8,0,2,0,3,1
0.061411549,31,0,0.008796481,2500.0,4,0,0,0,0,0
0.650820665,68,0,0.579335108,16152.0,8,0,2,0,0,1
0.054651859,32,0,0.273064839,3500.0,4,0,1,0,0,0
0.195260893,51,0,2.331880528,7800.0,10,0,8,0,0,0
0.004813859,88,0,0.073352954,4416.0,13,0,0,0,1,0
0.002451723,54,0,0.263615696,10116.0,14,0,1,0,2,0
0.015346231,65,0,0.006079027,3618.0,12,0,0,0,0,0
0.338512764,24,0,0.008142117,1350.0,2,0,0,1,0,1
0.334235166,42,0,0.367726455,5000.0,11,0,1,0,0,1
0.367991637,89,0,0.281906031,3000.0,5,0,1,0,0,0
0.010979544,56,0,0.003237787,10500.0,10,0,0,0,0,0
0.236636182,51,0,0.152472929,3416.0,18,0,0,0,0,0
0.039878317,29,0,0.026086957,1494.0,3,0,0,0,0,0
1.083405734,55,3,0.490218316,3526.0,10,0,1,1,1,1
0.99363752,36,0,0.512851897,2450.0,9,0,0,0,1,1
0.029744373,61,0,1.016541059,10216.0,18,0,6,0,0,1
0.9999999,43,1,0.240474703,1600.0,3,4,0,0,0,1
0.968832696,24,0,0.09352518,1250.0,5,0,0,0,0,1
1577.0,37,0,0.479826307,5526.0,11,0,2,0,2,1
1.118453628,48,0,0.038192362,5000.0,5,1,0,0,3,1
0.511774928,68,0,2.091954023,2000.0,17,0,2,0,0,0
0.952859014,53,2,0.508998,4500.0,26,0,1,2,2,1
0.208050838,62,1,0.105189481,10000.0,4,0,0,1,0,0
0.007992008,28,0,0.076470588,3059.0,3,0,0,0,0,0
0.045552803,73,0,0.404132415,4500.0,5,0,1,0,1,0
0.513582881,49,1,2.30620985,1400.0,16,0,1,0,0,1
0.914017197,49,5,0.451794278,6046.0,5,2,2,0,0,1
0.001903058,55,0,0.335640671,6500.0,22,0,2,0,0,0
0.520417391,81,1,1.535916824,1057.0,15,0,2,2,0,1
0.378092332,34,0,0.638289369,2501.0,8,0,1,0,1,0
0.508191332,52,0,0.666894946,7300.0,12,0,1,0,0,0
0.0,78,0,0.069572171,2500.0,4,0,0,0,0,0
0.9999999,39,0,0.0,3200.0,0,2,0,0,0,1
0.678472436,60,4,0.375385973,6800.0,10,0,1,1,1,1
0.434871335,48,0,0.341430499,3704.0,7,0,1,0,1,1
0.9999999,45,2,0.380927566,1918.0,6,0,2,0,2,1
0.211608827,73,0,0.249903883,2600.0,5,0,0,0,0,0
0.645177411,26,0,0.168842472,2297.0,2,0,0,0,0,1
1.00159968,42,1,0.083563748,3254.0,3,1,0,0,4,1
0.9999999,25,98,0.0,3360.0,0,98,0,98,0,1
0.0,82,0,0.001999,2000.0,6,0,0,0,0,0
0.837162837,25,0,0.033143705,4042.0,2,0,0,0,0,0
0.029339024,70,0,0.022044088,4490.0,5,0,0,0,0,0
0.299769583,60,2,0.740831296,4907.0,12,0,1,0,1,0
0.08491726,47,0,0.285714286,17618.0,11,0,1,0,4,0
0.003555443,81,0,0.480812641,3100.0,16,0,2,0,0,0
0.754126846,47,0,0.065313779,5863.0,4,0,0,1,2,1
0.06608909,65,0,0.309167166,6675.0,10,0,1,0,0,0
0.029816467,68,0,0.175139978,4464.0,12,0,1,0,1,0
0.189325867,43,0,0.568725483,13000.0,8,0,2,0,3,0
0.010510489,69,0,0.068417957,5100.0,6,0,1,0,0,0
0.244656384,55,0,0.354100669,8522.0,13,0,1,0,5,0
0.201796331,36,0,0.268774704,6830.0,3,1,1,0,3,1
0.9999999,37,0,0.334832584,2000.0,3,3,0,1,2,1
0.831646044,49,1,0.310229923,3000.0,3,2,0,0,0,1
1.070428794,32,2,0.717183425,3450.0,14,1,1,4,1,1
0.654859219,22,0,0.142605116,3400.0,3,0,0,1,1,0
0.094389172,62,0,0.134424643,12400.0,15,0,1,0,0,0
0.840600935,55,0,0.429737141,14950.0,14,0,2,0,1,0
1.033202428,37,0,0.04996215,5283.0,5,0,0,0,3,1
0.04705109,48,0,0.08906392,3300.0,11,0,0,0,0,0
0.031778166,54,0,0.149606299,8000.0,8,0,1,0,0,0
0.629914664,66,1,0.587872892,3083.0,14,0,1,0,0,1
0.9999999,47,4,705.0,0.0,4,0,0,0,0,0
0.03322036,66,0,0.038262371,3475.0,5,0,0,0,1,0
0.507702543,68,0,0.242709893,11350.0,5,0,1,0,1,0
0.612181958,36,3,0.23194341,2685.0,7,1,0,1,1,1
0.025887011,82,1,0.016198704,925.0,1,0,0,0,0,0
0.99440112,64,2,0.546542235,4178.0,4,1,0,1,3,1
0.9999999,32,0,0.0,3086.0,0,2,0,0,3,1
0.643074456,65,0,0.84240886,4333.0,13,0,2,0,1,0
0.9999999,43,2,0.801427934,2240.0,4,2,1,1,0,1
0.506986028,42,1,0.2790491,4500.0,7,0,1,0,2,1
0.0,45,0,0.403704026,11500.0,6,0,1,0,2,0
0.739464418,67,0,1.083739199,6364.0,22,0,9,0,0,1
1.34620506,74,1,0.124943208,2200.0,5,3,0,1,0,1
1.006644518,36,0,0.001999556,4500.0,1,0,0,0,3,1
0.041414122,49,1,0.423995103,4900.0,16,0,2,1,1,0
0.769653638,46,0,0.774163445,7500.0,17,0,3,0,2,0
0.181204699,67,0,0.11059044,3200.0,3,0,1,0,0,0
0.9999999,27,0,0.049937578,800.0,2,0,0,0,2,1
0.0,51,1,0.160167966,5000.0,11,1,1,0,1,1
0.132632473,64,0,0.238030917,13325.0,11,0,1,0,0,0
0.9999999,34,0,0.254256527,6166.0,5,1,1,1,2,1
0.112384863,81,1,3.747048186,9400.0,24,0,2,0,1,0
0.104236864,59,0,0.020691571,7200.0,4,0,0,0,0,0
0.013553159,31,0,0.214493961,2400.0,7,0,0,0,0,0
0.873127734,34,0,1.96310241,2655.0,11,0,0,0,2,1
0.279811114,70,0,0.150916448,4200.0,4,0,0,0,0,0
0.639272146,37,0,1.036654449,3000.0,3,0,1,0,0,0
0.9999999,44,0,0.00933126,4500.0,0,2,0,0,0,1
0.719618958,78,0,0.851276915,3993.0,19,0,2,0,0,0
0.9999999,55,0,0.426770969,2300.0,3,0,1,0,0,1
0.329094183,48,0,0.268591772,7583.0,8,0,0,0,1,0
0.50499002,28,2,0.141176471,3484.0,3,0,0,0,2,1
0.324031653,29,1,0.053654024,1080.0,4,1,0,0,0,1
0.0,47,0,0.433990281,7407.0,9,0,1,0,2,0
0.9999999,28,0,0.254477301,2400.0,6,0,0,0,0,1
1.160557407,43,3,0.38626087,11499.0,9,1,1,1,2,1
0.1299935,44,0,0.358180202,6747.0,6,0,1,0,1,0
1.127041742,25,0,0.028851388,1836.0,2,1,0,0,0,1
0.373253493,53,0,3.52529669,1600.0,6,3,2,0,0,1
0.124682962,53,0,2.123125852,2200.0,12,0,2,0,0,0
0.651049779,37,0,0.215900976,4200.0,6,0,0,0,0,1
0.044037855,74,0,0.001993797,4513.0,4,0,0,0,0,0
0.66474682,27,0,0.095444238,4850.0,7,0,0,0,0,0
1.019993336,39,0,0.630441309,3330.0,9,0,0,0,2,1
0.067512585,43,0,0.44723563,9115.0,4,0,2,0,0,0
0.012286816,75,0,0.009998182,5500.0,9,0,0,0,0,0
0.620474407,41,0,0.003570518,3920.0,2,0,0,0,1,1
0.534219582,48,0,0.514632849,11275.0,11,0,6,0,0,1
0.645534179,67,1,0.371314343,2000.0,10,0,0,0,0,1
0.0,72,0,0.002377456,14300.0,11,0,0,2,1,1
0.645240878,27,0,0.169216785,6600.0,8,0,2,0,0,1
0.049016982,79,0,0.016196761,5000.0,5,0,0,0,0,0
0.260396776,67,1,0.28333683,14300.0,20,0,0,0,0,1
0.471283185,43,1,0.789190401,8917.0,10,0,3,0,2,1
1.006644518,39,0,0.062978031,6144.0,2,2,0,0,1,1
0.749287749,52,1,0.460643519,5500.0,5,1,1,0,0,1
0.041197254,28,0,0.615353858,2500.0,14,0,1,0,1,0
0.962075848,26,0,0.183865778,4350.0,3,1,0,0,0,1
0.915394707,58,2,0.603046775,14900.0,14,0,6,0,0,1
0.9999999,32,2,0.020583717,9764.0,2,0,0,0,4,0
0.010942277,60,0,0.582382874,5698.0,17,0,2,0,0,1
0.0412714,60,0,0.015687393,3505.0,7,0,0,0,0,0
0.007128083,64,0,0.003199147,3750.0,10,0,0,0,0,0
0.9999999,32,0,0.066438176,3792.0,5,2,0,0,0,1
0.031819682,88,1,0.011159107,8333.0,10,0,0,0,0,1
0.9999999,33,0,0.340274885,2400.0,2,1,0,0,1,1
1.286068717,45,2,0.297283786,6000.0,12,0,0,0,1,1
0.011033007,74,0,0.379072442,2608.0,14,0,1,0,0,0
0.013060343,59,0,0.582555859,20900.0,10,0,3,0,2,1
0.9999999,62,8,0.800428418,2800.0,13,2,1,3,0,1
0.393450819,33,0,0.19460501,4151.0,8,0,1,0,3,0
0.0,66,0,0.410338226,4700.0,9,0,1,1,0,0
0.823917608,67,0,0.155658019,18000.0,6,0,1,0,0,1
0.9999999,39,3,0.20783848,1683.0,2,2,0,0,3,1
0.9999999,33,0,0.136621126,3000.0,1,0,0,1,0,1
0.985657748,57,0,0.971565731,5415.0,15,0,1,0,0,1
0.039225692,68,0,0.184687902,7000.0,9,0,0,0,0,0
0.515930407,53,0,0.931013797,5000.0,14,0,3,0,1,1
0.10200768,80,1,0.197072474,2800.0,12,0,1,0,0,0
0.444950645,53,0,0.020725389,3280.0,6,0,0,0,0,0
0.872500126,34,0,0.544186047,2579.0,6,0,0,0,0,1
0.61878713,46,0,0.392737162,6250.0,5,0,2,0,1,0
0.646706587,46,0,0.002014099,6950.0,2,0,0,1,2,1
0.520710329,56,0,0.857976315,11483.0,26,0,2,0,2,1
0.0,61,0,0.286305337,7250.0,5,0,1,0,0,0
0.51590416,73,0,0.888808403,2760.0,10,0,2,1,0,1
0.081091891,29,1,0.005440943,4410.0,3,0,0,0,0,0
0.9999999,57,1,0.122238586,4073.0,1,1,0,0,1,0
0.558521287,50,0,0.211545973,12800.0,21,0,1,0,1,0
0.380052096,34,1,0.686444008,2544.0,9,0,1,0,1,0
0.151491444,31,0,0.25901242,3300.0,9,0,0,0,0,0
0.076526268,41,0,0.266600944,14200.0,12,0,4,1,0,0
0.9999999,28,1,0.059033563,4200.0,3,0,0,0,0,0
0.9999999,52,2,0.893759287,1345.0,2,1,1,3,1,1
0.592266713,38,0,0.458188282,13500.0,13,0,4,0,3,1
1.026578073,52,0,0.001912046,4706.0,1,0,0,0,0,1
0.278703667,32,0,0.788538427,2250.0,7,0,2,0,1,1
0.167395815,61,0,0.254524719,20166.0,5,0,1,0,1,0
0.11413392,33,1,0.073366834,2984.0,6,0,0,0,0,0
0.9999999,29,0,0.282264779,1200.0,2,2,0,0,1,1
0.144125959,39,0,0.42767631,7500.0,12,0,1,0,2,0
0.927349478,24,0,0.405240707,1640.0,6,0,0,0,0,1
0.623858226,36,0,0.223106495,14826.0,8,0,1,0,0,0
1.416131335,29,4,0.363754889,2300.0,7,0,0,3,0,1
0.990067329,39,3,0.13763798,10236.0,5,2,0,3,2,1
0.317269854,36,0,0.050119332,2932.0,2,0,0,0,0,0
0.778702163,49,1,0.06572457,7500.0,4,1,0,1,0,1
0.989273702,31,1,0.23608903,3773.0,7,0,0,1,0,1
0.262862488,30,0,0.228489825,2800.0,6,0,0,0,0,0
0.684422078,36,0,2.332425068,1100.0,16,0,1,0,2,1
0.868657272,54,0,0.785553969,4900.0,15,1,2,0,0,1
0.912653718,30,1,0.554893194,2012.0,5,0,1,0,0,0
0.000819186,87,0,0.0,8078.0,3,0,0,0,0,0
0.9999999,41,1,0.152532886,3572.0,2,0,0,0,1,1
0.096384334,53,0,0.352680549,2256.0,11,0,0,0,1,0
0.9999999,32,1,0.298995622,3882.0,6,0,0,0,3,0
0.902013998,49,0,0.5256386,5284.0,5,1,1,0,2,1
0.9999999,23,0,0.0,1600.0,1,0,0,0,0,0
0.807245438,56,0,0.292312996,2900.0,11,0,0,0,0,1
0.005741963,27,1,0.039889959,2907.0,9,0,0,0,0,0
0.251963255,33,0,0.216556689,5000.0,12,0,0,0,0,1
0.07559622,42,1,0.568886223,5000.0,20,0,2,0,0,0
0.360501418,64,0,0.59710106,7450.0,13,0,2,0,0,0
1.074179743,28,1,0.063541435,4500.0,3,5,0,0,0,1
0.084739643,60,1,0.226163552,8400.0,12,0,1,0,0,0
0.42049669,49,2,2.052173913,2299.0,10,0,1,1,0,1
0.709264605,53,4,0.30692583,14250.0,18,1,1,0,2,1
1.052193226,40,4,0.044501774,3100.0,8,0,0,0,1,1
0.022570702,65,0,0.008543901,5500.0,6,0,0,0,1,0
0.10640932,64,0,0.242328875,3812.0,16,0,1,0,0,0
0.016353693,73,0,0.020395921,3333.0,8,0,0,0,0,1
0.9999999,76,0,0.422161172,1091.0,4,0,0,0,0,0
0.32561918,53,0,0.109129066,4764.0,11,0,0,0,0,1
0.929642445,27,0,0.229481516,4300.0,6,1,0,1,2,1
0.043919698,41,0,0.117306681,1900.0,8,0,0,0,0,0
0.0,58,0,0.018947864,16993.0,5,0,1,0,0,0
0.554100702,30,0,0.37704918,2500.0,9,0,0,0,0,1
0.903946248,52,0,1.706146927,2000.0,9,0,2,1,0,1
0.176712405,58,3,0.69035533,4333.0,8,0,1,0,0,0
0.011347607,52,0,0.39537812,13500.0,7,0,2,0,2,0
0.768468349,59,0,0.296518805,12150.0,4,0,2,0,2,0
0.449829873,47,1,0.220602613,11250.0,8,0,1,1,4,0
1.043827367,33,2,0.764004337,8300.0,10,0,3,0,0,1
0.310518247,60,0,0.360493019,9167.0,23,0,1,0,0,0
0.083934393,49,0,0.042263849,15000.0,8,0,0,0,0,0
0.163540998,76,0,0.110845468,4600.0,4,0,0,0,0,1
0.9999999,41,0,0.579477292,4667.0,2,2,1,1,1,1
0.085639231,66,0,0.252084604,9833.0,14,0,2,0,1,0
0.745564404,58,1,0.814382499,12250.0,15,0,4,0,0,0
1.039481324,45,0,0.05974765,8083.0,2,0,0,0,0,0
0.304453133,57,1,0.387419165,1700.0,11,0,0,0,0,1
1.271080575,31,3,0.035988004,3000.0,4,1,0,0,0,1
0.791520848,49,0,0.829931973,1910.0,6,1,1,0,0,0
0.052853584,42,0,0.506521224,4216.0,7,0,1,0,0,0
0.448310971,40,0,0.746590627,4032.0,9,0,1,0,2,1
0.133706487,57,0,0.122250785,3500.0,7,0,0,0,2,0
0.873535854,41,0,0.219670359,3700.0,4,0,0,0,0,0
0.069592349,61,1,0.265323924,12610.0,18,0,1,0,3,0
0.002713784,87,0,0.086652225,6000.0,11,0,1,0,0,0
0.0349002,69,0,0.088151975,6000.0,9,0,0,0,0,0
0.576481283,43,0,0.431712192,1500.0,7,0,0,0,0,0
0.002567394,59,2,0.000768935,2600.0,5,1,0,0,0,1
0.027065376,55,0,0.228706405,7196.0,17,0,2,0,0,0
0.039055404,34,1,0.334261838,3230.0,6,0,0,1,2,1
0.23554247,47,1,0.848860456,2500.0,11,0,2,0,3,1
0.9999999,64,1,0.0,2400.0,1,1,0,0,0,0
0.637362637,25,1,0.0223398,1700.0,2,0,0,0,0,1
0.9999999,30,1,0.575757576,3200.0,6,0,1,0,1,0
0.871419054,48,0,0.285357321,2000.0,8,0,1,0,2,1
0.023308812,69,0,0.122058529,15000.0,13,0,1,0,0,0
0.0,59,0,0.04356655,5416.0,12,0,0,0,0,0
0.23516069,45,0,0.402213038,7500.0,14,0,1,0,0,0
0.133592557,33,0,0.089370177,4016.0,5,0,0,0,2,0
0.018107966,31,0,0.178912352,6913.0,10,2,0,0,4,1
0.072582643,48,0,0.235464231,13139.0,16,0,4,0,1,0
0.74690124,56,0,0.790546047,2453.0,10,0,2,0,0,1
1.22713507,31,4,0.160144689,3040.0,8,0,0,0,2,1
0.001602393,61,0,0.355582898,3250.0,12,0,1,0,1,1
2.099009901,43,0,0.03331945,2400.0,1,0,0,0,0,0
0.391629986,50,0,0.595613369,10531.0,11,0,3,0,0,0
0.48166997,48,2,0.467359341,5100.0,13,0,0,1,0,0
0.399228682,42,1,0.376005852,4100.0,10,0,1,0,0,1
0.06316574,36,0,0.288570989,6500.0,15,0,2,0,2,0
0.091155922,39,0,0.447712691,12000.0,10,0,2,0,2,1
0.691623789,45,0,0.56922715,8500.0,17,0,4,0,1,1
0.203512976,41,0,0.561815106,13596.0,15,0,6,0,0,0
0.860953777,67,2,0.435065826,14583.0,15,0,2,0,1,1
0.549049445,33,0,2.585350023,10784.0,9,0,0,0,0,0
0.9999999,61,1,0.467365028,1240.0,2,0,0,0,0,1
0.774976935,46,1,1.015328224,3000.0,10,0,0,5,1,1
0.562510077,37,3,0.42564896,5816.0,14,0,1,0,1,1
0.95978698,73,3,0.724372955,3667.0,9,0,1,1,0,1
0.33426866,50,0,0.051121544,3833.0,3,0,0,0,1,0
0.732353834,35,0,0.460928507,7818.0,16,0,2,0,0,1
0.0,33,1,0.565210572,12750.0,5,0,2,0,0,1
0.065780622,63,0,1.441899209,2400.0,13,0,2,0,0,1
0.01613424,80,0,0.382468107,7916.0,17,0,2,0,0,0
0.060513318,60,0,0.158841348,5281.0,7,0,1,0,0,0
0.9999999,21,0,0.0,2600.0,1,0,0,0,0,1
0.922708419,46,0,0.514435696,8000.0,9,0,2,0,2,1
0.973782548,54,0,0.747276955,8170.0,17,0,2,0,0,1
0.095000066,42,0,0.433298862,2900.0,9,0,0,0,2,0
0.937800815,44,2,0.969653695,2800.0,10,0,1,0,0,1
0.949236022,57,3,0.521766429,14333.0,15,0,3,1,1,1
0.0,68,0,0.375454846,3022.0,5,0,1,0,3,0
3818.0,39,2,1.154265467,3668.0,12,1,2,0,0,1
0.83978373,52,0,0.377145249,7166.0,14,0,1,0,0,1
0.393552664,37,0,1.175164967,5000.0,17,0,3,0,0,1
0.537629205,49,0,0.696509582,10800.0,26,0,2,0,4,1
0.827742256,51,0,1.148550207,7000.0,17,1,1,0,1,0
0.42017437,40,1,0.62129451,5700.0,9,0,2,0,2,0
0.736723641,61,3,0.722875287,7400.0,14,1,3,1,0,1
0.865814437,54,1,0.361725664,8135.0,11,0,2,3,2,1
0.10995451,59,1,0.395382817,6843.0,6,0,1,0,0,0
0.164359383,62,0,0.398811564,8750.0,13,0,1,0,0,0
0.778911799,56,0,0.588584766,4712.0,15,0,1,0,2,1
0.895728527,52,2,49112.0,0.0,16,0,1,0,0,0
0.289104052,55,3,0.344992159,14666.0,19,0,1,0,1,1
0.059165618,68,0,0.199629104,9166.0,8,0,2,0,0,0
0.025655592,44,0,0.437427095,6000.0,8,0,1,0,0,0
0.834837325,50,3,2.3988006,2000.0,7,0,1,0,1,1
0.915197313,32,2,0.642622352,5475.0,10,0,2,0,2,1
0.067426162,56,0,0.026493377,4000.0,8,0,0,0,0,0
0.221809949,31,0,0.073514997,5100.0,3,0,0,0,0,0
0.9999999,61,0,0.253266332,8954.0,3,0,2,0,0,0
1.143426295,25,0,0.134289439,2300.0,2,0,0,0,0,1
0.0,51,0,0.339732054,5000.0,8,0,1,0,0,0
0.500989899,47,2,2.485255031,7900.0,19,0,9,0,0,1
0.212392222,67,0,0.152167297,23000.0,29,0,2,0,0,0
0.0,65,0,0.364654138,2500.0,13,0,0,0,1,0
0.012923455,43,0,0.367477366,5632.0,14,0,2,0,2,0
0.9999999,62,1,0.363481644,4112.0,5,0,1,1,1,1
0.9999999,36,1,0.0,7000.0,0,2,0,0,0,0
0.070384351,56,1,0.879529638,4166.0,19,0,2,1,2,1
0.878866896,40,0,0.147170566,5000.0,8,0,0,0,5,0
0.031936128,21,0,0.0,0.0,1,0,0,0,0,0
0.786172232,50,0,0.635830445,3750.0,8,0,0,0,2,0
0.876017712,44,5,0.691864651,4166.0,14,1,1,2,3,1
0.097917495,60,0,0.118985387,16833.0,5,0,2,0,2,0
0.750240723,57,0,1.105648229,3416.0,5,0,2,0,1,0
0.888119954,43,0,0.157022548,3680.0,5,0,0,0,2,1
0.9999999,63,0,0.105226236,8552.0,2,0,1,0,0,0
0.001428554,57,0,0.000155836,19250.0,9,0,0,0,3,0
0.0,60,0,0.0,7391.0,3,0,0,0,0,0
0.0,47,0,1.059697103,6800.0,11,0,2,0,2,0
0.218348872,43,0,2803.0,0.0,6,0,2,0,1,1
0.49983872,36,1,0.137136735,7466.0,9,0,0,0,1,0
0.485836049,40,0,0.390186415,9333.0,9,0,2,0,2,0
0.829351536,41,3,0.279297023,13200.0,7,0,1,0,0,1
0.9999999,36,1,0.039284325,2570.0,0,1,0,1,0,0
0.042632162,53,0,0.473863314,10578.0,10,0,2,0,0,1
0.9999999,24,0,0.098901099,1000.0,3,1,0,0,0,1
0.174181919,57,0,0.29263484,7100.0,9,1,1,0,0,0
0.316947175,40,1,0.211964673,6000.0,9,0,1,0,0,1
0.34650918,44,0,0.353479624,7974.0,9,0,2,0,0,0
0.840035548,44,1,0.661267746,5000.0,6,0,2,0,1,1
0.747859488,38,0,856.0,1.0,9,0,0,0,0,1
0.907388766,72,1,0.558452847,2300.0,6,1,2,0,0,1
0.188407008,53,0,0.160139977,6000.0,8,1,1,0,0,1
0.9999999,62,0,1.055177929,2500.0,3,0,1,0,1,0
0.914512237,44,2,0.496687229,4376.0,3,2,0,0,1,1
0.004396358,80,0,0.23319682,4150.0,10,0,2,0,1,0
0.9999999,63,0,0.210978228,3260.0,3,0,1,0,0,0
0.867020366,50,1,1.030346305,2800.0,21,0,1,0,2,0
0.522550544,28,1,0.345702749,5200.0,3,0,1,0,0,1
0.431291817,39,0,0.577211394,2000.0,11,0,1,0,2,0
0.353180922,75,0,0.302708262,5833.0,21,0,2,0,0,0
0.073822877,46,0,0.409031414,4583.0,5,0,2,0,0,0
0.743107124,55,0,0.427055703,4900.0,7,2,1,0,3,1
0.822736752,61,1,1.965395894,1704.0,9,0,1,0,1,1
0.005841295,46,1,0.247597078,2600.0,8,1,0,0,2,0
0.651937559,49,2,0.569649123,11399.0,26,0,4,0,0,1
0.001999833,52,0,0.0,8000.0,5,0,0,0,0,0
0.300466241,60,0,0.497899733,18330.0,16,0,5,0,0,0
0.748634386,30,3,0.200933631,4926.0,7,0,0,2,3,1
0.9999999,62,0,0.100066269,3017.0,2,1,0,0,1,1
0.06188717,63,0,0.215525348,11696.0,7,0,1,0,0,0
0.9481725,67,2,0.178843313,8800.0,5,0,1,2,0,1
0.598074228,45,0,0.113969391,6141.0,7,0,0,0,0,0
1.465534466,29,1,136.0,0.0,1,3,0,0,0,1
0.731925765,65,0,0.416097191,3950.0,10,0,0,0,0,0
0.717487044,42,1,0.450539247,14000.0,8,0,2,0,3,1
0.282130262,47,2,0.077084583,3333.0,3,0,0,0,1,0
0.896103896,68,0,0.031093837,1800.0,2,0,0,0,0,0
0.538424912,53,2,0.349854227,5830.0,5,1,2,1,2,1
0.9999999,44,2,0.424921794,1917.0,2,1,1,0,1,1
0.017602056,82,0,0.007807364,12167.0,14,0,0,0,0,0
0.9999999,35,0,0.0,1800.0,0,0,0,0,0,1
0.03158196,65,0,0.241821743,10209.0,12,0,2,0,1,0
0.825436409,36,0,0.101151572,6425.0,2,1,0,0,0,0
0.040366047,42,0,0.1669913,7700.0,6,0,1,0,3,0
0.029406119,62,1,0.246739697,3833.0,10,0,0,0,0,0
0.676550117,43,0,0.401799743,7000.0,10,4,0,0,4,1
0.413305474,28,1,0.119243127,2800.0,12,0,0,0,2,1
0.9999999,24,0,0.170637971,1300.0,3,0,0,0,0,0
0.102254372,69,0,1.453563715,925.0,33,0,1,0,0,0
0.168541252,38,1,0.26881874,7000.0,12,0,1,0,1,1
0.373738327,28,0,0.310697674,3224.0,8,0,0,0,0,1
0.0,77,0,0.009541118,2200.0,3,0,0,0,0,0
0.677003892,55,1,0.692041061,7500.0,11,0,2,0,2,0
0.499197033,37,0,0.304461656,9166.0,4,0,1,0,0,1
0.859877044,52,2,0.506017604,5566.0,18,0,1,0,2,1
0.830632561,43,1,0.835431518,6592.0,20,0,1,0,0,1
0.020396861,37,0,0.311746368,17000.0,14,0,1,0,2,0
0.042710156,68,0,0.652669466,5000.0,28,0,2,0,1,0
0.0,67,0,0.863424384,1500.0,11,0,2,0,0,0
0.380062305,52,1,0.379009164,6983.0,12,0,2,0,0,1
0.843323239,29,0,0.106071514,4166.0,3,0,0,0,0,0
0.99992511,30,6,1.416842628,8050.0,17,1,7,0,2,1
0.009708152,44,0,0.406017901,5250.0,19,0,1,0,0,0
0.0,67,0,0.057251908,2095.0,4,0,0,0,0,0
0.864126528,28,2,0.149207814,6500.0,14,2,0,2,0,1
0.268794363,57,0,0.968189428,4180.0,11,0,3,0,0,1
0.13138827,51,4,0.068450039,5083.0,7,0,0,0,0,1
0.736767173,63,0,0.25754818,18679.0,12,0,3,0,1,0
0.185974958,51,0,0.031610521,4333.0,5,0,0,0,2,0
0.015232204,41,0,0.146155245,5500.0,9,0,0,0,4,0
0.256291152,49,0,0.354243542,8400.0,11,0,1,0,5,0
0.916966178,35,1,0.356214595,3000.0,14,0,0,0,0,1
0.9999999,48,1,0.096814233,7250.0,2,3,0,0,2,1
0.585545303,53,0,0.158786168,4250.0,16,0,0,0,0,1
0.716566866,23,0,0.02828619,600.0,2,0,0,0,0,0
0.9999999,34,2,0.006283919,3500.0,4,0,0,0,0,1
0.752066116,32,0,0.062734316,4000.0,3,0,0,0,1,1
0.9999999,39,0,0.0,3431.0,0,2,0,1,1,1
0.492299461,41,0,0.555856833,20283.0,13,0,5,0,2,0
0.038249276,50,1,0.367148441,11000.0,9,0,2,0,0,0
0.044811566,59,0,0.277948215,8148.0,6,0,2,0,1,0
0.194069976,57,0,0.176621571,18700.0,16,0,2,0,3,1
0.34644226,78,1,0.563145618,3000.0,5,0,2,0,0,1
0.9999999,35,0,0.221808511,1879.0,11,0,0,0,0,1
0.098407733,58,0,0.253139861,8200.0,4,0,1,0,0,0
0.334071467,49,0,0.29984938,8630.0,14,0,2,0,0,0
0.9999999,52,1,0.575474842,3000.0,5,5,0,0,2,1
0.275341383,42,0,0.2473616,5400.0,9,0,0,0,1,0
0.006671051,56,0,0.295139973,9608.0,16,0,2,0,1,0
0.808326894,45,1,1.22106882,2600.0,13,0,2,0,3,1
0.843751074,43,0,0.21093372,6200.0,13,0,0,0,1,1
0.627038401,31,0,0.216594469,3000.0,4,1,0,1,3,1
0.643689165,54,0,0.572815534,1750.0,9,0,0,0,0,1
0.465035084,39,0,0.182562423,4885.0,8,0,0,0,1,0
0.49663565,62,0,0.422711968,9800.0,9,0,1,0,5,1
0.9999999,39,2,0.136668092,7016.0,5,1,1,0,0,1
0.044627388,62,0,0.046317388,2633.0,6,0,0,0,1,0
0.045546918,75,0,0.013662113,3000.0,3,0,0,0,0,0
0.466233349,58,0,0.248041775,7276.0,9,0,1,0,0,0
1.0,45,0,0.118255473,5800.0,3,1,0,1,6,1
0.808282756,41,1,0.135620915,1835.0,6,0,0,0,0,1
0.657485143,41,0,0.358477971,2995.0,8,0,0,0,1,0
0.287451392,80,0,0.683954619,1850.0,8,0,1,0,0,0
0.9999999,51,0,0.293369219,4086.0,7,2,0,0,0,1
0.360575274,79,1,0.398769336,11700.0,14,0,1,0,0,0
0.951351048,54,1,0.141169854,5333.0,9,0,0,0,4,1
0.0,29,0,0.075754663,5200.0,2,2,0,0,3,0
2.875621891,41,0,0.163576881,2750.0,2,4,0,0,1,1
0.9999999,40,1,0.010309278,3006.0,0,1,0,0,3,1
0.642159746,30,0,0.508618404,3770.0,8,0,1,0,0,1
0.900915903,31,0,0.565623992,3100.0,7,1,2,0,0,1
0.9999999,31,1,0.294856601,4218.0,4,1,0,0,2,1
0.022209741,47,0,0.169024784,10530.0,6,0,1,0,0,0
0.399198405,57,0,0.223815782,17500.0,16,0,2,0,0,0
0.895300276,40,1,0.284821986,1600.0,9,1,0,0,1,1
0.501868639,47,0,1.686971235,6500.0,16,0,3,0,1,1
0.9999999,47,2,0.135659675,5100.0,2,4,1,0,2,1
0.332547324,42,3,0.304649742,18000.0,10,0,2,0,2,1
0.421395127,62,0,0.569198439,3330.0,9,0,0,2,1,1
0.171160961,43,0,0.371183299,10250.0,7,0,4,0,2,0
0.609745793,59,0,0.324813076,5750.0,7,0,1,0,2,0
0.915402071,48,2,1.005998286,3500.0,20,0,1,0,0,1
0.030620709,58,0,1.991519896,1532.0,12,0,2,0,0,0
0.102847757,46,1,0.585386758,4666.0,13,0,1,0,1,0
0.003411196,69,0,0.037447737,5500.0,9,0,0,0,0,0
0.064239635,38,0,0.33639399,9583.0,14,0,2,0,3,0
0.369785588,32,0,0.356918024,7306.0,6,0,1,0,0,0
0.036606053,32,0,0.448137966,4000.0,7,0,1,0,0,0
0.229325689,60,0,6.128745838,900.0,9,0,4,0,0,0
0.588918504,43,1,1.04652713,7500.0,15,0,2,0,1,1
0.969336254,50,0,0.530076175,7613.0,8,1,2,0,6,1
0.9999999,27,0,0.279125567,3750.0,4,1,0,0,0,1
0.119423867,60,0,0.66136888,3900.0,15,0,1,0,5,0
0.26311235,48,0,0.397867378,3000.0,7,0,1,0,1,1
0.9999999,33,0,0.0019995,4000.0,0,0,0,0,0,1
0.516730844,39,0,0.059305411,26000.0,10,0,1,0,0,0
0.9999999,46,1,0.753123438,2000.0,4,1,2,0,2,1
0.892388101,57,0,0.497158014,7916.0,8,0,1,1,1,1
0.611637937,38,0,0.739700019,15800.0,18,0,3,0,1,1
0.020533965,68,0,0.011804202,9233.0,9,0,1,0,0,0
0.837581209,56,0,0.057220708,1100.0,2,2,0,1,3,1
0.428845066,46,0,0.165321261,18333.0,9,0,2,0,4,0
0.510458159,48,0,1.094370634,7300.0,11,0,2,0,1,0
0.0,39,0,0.039619165,3255.0,1,7,0,0,0,1
0.9999999,26,0,0.0,864.0,1,0,0,0,0,1
0.057385413,28,0,0.065367854,3900.0,8,0,0,0,0,1
0.51655503,55,1,0.363918034,14200.0,17,0,2,0,0,1
0.67648273,43,0,0.301353814,7681.0,10,0,0,0,3,0
0.053059688,58,0,0.399192111,8416.0,9,0,2,0,0,0
0.025402659,29,0,0.270162186,4500.0,4,0,1,0,2,0
0.032171235,36,0,395.0,1.0,9,0,0,0,2,0
0.141656829,55,0,0.729919327,2850.0,7,0,2,0,0,1
1.034430714,40,3,0.433426629,2500.0,7,1,0,0,0,1
0.9999999,44,0,0.0,2200.0,0,1,0,0,3,1
0.0,63,0,0.091095674,12667.0,17,0,0,0,1,1
0.973965774,57,4,0.564327485,9233.0,15,0,1,1,0,1
0.108536114,48,0,0.030409599,4833.0,6,0,0,1,0,1
0.876641535,59,0,0.400036921,5416.0,14,0,0,0,0,1
0.004354711,46,0,0.165148398,6805.0,4,0,1,0,2,1
0.288098603,47,0,0.144079602,5024.0,9,0,0,0,2,1
0.988001263,37,1,0.468790173,7000.0,11,0,1,1,2,1
0.825122141,57,0,0.20419895,4000.0,7,0,0,0,0,1
0.07375705,32,0,0.170369704,11116.0,5,0,2,0,0,0
0.004249788,46,0,3.544850498,300.0,4,0,1,0,0,0
0.694320256,48,0,0.75164156,5177.0,13,0,2,0,0,1
0.958472187,43,0,0.534756929,2200.0,6,0,0,0,1,1
0.592657876,43,0,0.313668633,10000.0,6,0,1,0,5,1
0.0,44,0,0.234234234,4550.0,5,0,1,0,0,0
0.223850766,29,1,0.441416894,1100.0,4,0,0,0,0,0
0.834466214,54,0,0.177503933,3813.0,6,1,0,0,0,1
0.010103634,32,0,0.013398295,820.0,5,0,0,0,0,0
0.150901703,40,0,0.311668833,10000.0,27,0,3,0,5,1
0.402486879,62,0,0.474964006,6250.0,10,0,2,0,1,0
0.000699983,53,0,0.0,4100.0,5,0,0,0,2,0
0.423576424,36,0,0.006662965,1800.0,1,0,0,0,1,0
0.052560857,56,0,0.616947185,3445.0,4,0,2,0,0,0
0.914228576,42,1,0.271226789,6300.0,9,0,2,0,0,1
0.9999999,47,5,0.487992315,3122.0,6,0,0,1,3,1
0.527009721,51,0,0.720697724,4700.0,15,0,2,0,0,0
0.863126782,50,2,0.318368163,10000.0,12,0,1,0,1,1
0.034524497,57,2,0.108789121,10000.0,8,0,0,0,0,1
0.030298485,37,0,0.314575412,3944.0,7,0,1,0,1,0
0.577204663,58,0,0.236588123,11500.0,7,0,2,1,7,0
0.119122022,52,0,0.351464854,10000.0,8,0,2,0,3,0
0.0,85,0,0.0,4000.0,10,0,0,0,0,0
0.04757394,56,0,0.772458629,1691.0,12,0,1,0,0,1
0.969343552,61,0,0.133433283,2000.0,5,0,0,0,0,0
0.05224347,64,0,0.233903374,10700.0,9,0,1,0,1,0
0.437060739,32,0,0.568231957,3172.0,7,0,0,0,1,1
0.894743954,31,0,0.147574584,4390.0,2,0,0,0,1,0
0.169880861,46,0,0.189084575,5166.0,11,0,1,0,2,0
0.156622125,49,0,0.00959729,5313.0,3,0,0,0,1,1
0.194532565,47,0,0.34343755,6300.0,11,0,2,0,1,1
0.179740974,62,0,0.405915845,7200.0,6,0,2,0,0,0
0.798931375,46,1,0.794058264,10400.0,15,1,6,0,3,1
0.360412408,50,0,0.179164167,5000.0,5,0,0,0,3,0
0.035822061,46,0,0.3353983,12590.0,17,0,2,0,0,0
0.996627123,56,2,0.109125718,4700.0,11,0,0,0,1,1
1.126961484,46,1,0.224846894,8000.0,3,4,1,1,2,1
0.033745782,28,1,0.148102815,2450.0,4,0,0,0,0,0
0.231927534,49,0,130.0,0.0,15,0,0,0,0,1
0.9999999,54,0,0.066891892,1479.0,0,1,0,0,0,0
0.140060234,56,2,1.099686173,5416.0,52,0,2,0,0,1
0.228366868,36,0,0.019278829,2800.0,2,0,0,0,3,0
0.171189478,34,0,0.558110472,4000.0,12,0,1,0,0,0
0.9999999,52,1,0.131982402,7500.0,5,0,0,0,0,1
1.933554817,40,0,0.031458278,3750.0,3,1,0,0,1,1
0.419271891,40,0,0.741596277,5800.0,12,0,2,0,0,1
1.46506986,37,0,0.219904389,2300.0,5,3,0,2,2,1
0.735113244,43,3,0.444145357,5200.0,7,1,1,0,1,1
0.801000661,47,0,0.590516588,6600.0,13,0,2,0,3,1
0.844663935,34,0,0.295327822,5200.0,6,0,0,0,3,0
0.92054726,47,0,0.677046549,6229.0,8,0,1,0,2,0
0.0,52,0,0.0,5800.0,5,0,0,0,0,0
0.570790073,51,0,0.448246069,11573.0,17,0,2,0,2,0
0.040699594,71,0,0.094226443,4000.0,6,0,0,0,0,0
0.083239281,51,0,0.319406267,5456.0,10,0,1,0,1,0
0.9999999,34,2,0.654880861,1300.0,4,0,0,0,0,1
0.347287516,54,1,0.260570305,3050.0,5,0,1,0,0,1
0.735627921,41,1,1.008330556,3000.0,4,0,2,0,0,1
0.382022472,43,0,0.029405999,5100.0,10,0,0,0,0,1
0.030533186,62,0,0.079917869,37500.0,6,0,2,0,0,0
0.02828941,64,0,0.003306626,7862.0,5,0,0,0,0,0
0.342832146,47,1,0.259490844,2238.0,2,4,0,0,2,1
0.0,45,0,0.44675125,2600.0,3,0,1,0,0,0
0.119030299,49,0,0.747907064,10630.0,13,0,1,0,1,0
0.910075177,58,0,0.618973561,4500.0,9,0,1,0,0,0
1.07846077,56,1,0.252453778,4380.0,4,0,1,0,2,1
0.034670476,70,0,4.973684211,303.0,5,0,2,0,0,0
0.844942589,71,2,0.950508249,6000.0,16,2,1,0,0,1
0.9999999,35,0,0.401357978,2650.0,5,0,1,0,0,1
0.07563111,43,0,0.238251501,16150.0,12,0,2,0,3,0
0.01347333,63,0,0.293514483,3900.0,9,0,1,0,0,0
0.091205212,51,0,0.43766182,20083.0,9,0,2,0,2,0
0.0982305,73,0,0.137343133,20000.0,8,0,1,0,0,0
0.9999999,31,98,0.0,2540.0,0,98,0,98,2,1
0.185725799,67,0,0.184110423,9200.0,6,0,1,0,1,0
0.9999999,75,1,0.233869708,6400.0,7,0,0,1,0,1
0.576351207,65,0,0.301519757,6579.0,9,0,1,0,1,0
0.041080823,70,0,0.281743651,5000.0,9,0,1,0,0,0
0.431769936,53,0,0.715641261,3266.0,9,0,1,0,0,0
0.9999999,32,1,0.01065956,1500.0,1,0,0,0,1,0
0.105051578,46,0,0.461408993,8317.0,14,0,1,0,4,0
0.9999999,36,1,0.124399154,5200.0,2,2,0,1,0,1
0.055663574,56,0,0.22747007,7600.0,6,0,1,0,2,0
0.99366952,50,4,0.658555487,6451.0,5,0,1,0,1,1
0.9920016,45,0,0.280799765,3400.0,7,0,0,0,0,1
0.772074327,59,0,0.31086716,11750.0,16,0,2,0,0,1
0.154175793,40,0,0.062782805,1767.0,3,0,0,0,3,0
0.149764181,28,0,0.303431505,3700.0,12,0,1,0,0,1
0.297304504,33,0,0.353842785,13700.0,15,1,1,0,1,1
0.0,47,3,0.226155093,3700.0,10,1,0,1,0,1
0.9999999,55,0,0.025398541,3700.0,1,2,0,1,0,1
0.177817425,45,0,0.672944131,11150.0,7,0,6,0,3,1
0.610310179,62,0,0.237689745,2700.0,7,17,0,0,0,1
0.901046622,27,3,0.12395868,3000.0,8,2,0,0,0,1
0.016178259,49,0,0.590811711,4200.0,9,0,1,0,0,0
0.9999999,25,0,0.029356652,1600.0,1,2,0,0,1,1
0.261530329,63,0,0.422041534,9100.0,9,0,1,0,0,0
0.677740864,35,1,0.179071317,4500.0,6,2,0,1,3,1
0.829475673,48,2,0.071899596,4700.0,10,1,0,0,0,0
0.895420916,42,0,0.235586772,3416.0,2,0,1,0,0,0
0.9999999,51,2,0.249894399,11836.0,5,0,1,0,2,0
0.9999999,60,98,0.0,931.0,0,98,0,98,0,1
0.128388272,70,0,0.123600973,4109.0,3,0,0,0,0,0
0.21025493,52,0,0.295478894,9333.0,8,0,2,0,2,0
0.489206517,37,0,0.291077155,5300.0,6,0,2,0,0,0
0.123622157,52,0,0.242864054,6200.0,4,0,1,0,1,1
0.002526183,53,0,0.516847516,1750.0,5,0,1,0,2,0
0.9999999,32,1,0.451824818,2739.0,2,1,1,0,2,1
1.063597083,39,1,0.443986036,3150.0,5,0,0,1,0,1
1.007090265,66,6,0.41943662,3549.0,8,2,0,1,0,1
0.285204757,45,1,0.851429714,5000.0,10,0,2,0,1,0
0.852603511,62,2,0.220524369,6216.0,9,0,0,1,2,1
0.630347828,50,2,0.74167069,8283.0,9,0,2,0,0,1
0.178688759,29,0,0.307346327,2000.0,3,0,0,0,0,0
0.899010099,45,0,0.456622058,4333.0,4,0,1,0,0,0
0.0,32,0,0.44187375,3500.0,5,0,1,0,2,1
0.485286096,43,2,0.429049377,8667.0,12,0,1,0,2,0
0.00982871,51,0,0.312819373,4500.0,7,0,2,0,0,0
0.080932517,80,0,1.0,2500.0,11,0,1,2,0,1
0.072066281,48,0,0.426368412,5900.0,5,0,2,1,2,1
0.542618434,27,0,0.1699485,3300.0,9,0,0,0,0,1
0.371409356,39,0,0.119235096,8000.0,5,0,0,0,0,0
0.236338579,41,0,0.357048748,6071.0,5,1,2,0,4,1
2.013732834,33,0,0.311387466,4100.0,1,3,1,0,0,1
0.931517121,39,0,0.08013141,7000.0,4,0,0,0,5,0
0.989171738,73,3,3.613269892,3782.0,15,0,9,0,0,1
0.680935812,47,0,0.982668977,7500.0,16,0,1,0,1,1
0.556412454,44,0,0.347336066,2927.0,2,2,1,1,1,1
0.024186627,46,0,0.4,6109.0,10,0,2,0,2,0
0.028082183,72,0,0.088782244,5000.0,9,0,1,0,1,0
0.9999999,37,2,0.373195113,2700.0,3,1,0,0,3,1
0.99980695,33,1,0.12315074,2500.0,6,0,0,0,0,1
1.043318894,44,1,0.135720233,1200.0,3,0,0,1,0,1
0.890149512,50,2,0.994212049,3800.0,13,1,1,0,0,1
0.9999999,30,0,0.145194274,4400.0,4,0,0,0,1,0
1.002038736,59,0,0.35920019,4200.0,4,0,1,0,0,1
0.734144222,44,5,0.054945055,3275.0,3,1,0,0,0,1
0.101112361,27,0,0.436239705,3520.0,7,0,1,0,0,1
0.697537808,33,2,0.068010076,3969.0,4,1,0,0,2,1
0.242342832,53,0,0.365066876,10167.0,13,0,2,0,4,1
0.230600979,46,0,0.326866301,2370.0,5,0,0,0,1,0
0.9999999,48,0,0.102331606,3087.0,1,0,0,0,0,0
0.082600657,35,0,0.114268798,5066.0,8,0,0,0,0,0
0.540378101,54,0,0.527795128,1600.0,9,0,0,0,1,1
0.064605989,72,0,0.214598175,8000.0,6,0,2,0,0,0
0.89543268,50,0,0.675627742,10712.0,23,0,2,0,3,0
0.600470035,37,0,0.151017494,2800.0,5,0,0,0,0,1
0.930243501,41,4,0.325164939,6365.0,6,0,1,1,2,1
0.022154084,79,0,0.371116986,3025.0,12,0,1,0,0,0
1.4023145,46,2,0.277957237,6500.0,8,2,0,0,1,1
0.393811455,30,0,0.36372679,6031.0,15,0,2,0,1,0
0.006382015,41,3,0.46656435,4560.0,11,1,1,3,2,0
0.053618841,50,1,1.244510978,1001.0,8,0,2,0,0,0
0.9999999,50,2,0.128019783,5256.0,1,0,0,1,0,1
0.656671013,67,3,0.242606907,14100.0,15,1,3,4,0,1
0.242524917,28,0,0.19089626,2833.0,9,5,0,0,0,1
0.972839736,37,0,0.21335751,3308.0,7,1,0,0,2,1
0.017741618,67,0,0.490193868,17743.0,10,0,5,0,0,1
0.583231012,46,0,0.287373004,1377.0,6,0,0,0,3,0
1.039946738,26,0,0.784107946,2000.0,11,0,0,0,0,1
0.151180814,65,0,0.051609217,5250.0,7,0,0,0,0,0
0.199667221,29,1,0.067893211,10000.0,5,3,0,0,2,1
0.759312034,63,1,0.244748611,7378.0,6,0,1,0,0,1
1.77476677,33,0,0.110624635,3425.0,5,0,0,0,2,1
0.230720281,63,0,0.061755146,3691.0,2,0,0,0,0,0
0.196434693,37,1,0.440888178,4998.0,8,0,1,0,2,0
0.053442756,54,0,0.019330756,7500.0,6,0,0,0,0,0
0.0,71,0,0.057596456,5416.0,3,0,0,0,0,0
0.280737547,70,1,0.510848126,4055.0,10,0,1,0,0,0
0.000198669,34,0,0.0,7000.0,2,0,0,0,2,0
0.0,36,0,0.0,1000.0,3,0,0,0,0,0
0.024161336,61,1,0.416083417,7000.0,9,0,1,0,0,0
0.066576027,35,0,0.207285686,5050.0,3,0,1,0,2,0
0.520696491,58,0,1.092363055,2500.0,13,0,0,0,0,1
0.35621127,46,0,0.492053468,9500.0,6,0,2,0,2,0
0.9999999,35,0,0.322334708,8000.0,3,0,1,0,0,0
0.9999999,71,0,0.323851204,913.0,1,1,0,2,0,1
0.0,63,0,0.188378471,5833.0,9,0,2,0,0,1
0.090527229,66,0,0.167418643,10416.0,6,0,1,0,0,0
0.702297702,51,1,0.312651478,4125.0,6,0,2,1,0,0
0.507886005,44,1,0.467230615,37000.0,33,0,25,0,0,1
0.549971445,61,0,0.109910466,3238.0,3,0,0,0,0,1
0.239388736,61,0,2.838053982,3000.0,13,0,5,0,0,1
0.015271802,68,0,0.12290366,8168.0,6,0,0,0,0,0
0.400335992,63,0,0.576792772,7083.0,17,0,2,0,0,0
0.9332617,41,3,0.438092797,3900.0,12,1,0,1,5,1
0.054648634,60,0,0.273938085,8333.0,4,0,1,0,2,0
1.173509286,33,3,0.430443367,5570.0,13,5,0,2,2,1
0.56832965,42,0,0.562079622,5500.0,10,0,1,0,2,0
0.527248723,48,0,0.382896724,19200.0,10,0,2,0,4,0
1.984031936,54,0,0.025416075,7750.0,1,2,0,0,0,1
0.053717518,67,0,0.148148148,3185.0,12,0,0,0,0,0
0.074315972,61,0,0.497539054,4672.0,7,0,2,0,0,0
0.0,34,0,0.226306247,6066.0,7,0,1,0,1,0
0.170774865,52,0,0.261305038,10083.0,6,0,3,0,2,0
0.963011619,39,2,3.173398682,5916.0,19,0,12,0,2,1
0.0,32,1,0.161391783,5086.0,3,2,0,1,2,1
0.9999999,32,1,0.372937294,1211.0,3,0,0,0,1,1
0.206576229,66,1,0.386625094,9300.0,17,0,2,0,1,0
0.543168962,77,0,0.69924338,1585.0,4,0,1,0,0,0
0.001439358,59,0,0.276144771,5000.0,9,0,1,0,0,0
0.948103792,27,0,0.526973547,4800.0,6,0,1,0,0,1
0.158168366,54,0,0.316217909,6387.0,4,0,1,0,1,0
0.820678292,44,0,0.401866489,10500.0,11,1,2,0,4,0
0.63189077,41,2,0.16356173,9500.0,9,0,0,0,2,1
0.709129087,48,0,0.06632228,6000.0,3,0,0,0,2,0
0.9999999,46,1,4018.0,0.0,4,0,1,0,3,0
0.00583768,90,0,0.039850805,10187.0,6,0,0,0,0,0
0.007940009,43,0,0.312389381,5649.0,5,0,0,0,5,0
0.205253872,55,1,0.255372314,2000.0,3,0,0,1,2,1
0.020789907,37,0,0.021989005,2000.0,8,0,0,0,0,0
0.763804022,54,0,0.651073065,4146.0,14,0,2,0,0,0
0.9999999,24,1,0.148243359,3500.0,2,1,0,0,0,1
0.001371537,54,0,0.188108252,7500.0,7,0,2,0,2,0
0.019166004,71,0,0.271778258,8333.0,14,0,2,0,0,0
0.961046096,32,6,0.548141645,3416.0,12,0,1,1,2,1
0.261965071,29,0,0.149589432,2800.0,4,0,0,0,0,0
0.677570342,39,0,0.322167985,5940.0,7,0,0,0,5,0
1.038845727,27,1,0.108297234,3000.0,4,1,0,0,0,1
0.282537706,37,0,0.4252386,6600.0,12,0,1,0,0,0
0.000919963,51,0,0.293326734,12122.0,6,0,1,0,0,0
0.914534439,46,2,0.608269336,14583.0,8,0,4,0,2,1
0.558112716,68,0,0.44573985,14752.0,16,0,2,0,1,1
0.9999999,32,0,0.105964678,3000.0,2,2,0,0,1,0
0.176623377,51,1,1.159520516,2168.0,9,0,2,0,0,0
0.286206563,37,0,0.164341518,3583.0,9,0,0,0,0,0
1.383270911,53,0,0.391481649,2206.0,5,4,0,2,2,1
0.062593296,62,0,0.917772798,5800.0,16,0,5,0,1,0
0.207379262,43,0,0.136863137,1000.0,4,0,0,0,0,0
0.198823096,63,1,0.360319449,6385.0,25,0,1,0,0,0
0.836383837,37,1,0.486338798,8600.0,6,0,2,0,1,1
0.161463079,64,0,0.054236441,4000.0,5,0,0,0,1,0
0.003396098,41,0,0.35777692,5181.0,6,0,2,0,1,0
0.00614878,49,0,0.098918999,6752.0,9,0,0,0,0,0
0.927041946,58,1,0.444324454,8333.0,12,0,3,0,2,1
0.15657526,57,0,0.583633309,12500.0,14,0,3,0,4,0
0.0,59,0,0.133923788,28000.0,11,0,2,0,2,0
1.389221557,37,0,0.748296229,2200.0,4,8,0,1,1,1
0.998261625,32,0,0.563098709,2400.0,5,0,1,0,0,1
0.015746498,66,0,0.302603278,13482.0,9,0,2,1,1,0
0.952187772,60,0,0.311743341,3303.0,6,0,1,0,0,1
0.169110422,26,0,0.157168566,5000.0,11,0,0,0,0,0
0.114174515,55,1,0.414067541,4648.0,15,0,2,0,0,0
0.906996958,29,0,0.140599807,3100.0,3,0,0,1,1,1
0.877331894,45,3,11.82247191,444.0,14,1,2,0,3,1
0.912345966,40,0,0.022202617,6800.0,3,0,0,0,0,1
0.044614505,56,0,0.312045112,15250.0,10,0,2,0,0,0
0.753887059,28,0,0.232769193,4076.0,12,0,0,0,4,1
0.9999999,42,0,0.48421654,7000.0,7,0,2,0,2,0
0.02414968,49,0,0.148170366,5000.0,6,0,0,0,0,0
0.97376892,53,0,0.500999818,5500.0,5,0,2,0,3,0
0.010138654,62,0,0.51211903,4166.0,6,0,2,0,0,0
0.981006331,24,1,0.01223951,25000.0,6,0,0,0,0,1
0.9999999,22,0,0.017994002,3000.0,0,0,0,0,0,0
0.9999999,35,0,0.0,2500.0,0,1,0,0,1,1
0.9999999,39,0,0.908883827,438.0,1,1,0,1,0,1
0.078933183,74,0,0.524047355,5405.0,18,0,1,0,0,0
0.074727011,73,0,0.030564884,26500.0,11,0,1,0,0,0
0.906294639,62,0,0.701714286,7874.0,4,0,3,1,2,0
0.005172921,48,0,0.0019995,4000.0,9,0,0,0,1,0
0.994300142,47,0,0.1020705,11687.0,2,0,0,0,0,1
0.076417737,56,0,0.479122622,7567.0,13,0,3,0,2,0
0.778606562,55,0,1708.0,0.0,6,2,1,0,0,1
0.586470627,58,0,0.868852459,2500.0,10,0,2,0,1,0
0.917755573,47,0,0.184008029,8966.0,4,0,1,0,2,1
1.063670412,28,0,0.195876289,1842.0,6,0,0,2,2,1
0.9999999,82,0,0.0,6000.0,1,0,0,0,0,1
0.269148669,43,1,0.075412519,7332.0,14,0,0,0,0,1
0.129575207,46,0,0.436281859,2000.0,8,0,1,0,1,0
0.0,66,0,0.0,6000.0,6,0,0,0,1,0
0.000209874,79,0,0.0,10241.0,13,0,0,0,1,0
0.021626946,62,0,0.323211973,6948.0,12,1,2,0,1,1
0.078901258,44,0,0.138456345,23696.0,6,0,1,0,3,0
0.0,41,2,0.287486179,20800.0,12,0,1,1,5,0
0.0,61,0,0.0,1892.0,7,0,0,0,0,0
0.034959795,53,0,0.631296088,8000.0,9,0,2,0,0,0
0.024101681,40,0,0.780209324,4203.0,7,0,2,0,1,0
0.8947183,36,0,0.792795309,3580.0,8,0,1,0,0,1
0.978001913,28,0,0.37057683,4125.0,6,0,0,0,0,0
0.706629337,33,0,0.400401909,3980.0,2,0,1,0,2,0
0.938707528,28,0,0.019886364,4223.0,2,1,0,1,3,1
0.30645124,49,0,0.328760587,16765.0,15,0,7,0,0,0
0.0,49,0,0.38351664,7000.0,5,0,2,0,2,0
1.050585401,49,3,0.7482892,3360.0,13,0,1,0,0,0
0.011784253,88,0,0.001833028,6000.0,5,0,0,0,1,0
0.127916552,40,1,0.398087569,5960.0,9,0,2,0,3,1
0.983446769,62,1,0.271049596,2600.0,5,1,0,0,1,0
0.108545481,34,0,0.198334966,4083.0,8,1,0,0,3,1
0.9999999,29,2,0.103421761,2600.0,5,4,0,0,2,1
0.9999999,44,0,1.09310889,1900.0,1,3,1,0,0,1
0.22446259,54,0,0.448637841,4000.0,4,0,1,0,0,0
0.111391689,54,0,0.278531638,7000.0,11,0,1,0,2,0
0.407310995,51,0,1.264612596,6620.0,23,0,9,0,3,1
0.0,62,0,0.50609878,5000.0,11,0,2,0,0,0
0.393000574,29,0,0.136137891,3422.0,4,0,0,0,1,0
0.0,26,0,0.010598032,1320.0,3,0,0,0,0,1
0.243329561,56,0,0.141458794,9500.0,8,0,0,0,2,0
0.620138282,54,0,0.295735451,12216.0,16,0,1,1,0,0
0.346379648,50,0,0.236690891,11833.0,10,0,2,0,1,0
0.785975781,64,0,0.204689245,2686.0,4,0,0,1,0,0
0.281952753,61,0,0.641530991,3500.0,11,1,1,0,0,1
0.889868355,42,1,0.835989568,3450.0,9,2,1,0,0,1
0.0,73,0,0.374061843,3330.0,5,0,1,0,0,0
0.174598875,61,0,0.361911599,9750.0,17,0,2,0,2,0
0.158116285,53,1,0.608894391,10500.0,18,1,4,0,2,1
0.75669905,47,2,0.730104502,4975.0,9,0,2,0,0,1
0.049372815,54,0,0.5484394,4933.0,18,0,2,0,0,0
0.003106721,59,0,0.3113293,27600.0,9,0,2,0,0,0
0.307175013,71,0,0.266953125,12799.0,18,0,2,0,0,0
1.086529722,36,2,0.277455188,3960.0,7,3,0,1,2,1
0.122090184,50,0,0.09349237,5700.0,4,0,0,0,1,0
0.699471504,49,3,0.049985718,3500.0,4,2,0,0,2,1
0.0,43,0,0.418045471,8400.0,15,0,3,0,1,0
0.9999999,68,0,0.0,11500.0,0,2,0,1,1,1
1.010215851,33,4,0.326826946,4200.0,12,1,0,2,0,1
0.133131572,48,2,0.278944211,5000.0,12,0,1,0,1,1
0.969689868,35,0,0.732417138,4947.0,17,0,1,0,2,0
0.950166113,49,0,0.098757952,3300.0,2,0,0,1,3,1
0.9999999,42,1,0.0,3333.0,1,0,0,0,2,0
0.522225552,32,0,0.264957265,3041.0,6,3,0,0,0,0
0.009527042,50,0,0.248256053,4873.0,10,0,1,0,4,0
0.9999999,35,0,0.0,3750.0,1,0,0,0,0,0
0.875656791,35,0,0.569448147,3750.0,13,0,0,0,0,1
0.874364775,40,0,0.345722483,7667.0,6,0,1,0,2,1
0.204504614,39,0,0.207267833,5200.0,9,0,0,0,0,1
0.991850547,44,2,1.006666213,14700.0,24,0,5,0,2,1
0.887953709,45,1,0.103920078,9208.0,8,1,0,0,2,1
0.576037721,65,0,0.416291854,2000.0,9,0,0,0,0,0
0.064440864,31,0,0.069269222,4200.0,5,0,0,0,2,0
0.379530755,65,1,0.214385778,20700.0,8,0,2,0,0,0
0.014146198,68,1,990.0,0.0,15,0,0,0,0,0
0.02869713,31,0,0.003006389,2660.0,7,0,0,0,0,0
0.081523138,55,0,4.094311377,667.0,8,0,2,0,0,0
0.9999999,36,0,0.421505233,15000.0,5,0,2,0,3,0
0.660467906,38,1,0.507661067,5416.0,4,1,1,0,0,1
0.242731535,65,0,0.393803787,2904.0,7,0,1,0,1,0
0.302697303,25,0,0.002726447,3300.0,5,0,0,0,0,0
0.561098466,50,1,0.066514806,13169.0,5,0,0,1,2,1
0.982230673,58,0,0.579673136,3915.0,5,0,0,0,0,0
0.142619127,35,0,0.196934355,3000.0,3,0,0,0,4,0
0.068212372,48,3,0.313937213,5000.0,10,0,1,0,0,0
0.999636628,24,0,0.156737305,2500.0,2,0,0,0,0,1
0.798201451,43,2,0.448219569,9800.0,12,0,1,0,0,1
0.618732896,68,0,0.534500202,9883.0,13,0,2,0,0,0
0.001103579,39,0,0.826293427,4000.0,6,0,2,0,0,0
0.0,26,0,0.030570253,3401.0,2,0,0,0,2,0
0.015471615,42,0,0.179468397,9555.0,4,0,1,0,0,0
0.0,61,0,0.283516653,13000.0,11,0,2,0,1,0
0.108752883,59,0,0.028018899,9100.0,13,0,0,0,0,1
0.632255879,56,0,0.68794183,4950.0,20,0,2,0,1,1
0.304794215,26,0,0.082296849,4823.0,11,0,0,0,0,0
1.168010319,33,4,0.22697187,3625.0,10,1,0,0,0,1
0.187041204,47,0,0.108753962,4100.0,9,0,0,0,1,0
0.97915545,57,0,0.314315963,8500.0,7,0,2,1,1,0
0.991641528,31,2,0.534246575,2700.0,10,0,0,0,1,1
0.923076923,30,1,0.06287497,4166.0,5,0,0,0,0,1
0.0,45,3,1.151927438,3968.0,7,1,4,3,2,0
0.954914167,38,1,0.483375959,2736.0,4,2,1,2,0,1
0.9999999,33,2,0.103498971,3400.0,1,2,0,0,1,1
0.005839766,66,0,0.439268241,4700.0,10,0,2,0,2,0
0.980089466,35,0,0.447496677,6770.0,13,0,2,0,1,1
0.387874632,39,0,0.463804826,7500.0,7,0,2,0,0,0
0.026338815,81,0,0.292663263,3720.0,10,0,1,0,0,0
0.95640327,41,3,1.129100158,5700.0,8,0,2,1,2,1
0.880127864,49,0,0.470003315,6033.0,8,0,1,0,0,0
0.443001086,57,1,0.770351328,3500.0,7,0,1,0,0,0
0.445786262,25,0,0.022661631,4500.0,6,0,0,0,0,0
0.0,51,0,0.132575373,9850.0,7,0,1,0,0,1
0.9999999,41,2,0.194154489,9100.0,7,1,1,0,0,1
1.362047441,31,2,0.619764398,4583.0,7,2,2,1,3,1
0.028219436,69,0,0.024263432,1730.0,5,0,0,0,0,0
0.024365339,53,0,0.378909493,10838.0,14,0,2,0,2,0
0.711051931,42,0,0.03861881,2200.0,3,0,0,0,0,1
0.572218221,51,0,0.658987281,4166.0,6,0,1,0,2,1
1.179640719,26,0,0.029990628,3200.0,2,2,0,0,3,1
0.096733575,24,0,0.049977283,2200.0,5,0,0,0,0,1
1.013278277,35,0,0.987538941,7703.0,27,0,6,0,1,1
1.053682896,35,2,0.146816804,2308.0,8,0,0,0,1,1
0.016703755,76,0,0.358821863,3530.0,8,0,1,0,0,0
0.169833037,53,1,0.713580247,4859.0,15,0,2,0,1,0
0.411383105,29,0,0.802093245,1050.0,10,0,0,0,0,1
0.9999999,47,0,0.418290855,2000.0,2,0,1,0,2,0
0.133781735,38,0,0.439195101,8000.0,14,0,2,0,2,0
0.993810997,62,0,0.493950552,1900.0,4,0,1,0,0,1
0.004323727,47,0,0.277198212,4025.0,12,0,0,0,0,0
0.9999999,63,2,0.614247032,4800.0,5,3,3,0,0,1
0.250903686,44,0,0.170575693,7034.0,5,0,1,1,1,1
0.995518014,49,1,0.586966094,2270.0,6,4,0,0,0,1
0.021484723,43,0,0.026235802,6250.0,8,0,0,0,0,0
0.575314156,59,0,0.653881071,4405.0,6,0,1,0,0,0
0.803196803,32,1,0.101762821,2495.0,3,0,0,0,0,0
0.914811358,62,1,0.707188161,945.0,9,0,0,0,0,1
0.041834508,48,0,1.429514097,5000.0,21,0,8,0,1,1
0.015644475,66,0,0.618726592,2669.0,7,0,1,0,0,0
0.97569757,30,1,0.015492254,2000.0,3,0,0,0,0,0
0.134393975,64,2,0.07177395,6617.0,13,0,0,0,0,1
0.05720006,53,0,0.857285679,4000.0,13,0,1,0,0,1
1.071928072,40,1,0.336120705,5500.0,6,0,0,3,2,1
0.732326767,37,4,0.299717453,4600.0,9,0,0,0,2,1
0.939553726,58,0,0.440329218,1700.0,10,0,0,0,0,1
0.089997,61,0,0.095542857,17499.0,3,0,1,0,0,0
0.294225433,46,0,0.234307299,9000.0,10,0,1,0,0,1
0.860277886,30,0,1.437282902,2590.0,8,0,1,0,2,1
0.0,52,1,0.286716671,8265.0,8,0,1,0,2,0
0.333044464,66,0,0.996775234,3100.0,14,0,1,0,0,1
0.9999999,30,98,0.0,338.0,0,98,0,98,0,1
0.049773756,54,0,0.008136809,7250.0,6,0,0,0,0,1
1.130310603,28,1,0.231553689,3333.0,6,0,0,0,0,1
0.0,34,0,0.509797142,8675.0,7,0,2,0,2,0
0.029630238,63,0,0.679632037,10000.0,13,0,1,0,0,0
0.708916112,62,0,0.576096063,3580.0,14,0,1,0,0,1
1.00551534,47,1,0.602601437,5150.0,6,0,1,0,2,1
0.380055863,40,0,0.333462771,10300.0,15,0,2,0,1,1
0.381407747,55,0,0.514979196,14419.0,24,0,3,0,0,0
0.406657206,30,0,0.089569601,7736.0,6,0,0,0,0,0
0.995053527,55,0,0.579389373,12740.0,13,0,1,0,2,1
0.0,41,1,0.17487086,6581.0,9,0,1,1,0,1
1.005564621,46,3,1.291727141,2066.0,10,0,1,0,1,1
0.9999999,71,4,1.042454122,3650.0,3,2,1,0,0,1
0.044246197,71,0,0.530940594,5655.0,8,0,1,0,0,0
0.33225462,27,0,0.035381894,13000.0,10,0,0,0,0,1
0.864330076,43,1,0.340055458,7933.0,10,1,1,0,2,0
0.072853674,84,0,0.017301038,2600.0,4,0,0,0,1,0
0.036302769,34,0,0.587282543,5000.0,6,0,1,0,0,0
0.0,61,2,2.911307272,2378.0,10,0,3,0,0,0
0.439780785,43,0,0.104196967,9625.0,7,0,0,0,0,1
0.080564168,60,0,0.487288997,4916.0,15,0,2,0,0,0
0.874402434,46,2,0.030777256,1916.0,2,0,0,0,2,1
0.009334328,72,0,0.010791367,2501.0,7,0,0,0,0,0
1.007420662,38,1,1.781954887,664.0,8,3,0,0,2,1
0.223532464,62,0,0.229667338,8446.0,13,0,1,0,1,0
0.640529197,47,0,1.498800959,1250.0,12,0,0,0,2,1
0.969806039,29,0,0.200613839,3583.0,7,0,0,2,1,0
0.982253349,50,12,0.529789864,4044.0,15,0,0,1,0,1
0.799321963,56,0,0.360593754,7140.0,13,0,1,0,2,0
0.767448806,79,3,0.657151152,20667.0,33,0,3,0,0,1
0.440294582,47,0,0.132083001,2505.0,2,3,1,0,3,1
1.008796481,33,3,0.182321179,15000.0,11,0,2,0,2,1
0.68813979,31,3,0.073325186,9000.0,5,0,0,1,0,1
0.043611027,61,0,0.142097426,4700.0,6,0,1,0,1,0
0.701729827,77,1,0.153472035,3700.0,3,0,1,1,0,0
1.463064879,50,0,0.406893307,8500.0,20,0,1,1,1,1
0.194739271,43,0,0.379217997,5600.0,5,0,1,0,3,0
0.794311717,62,0,0.507859551,26400.0,26,0,6,0,2,0
0.045428054,36,0,0.351272016,1021.0,6,0,0,0,0,0
0.332711121,68,0,0.831230726,7133.0,14,0,2,0,1,0
0.93521735,45,5,0.548653106,5456.0,16,0,2,0,2,1
0.171424431,40,0,0.219871205,3260.0,4,0,1,0,0,0
0.530960507,51,2,0.151082251,2309.0,10,1,0,0,0,1
0.003274757,77,0,0.093385214,2055.0,4,0,0,0,0,0
1.037861618,57,3,0.177220999,10895.0,7,3,0,0,2,1
0.358296799,31,0,0.155503329,2552.0,9,0,0,1,0,1
0.043246631,68,0,0.019797624,2272.0,3,0,0,0,0,0
0.888853805,62,1,0.3745109,5366.0,7,2,2,0,1,1
0.199083513,39,1,0.562594992,12500.0,8,0,4,0,1,1
0.358502117,41,0,0.52408289,7141.0,13,0,2,0,0,0
0.0,75,0,0.0,3900.0,6,0,0,0,0,0
0.062716294,69,0,0.03016164,6000.0,4,0,0,0,0,0
0.144843321,57,0,0.361257027,10850.0,21,0,2,0,1,1
0.0,43,1,0.220253912,3386.0,13,0,1,0,0,0
0.988429398,41,0,0.384559623,8276.0,8,0,2,0,3,1
0.8718802,34,1,0.018240343,2795.0,3,0,0,2,1,1
0.23977376,33,0,0.153938425,2500.0,4,0,0,0,0,1
0.856682591,46,1,0.361919154,2646.0,10,0,0,0,0,1
0.563463772,27,2,0.447809468,3400.0,11,0,0,0,2,1
0.016486355,80,0,0.201840781,23250.0,15,0,1,0,0,0
0.009489816,63,0,0.00079766,11282.0,8,0,0,0,1,0
0.9999999,29,0,0.167191188,2541.0,3,0,0,0,2,0
0.9999999,31,0,0.008011653,2745.0,0,3,0,0,3,1
0.152529145,39,1,0.351440029,2742.0,13,0,0,1,2,1
0.9999999,55,0,0.716827656,1966.0,4,0,1,0,1,0
0.9999999,27,2,0.029650885,2090.0,5,1,0,1,0,0
0.539908529,59,0,0.58400516,3100.0,9,0,0,2,0,0
0.847438408,28,1,0.090181964,5000.0,5,0,0,0,1,0
0.040349328,74,0,0.29018245,8056.0,5,0,2,0,1,0
0.9999999,23,98,0.006922012,2166.0,0,98,0,98,0,1
0.451376082,48,0,2.51196093,12080.0,29,0,17,0,2,1
0.979445586,31,1,0.497607656,8150.0,14,0,3,0,3,1
0.016482531,71,0,0.155364697,7800.0,7,0,2,0,0,0
0.784245702,60,0,0.617184084,4573.0,10,0,1,0,0,1
0.429473354,43,0,0.484969407,3758.0,6,0,1,0,1,1
0.073123172,33,0,0.216405216,5290.0,9,0,0,0,0,0
0.045545449,55,1,0.155545222,4300.0,6,0,0,0,0,0
0.254776219,47,0,0.475972002,17000.0,14,0,3,0,3,0
0.852678943,40,1,0.504520796,4423.0,6,0,1,0,1,0
0.016871981,40,0,0.392173665,3500.0,7,0,2,0,1,0
0.43387457,30,0,0.259239422,5600.0,27,0,0,0,3,0
0.0,33,0,0.066674548,8458.0,5,0,0,0,0,0
0.049119395,53,0,0.218450028,14167.0,22,0,3,0,1,0
0.024596288,32,0,0.273968934,7467.0,7,0,1,0,0,0
0.203879612,49,1,0.01926113,3166.0,1,0,0,0,0,0
0.168289934,76,0,0.120208936,14166.0,10,0,2,0,0,0
0.962258161,63,0,0.383144318,17987.0,19,0,3,0,1,1
0.04437784,33,0,0.280253685,5833.0,11,0,2,0,0,0
0.170460561,33,0,0.409892134,3800.0,9,0,1,0,0,1
0.9999999,34,0,0.335738801,11362.0,3,0,2,0,1,0
0.301347611,74,0,0.712595908,6255.0,21,0,2,0,0,0
0.409985282,69,1,0.279980823,14600.0,15,0,2,0,0,1
0.748854301,42,1,0.282472613,3833.0,8,0,0,0,1,1
0.057058914,63,1,0.124818578,6200.0,7,0,2,1,1,1
0.138502804,28,0,0.890306122,1175.0,5,0,1,0,0,0
0.895161573,59,0,0.214073495,6394.0,8,2,0,0,1,0
0.777400128,46,2,0.40223034,5200.0,9,2,2,0,0,1
0.003622935,55,0,0.159222931,10500.0,14,0,1,0,1,0
0.943862932,51,0,0.668704923,6377.0,21,0,2,0,1,1
0.072816649,55,3,0.381730253,9304.0,17,0,2,1,1,0
0.0,28,0,1931.0,0.0,14,0,2,0,0,0
0.06661712,36,0,1.40139965,4000.0,7,0,4,0,1,1
0.0,42,1,0.232368817,11300.0,4,0,1,2,2,1
0.891621676,48,0,0.429708779,4772.0,5,0,1,0,2,1
0.0,64,0,0.325945676,6000.0,7,0,2,0,0,1
0.329720663,48,0,0.257055314,6200.0,5,0,1,0,1,0
1.035464302,57,5,0.71487029,12951.0,5,7,3,1,2,1
0.090738823,58,0,1.100973236,3287.0,14,0,3,0,0,0
0.650034997,47,0,0.29494328,5200.0,9,0,1,0,2,0
0.218781219,25,0,0.123211814,4333.0,2,0,0,0,0,0
0.841117655,48,1,0.59924812,2659.0,8,0,1,0,0,1
0.065461085,66,0,0.208576795,9583.0,3,0,1,0,0,0
0.9999999,54,0,0.012332245,2756.0,1,0,0,1,0,1
0.148284391,57,0,0.10953589,6700.0,9,0,0,0,0,1
0.054442764,34,0,0.49978185,4583.0,14,0,2,0,1,1
0.218421053,35,4,0.104986877,2666.0,10,2,0,1,0,1
0.9999999,63,0,0.160550459,2833.0,1,1,0,0,0,1
0.9999999,37,0,0.193650529,12000.0,1,3,0,1,2,1
0.056573137,45,0,0.253222503,8300.0,11,0,2,0,2,0
0.077146143,61,0,0.503317116,2260.0,6,0,1,0,0,0
0.376181564,62,1,0.335926106,6170.0,12,0,0,0,1,0
0.005945143,38,0,0.355647302,3390.0,7,0,1,0,3,0
0.08952507,64,0,1.05439756,5900.0,7,0,4,0,0,0
0.002919495,42,4,0.238268695,9333.0,7,0,1,0,5,1
0.277957141,61,0,0.713689007,5266.0,18,0,1,0,0,0
0.430622775,60,3,0.400085702,7000.0,7,0,2,0,0,1
0.659962114,58,0,0.433683867,12266.0,11,0,2,0,0,0
0.9999999,58,2,0.725818545,4000.0,8,2,1,0,2,1
0.909882486,60,0,0.378929686,4166.0,9,0,0,0,0,1
1.774542674,53,0,0.406259374,10000.0,13,0,3,0,4,1
0.584510387,55,0,0.347070283,6672.0,5,0,1,0,3,0
0.9999999,30,0,0.0,4000.0,0,1,0,0,5,1
0.550105915,53,0,0.435736172,6200.0,12,0,1,0,1,1
0.059756298,66,0,0.250163624,13750.0,16,0,2,0,0,1
0.429246267,59,0,0.381254316,15928.0,17,0,1,0,1,0
0.601457039,41,0,0.303826104,10166.0,10,0,1,0,4,0
0.114106553,78,0,0.319386637,4564.0,7,0,2,0,0,0
0.000535695,40,0,0.350516609,9000.0,6,0,2,0,2,0
0.013101668,50,0,0.892153893,3300.0,10,0,2,0,2,0
0.815014346,58,1,1.159063101,11441.0,24,0,5,0,0,1
0.082110121,41,0,0.37664934,2500.0,5,0,1,0,2,0
0.9999999,38,0,0.164964138,4600.0,3,2,0,0,0,0
0.656141459,64,0,0.796627491,1956.0,7,0,1,0,0,0
0.9999999,94,0,2.243512974,500.0,4,0,1,0,0,0
0.403692005,66,0,0.428057162,9166.0,6,0,2,0,0,0
0.9999999,28,0,0.419966403,4166.0,4,0,2,2,0,1
0.9999999,27,1,0.079787234,2819.0,0,1,0,1,1,1
0.989844494,53,1,0.261261261,3773.0,6,2,0,0,1,1
0.718637035,65,4,0.334073992,9000.0,12,0,1,0,1,1
0.46090535,28,1,0.024487756,2000.0,7,0,0,0,0,1
0.0,35,0,0.0,5416.0,1,0,0,0,1,1
0.9999999,37,1,0.136345462,2500.0,2,4,0,0,1,1
0.973253343,44,1,0.877955966,3678.0,6,1,2,0,4,0
0.008047758,61,1,0.272386789,2936.0,9,0,1,0,1,1
0.710978307,47,0,0.745798766,4700.0,11,0,2,0,3,1
0.112688023,50,0,0.236884525,13647.0,19,0,4,0,1,0
0.371581112,79,0,1074.0,0.0,10,0,1,0,0,0
0.780679519,43,0,1.864003312,4830.0,7,0,4,0,0,0
1.136212625,37,0,0.062298108,2166.0,3,1,0,0,1,1
0.102274353,57,0,0.404694892,16698.0,12,0,3,0,4,0
0.048190266,39,0,0.23673281,6500.0,9,0,2,0,3,0
0.9999999,25,0,0.0,1625.0,0,1,0,0,0,0
0.9999999,39,0,0.510531136,4367.0,2,6,1,0,1,1
0.566751792,40,0,0.2010541,6450.0,9,1,0,1,4,1
0.00157891,62,0,0.196721311,2500.0,12,0,0,1,0,1
0.208081426,50,0,0.500293945,1700.0,7,0,0,0,0,0
0.262838369,70,0,0.538187009,1400.0,4,0,1,0,0,0
0.501367291,52,4,0.427155865,7467.0,10,1,1,0,0,1
0.369337615,72,0,0.109344533,6666.0,16,0,0,0,0,0
0.396500243,62,0,0.755401356,6340.0,11,0,2,0,0,0
1.004167498,62,1,0.483865987,6476.0,16,0,1,0,0,1
1.090795502,36,1,0.354466859,2428.0,10,0,0,0,1,1
0.0,37,0,1.23755249,5000.0,12,0,2,0,4,1
0.017692214,56,0,0.040725422,22000.0,14,0,1,0,1,0
0.60928617,51,1,0.957680773,3000.0,10,0,1,0,0,1
0.981552652,54,0,0.561500276,3625.0,7,0,1,0,0,1
0.960506582,39,0,0.76124775,5000.0,6,2,1,0,2,1
1.029362572,32,0,0.186052182,4100.0,5,6,0,0,3,1
0.129277894,57,0,0.267659412,5237.0,6,0,1,0,3,0
0.041998576,63,0,0.011558888,3200.0,3,0,0,0,0,0
0.982806877,38,5,0.876475669,3472.0,8,2,3,3,0,1
0.410299943,36,0,1.007508834,2263.0,9,0,1,0,2,1
0.06878109,65,0,0.041591682,5000.0,6,0,0,1,0,0
1.115261271,29,3,0.284431138,4675.0,12,0,0,3,2,1
0.0,42,0,0.141364039,16934.0,3,0,1,0,2,0
0.010463465,82,0,0.158668266,3333.0,8,0,0,0,0,0
0.551206106,62,0,1.053068759,6500.0,16,0,2,0,3,1
0.975347023,43,0,0.4057282,8623.0,9,0,1,0,0,0
0.410789169,48,0,0.41025641,4094.0,15,0,0,0,0,0
0.9999999,23,0,0.0,2870.0,0,0,0,0,0,1
0.411165641,60,0,0.096204188,4583.0,7,0,0,0,0,0
0.062886246,37,0,0.878877888,3029.0,6,0,2,0,0,0
0.999940338,46,2,0.73272536,5701.0,9,1,2,0,2,1
0.364390379,49,0,0.88968073,7015.0,10,0,6,0,0,1
0.976540123,48,0,0.624673127,6500.0,13,0,1,1,2,1
0.934374143,67,1,0.735373473,14083.0,22,0,2,0,1,1
0.683804627,49,5,2.281025641,2924.0,9,0,3,2,0,1
0.049864487,33,0,0.391576053,8000.0,17,0,2,0,3,0
0.687680165,50,1,0.314634865,13583.0,15,0,1,0,6,1
0.07043172,84,0,0.019192323,2500.0,1,0,0,0,0,0
0.130047833,50,0,0.505604362,3300.0,14,0,0,0,0,1
0.688101697,40,1,0.340296053,12159.0,16,0,2,1,2,1
0.925216534,36,4,0.847475006,3900.0,18,0,1,1,2,1
0.0,49,0,0.230310472,5700.0,9,0,1,0,0,0
0.449183666,68,0,0.332448055,6400.0,7,0,2,0,0,0
0.559589582,45,0,0.486679662,4616.0,5,0,1,0,0,1
0.877402819,67,3,1.410140443,4200.0,12,4,3,1,0,1
0.448835365,52,0,0.120117598,50000.0,13,0,2,0,2,1
0.776128829,29,0,0.249583472,3000.0,4,0,0,0,0,0
0.012473192,58,0,0.35001438,3476.0,26,0,1,0,0,1
0.561675441,49,0,0.038347139,93800.0,17,0,2,0,2,0
0.272872206,54,0,0.286325428,13323.0,17,0,2,0,1,0
0.001025628,65,0,3420.0,0.0,10,0,2,0,0,1
1.077792221,50,1,0.679909345,7500.0,5,0,2,0,1,0
0.004949753,47,0,0.275516403,3291.0,8,0,0,0,0,0
0.9999999,47,0,0.022325709,7300.0,2,1,0,0,1,1
0.887058564,41,3,0.725210084,2379.0,12,0,1,1,1,1
0.9999999,31,0,0.240567559,3100.0,1,0,0,2,0,1
0.754844613,52,2,0.365646774,3300.0,11,0,0,0,0,0
0.921026325,61,0,1.151241535,3100.0,14,0,3,0,0,0
0.195936866,53,0,0.14022565,8685.0,5,0,1,0,1,0
0.226611689,33,0,0.303486998,6767.0,7,0,1,0,2,0
0.0,28,0,0.04070507,5502.0,3,1,0,0,0,0
0.152408871,73,0,0.231501762,10500.0,17,0,2,0,0,0
1.004133058,53,1,0.388345196,4495.0,8,0,1,0,0,1
0.403982406,44,0,1.426423466,4056.0,25,0,2,0,3,0
0.017213822,62,0,0.004587156,5667.0,7,0,0,0,0,0
0.021779891,71,0,0.217524766,7166.0,7,0,1,0,0,0
0.021949616,85,0,0.021991204,2500.0,6,0,0,0,0,0
0.161307564,59,1,0.4827452,7707.0,14,0,3,0,0,0
0.845820129,44,1,0.199502023,6425.0,5,0,0,0,2,0
0.095218817,29,0,0.430523159,3000.0,8,0,0,0,0,0
0.009056158,67,0,0.014874421,4100.0,17,0,0,0,0,0
0.550824809,46,2,0.352962895,5416.0,10,0,2,0,5,1
0.023271154,62,0,0.237863339,6570.0,6,0,1,0,0,0
0.512498311,24,0,0.219332679,2037.0,6,0,0,0,0,0
0.009217479,67,0,0.039933444,600.0,8,0,0,0,0,0
0.59703925,42,0,0.463107379,5000.0,11,0,1,0,0,1
0.835766569,41,1,0.688294751,9200.0,12,0,4,0,2,1
0.015661446,31,0,0.184245824,8200.0,9,0,1,0,0,0
0.297746512,46,0,0.436284312,5500.0,8,0,2,0,0,1
0.002585068,46,0,0.1407485,10500.0,22,0,1,0,0,0
0.158645514,38,0,0.311647931,4180.0,5,0,1,0,2,0
0.100771434,57,0,0.30625101,6190.0,17,0,2,0,0,0
0.006408613,27,0,0.057841836,5272.0,10,0,0,0,0,0
0.020095961,59,0,0.219407374,8841.0,10,0,1,0,2,0
0.652979264,33,5,0.624479334,3120.0,16,0,1,2,0,1
0.9999999,51,0,0.294765221,4450.0,4,0,1,0,1,0
0.153475217,48,0,0.300796991,11166.0,12,0,3,0,0,0
0.865891764,50,6,0.772233878,10962.0,8,3,1,2,4,1
0.9999999,26,0,0.084728818,4000.0,2,0,0,0,0,0
0.078278434,55,0,0.490662761,5461.0,10,0,1,0,0,0
0.9999999,38,0,0.293994778,1914.0,3,0,0,0,2,1
0.301311351,47,0,0.166138639,7890.0,9,0,1,0,2,1
0.450643557,47,1,0.450509898,5000.0,16,0,2,1,0,0
0.039927783,49,0,2.901098901,1000.0,9,0,2,0,2,0
0.816323739,73,4,0.430905378,2937.0,12,0,1,0,0,0
0.425072804,35,1,2461.0,0.0,8,0,1,0,3,0
0.559139785,77,1,0.202570816,4200.0,2,1,0,0,0,1
0.336897337,28,2,0.545613597,4000.0,14,0,2,0,0,1
0.849551857,62,1,0.395393474,4167.0,21,0,0,0,0,1
0.41887969,35,2,0.37746555,3700.0,15,0,2,0,0,1
0.0,40,0,0.0,12800.0,1,0,0,0,0,0
0.965544826,34,0,0.308338332,5000.0,6,0,0,0,3,1
1.06942516,46,9,0.346173868,1920.0,11,1,0,1,1,1
0.116575805,57,0,0.491146319,8583.0,31,0,2,0,0,0
0.0,74,0,0.109285127,2433.0,8,0,0,0,1,1
0.684707424,58,0,0.334091849,4833.0,9,0,1,0,1,0
0.650705674,44,0,0.331090175,5200.0,10,0,2,0,1,0
0.08298868,49,0,0.323675693,12666.0,8,0,2,0,0,0
0.028423019,55,0,0.22447412,16923.0,16,0,2,0,1,0
0.9999999,40,1,0.007406036,5400.0,3,0,0,0,0,1
0.087891921,59,1,0.223786902,5893.0,9,1,1,1,1,1
0.487349163,41,0,0.277352018,13700.0,14,0,2,0,1,0
0.373295238,33,3,0.762111894,6666.0,12,0,4,0,0,1
0.02186774,52,0,0.238811804,5116.0,9,0,2,0,2,0
0.309016012,35,2,0.555904523,3183.0,10,0,1,0,2,1
0.0,52,0,0.258699304,4166.0,8,0,1,0,1,0
0.0,38,0,0.172315284,7700.0,9,0,2,0,3,0
0.150233991,41,1,0.263770224,5500.0,10,0,1,0,3,0
0.0,54,1,0.386358587,4500.0,5,0,1,0,0,1
0.053130071,78,0,0.066343042,617.0,3,0,0,0,0,1
0.004636357,53,1,0.251218598,8000.0,17,0,2,0,0,0
0.790818215,53,3,0.554016164,6062.0,8,1,1,3,1,1
0.965939533,41,5,0.198753297,8341.0,7,2,1,0,0,1
0.9999999,43,0,0.086774261,4770.0,1,0,0,0,1,1
0.9999999,48,0,0.0,6250.0,0,0,0,0,2,1
0.9999999,32,0,0.112087246,3300.0,1,1,0,0,2,0
0.036928694,93,0,0.003727866,13948.0,15,0,0,0,0,1
0.0,51,0,0.0,32670.0,2,0,0,1,0,0
0.0,62,0,1.382261087,1600.0,3,0,1,0,0,0
0.249221978,34,0,0.054054054,2700.0,3,0,0,0,0,0
0.750960799,35,2,0.164488017,3671.0,2,0,0,0,2,1
0.79241517,45,0,0.333333333,3833.0,2,0,1,0,4,1
0.157977432,52,0,0.407372512,8490.0,15,0,2,0,1,0
0.336385973,38,0,0.383830542,18033.0,15,0,3,0,0,0
0.148052461,71,0,0.403607911,4600.0,12,0,1,0,2,0
0.041548777,50,2,0.359920018,4500.0,9,0,2,0,2,1
0.612903226,56,0,0.296330444,5422.0,9,0,0,1,0,1
0.032665578,84,0,0.006105263,4749.0,1,0,0,0,0,0
0.62755899,39,1,0.122934428,9500.0,8,0,0,0,4,1
1.034709327,35,0,0.439397398,4380.0,10,0,1,0,2,1
0.0,48,0,0.286639368,10500.0,11,0,2,0,0,0
0.35893711,58,0,0.923208923,2330.0,10,2,1,0,0,1
0.9999999,47,4,0.344443704,15000.0,5,0,1,1,4,0
0.664223851,45,1,0.299457995,4427.0,6,0,0,0,3,0
0.929339235,54,1,0.333868952,5600.0,6,0,1,0,0,1
1.036422067,34,1,0.598782873,4600.0,6,3,1,2,0,1
0.214410878,33,0,0.242126312,6000.0,6,0,1,0,2,0
0.087086574,31,0,0.308717379,1800.0,4,0,0,0,0,0
0.112144379,50,0,0.585934464,7720.0,13,0,2,0,0,0
0.858678955,61,1,0.411302585,3945.0,7,1,0,2,0,1
0.527829779,53,0,0.492343193,4766.0,15,0,2,0,2,0
0.005984268,51,0,0.686586985,7529.0,23,0,2,0,1,0
1.594810379,47,2,0.379348631,5403.0,4,1,1,0,2,1
0.740432612,46,0,0.176342072,6407.0,6,1,0,0,3,1
0.027093532,74,0,36.0,0.0,9,0,0,0,1,0
0.816593654,56,2,1.634355361,5250.0,17,0,1,0,0,1
0.388624587,52,0,0.307041485,3663.0,6,0,1,0,2,0
0.070922411,62,0,0.665780236,9400.0,20,0,3,0,2,1
2.38e-05,39,0,1607.0,0.0,10,0,1,0,2,1
0.954351795,57,0,0.395256917,4300.0,11,0,0,0,0,1
1.038288014,35,0,0.13022302,3900.0,2,0,0,0,4,1
0.280223993,29,0,0.598674965,4980.0,14,0,1,0,0,1
0.744279049,44,2,0.579008074,2600.0,4,0,1,1,3,1
0.9999999,49,0,0.378006873,3200.0,3,2,2,0,0,1
1.00208316,60,0,0.319447751,4200.0,10,2,1,0,0,1
0.033715694,48,0,0.324168958,4000.0,12,0,1,0,1,0
0.890013748,34,0,0.039669421,5444.0,3,0,0,0,0,0
1.08095952,61,4,1.075732449,1808.0,8,3,1,2,0,1
0.766447813,30,0,0.285977374,3800.0,8,0,0,0,0,0
0.008854352,51,0,0.335425485,6850.0,12,0,1,0,4,0
0.386376885,64,0,0.368927624,13194.0,16,0,2,0,3,0
0.9999999,25,0,0.0,6550.0,0,0,0,0,0,1
0.812640019,35,0,1.815992731,2200.0,11,0,1,0,0,1
0.173046657,62,0,0.24120479,8100.0,8,0,1,0,0,0
1.034642965,49,5,0.580083831,7872.0,7,2,1,0,0,1
0.08409551,58,0,0.269133726,10700.0,6,0,3,0,1,0
0.727943033,42,0,0.136517999,8833.0,13,0,0,0,2,1
0.927938588,53,0,0.335413167,12500.0,7,0,1,0,2,0
0.242488978,45,0,0.427166667,5999.0,11,0,1,0,1,1
0.950578339,38,2,0.165383056,7400.0,4,0,1,0,3,1
0.312162899,35,1,1.5337132,2105.0,11,0,1,0,2,1
0.471126444,50,0,1.137198622,3483.0,7,0,1,0,3,0
0.06369828,26,0,0.416706444,6284.0,6,0,2,0,1,0
0.0,33,0,0.050518259,52000.0,7,0,2,1,3,0
0.018465332,63,0,0.111223868,4926.0,5,0,0,0,1,0
0.293350717,69,0,0.684572142,1600.0,12,0,1,1,0,1
0.911941165,35,0,0.589483612,4240.0,7,0,1,0,1,1
0.055560386,43,2,0.495834722,3000.0,4,0,1,0,1,1
1.006788817,40,1,0.463539248,6458.0,7,0,1,1,1,1
0.9999999,35,98,0.008663779,3000.0,0,98,0,98,0,1
0.023177447,55,0,0.052189562,5000.0,5,0,0,0,2,0
0.937780584,38,1,0.21192542,5416.0,6,0,0,0,4,0
1.018159806,58,0,0.186887137,5200.0,9,1,0,0,0,1
0.866251268,39,4,0.363471149,2200.0,5,0,1,0,2,1
0.034311013,58,1,0.281594011,9083.0,13,0,2,0,3,0
1.034182522,51,1,0.251655081,12083.0,3,0,1,1,1,1
0.230115412,35,0,0.375216638,5769.0,10,0,2,0,0,1
1.092301238,38,4,0.882389701,8000.0,14,1,2,0,1,1
0.028440999,59,0,0.368644969,4700.0,4,0,1,0,2,0
0.9999999,34,2,0.094695918,3600.0,3,1,0,0,4,0
0.029038646,74,0,0.692714951,9443.0,14,0,4,0,0,1
0.895258046,45,1,0.265206813,6575.0,4,1,1,0,4,1
0.766274161,35,1,0.148450491,6614.0,8,0,0,0,0,0
0.266191955,74,0,0.169736187,2008.0,7,0,0,0,1,0
0.0,53,0,0.501287755,17083.0,8,0,3,0,2,0
0.008169215,58,0,0.495137453,13058.0,9,0,2,0,0,0
0.109258792,40,0,0.141524853,10400.0,21,0,1,1,4,0
0.500893502,41,0,0.379260751,6952.0,11,0,2,0,2,0
0.616766467,36,3,0.503580852,2652.0,9,1,0,1,1,1
1.146422629,21,0,0.011514105,1736.0,1,0,0,0,0,0
0.167290295,63,0,0.442327573,13541.0,24,0,4,0,1,1
0.0499002,31,0,0.051212271,4041.0,3,2,0,1,4,1
0.162938793,48,0,0.513925256,4200.0,11,0,2,0,3,0
0.528336156,45,0,0.431625904,6500.0,12,0,2,0,3,1
1.083444415,45,0,0.109372283,5750.0,11,1,0,0,0,1
0.600156591,40,0,0.687468797,6008.0,11,0,2,0,0,1
0.054253011,39,0,0.00684438,5551.0,3,0,0,0,2,0
0.19700582,48,0,0.276890683,11397.0,17,0,2,0,0,0
0.97010299,41,0,0.281968536,2478.0,3,1,0,0,2,0
0.728386883,40,1,0.191233017,3900.0,3,1,0,0,0,1
0.086416595,45,0,0.182530507,7784.0,15,0,1,0,4,0
0.256510533,29,1,8901.0,0.0,17,0,9,0,1,1
0.99260074,39,8,0.961171438,9116.0,15,0,3,1,1,1
0.752113444,47,2,0.533915379,4466.0,6,6,1,0,1,1
0.9999999,26,0,0.105526243,3600.0,2,1,0,0,0,1
0.704073982,28,1,0.155201143,4200.0,8,0,0,0,0,0
0.252603351,49,0,0.454280358,4800.0,16,0,2,0,2,1
0.3279304,49,5,1.288781933,2700.0,9,0,2,2,3,0
0.962366338,56,1,0.549417512,2660.0,9,0,1,1,0,1
0.049513651,36,0,0.00803147,6100.0,7,0,0,0,0,0
0.157638768,67,0,0.414202264,5477.0,11,0,2,0,1,0
0.9999999,59,0,0.453566622,5200.0,2,1,1,0,0,1
0.9999999,68,1,0.786108919,1266.0,4,0,3,1,0,1
0.249781752,33,0,0.357370095,7543.0,9,0,4,0,0,1
0.230727946,43,0,0.264298856,12500.0,15,0,2,0,0,0
0.136793641,92,1,0.235086836,3972.0,11,0,1,0,1,0
0.635834735,48,0,0.55705432,2742.0,10,0,0,0,2,0
0.584290393,61,3,0.939062128,4200.0,19,1,3,0,0,0
0.034633215,52,1,0.001389415,7916.0,6,0,0,1,0,1
0.049977849,42,0,0.401728844,4395.0,9,0,1,0,3,0
0.996890725,31,2,1413.0,0.0,6,0,0,0,0,1
0.007539247,32,0,0.17601043,2300.0,12,0,0,0,2,1
0.099965306,37,0,0.693374217,7500.0,20,0,2,0,2,0
0.014549131,76,0,0.011522712,10500.0,11,0,1,0,0,0
0.340559184,87,0,0.490961446,6250.0,20,0,2,0,0,1
0.981517952,54,7,0.506766917,3324.0,10,0,1,0,1,1
1.261337433,34,3,0.179850125,1200.0,4,1,0,0,0,1
0.0,41,0,0.063005432,8284.0,5,0,0,0,0,0
0.274545091,41,1,0.206480524,2900.0,5,0,0,0,0,0
0.173427419,50,0,0.118607313,16600.0,8,0,1,0,0,0
0.892981336,33,4,0.200578244,8300.0,7,2,0,1,0,1
0.906685863,49,5,0.943097576,4990.0,16,1,1,1,3,1
0.006371131,57,0,0.20311838,11800.0,6,0,1,0,1,0
0.012339661,60,0,0.154501562,3520.0,22,0,1,0,1,1
0.9999999,47,2,0.600114253,3500.0,4,2,3,1,0,1
0.301214642,62,1,0.550064277,7000.0,17,0,2,0,0,0
0.000303007,55,0,0.251582806,3000.0,6,0,0,1,2,1
0.069857216,51,0,0.072291084,12504.0,6,0,0,0,1,0
1.00419916,29,0,0.225606854,2100.0,9,0,0,0,2,1
0.005908518,78,2,0.006996502,2000.0,13,0,0,0,1,0
0.174241963,77,0,0.168924352,32333.0,7,0,1,0,1,0
0.781243751,47,0,0.362755888,4542.0,7,0,1,0,1,1
0.0,65,0,0.27653756,17917.0,5,0,2,0,0,1
0.498985396,43,1,0.55786005,5158.0,14,0,1,0,3,1
1.025794841,50,0,0.409025993,3500.0,5,0,1,0,4,1
0.9999999,51,2,0.189291269,4500.0,4,4,0,1,0,1
0.274699204,50,2,0.12637028,3283.0,7,1,0,0,0,1
0.739438649,42,0,0.06688502,5800.0,9,1,0,0,2,1
0.207745333,37,1,0.435524759,5916.0,8,0,1,0,3,0
1.029725869,57,1,1.022630835,9190.0,8,0,1,0,2,1
0.9999999,24,98,0.0,1100.0,0,98,0,98,0,1
0.844092705,61,1,0.430215942,12595.0,12,1,3,0,0,0
0.000810592,71,1,0.212887099,7200.0,5,1,1,0,0,1
0.756157035,74,3,0.232900137,2923.0,5,0,0,0,0,1
0.9999999,28,0,0.341569767,1375.0,1,0,0,0,0,1
0.554722639,47,0,1.106167846,988.0,11,0,1,0,0,0
0.676646707,30,0,0.127363617,4600.0,3,0,0,0,1,0
0.011772162,63,0,0.164052365,8478.0,13,0,1,0,1,0
0.043265224,51,0,0.348266459,7700.0,9,0,1,0,0,0
0.472551643,42,0,0.344808491,10834.0,7,0,2,0,3,0
0.973339258,61,1,0.209961825,5500.0,11,0,0,1,1,1
0.043464486,44,0,0.555222253,11000.0,11,0,3,0,2,0
0.363888509,45,0,0.823723526,16666.0,13,0,4,1,0,1
0.066553957,61,0,0.207773161,4090.0,9,0,1,0,1,0
0.815478832,50,2,0.567056446,6926.0,13,0,1,0,2,1
0.115129332,51,0,0.357328234,7320.0,19,0,1,0,1,0
0.144600554,44,1,0.161783086,7200.0,8,0,1,0,2,1
0.399033876,32,0,0.433893685,2200.0,7,0,0,0,0,0
0.008967287,45,0,0.382420844,6063.0,6,0,2,0,0,0
0.60013333,39,0,0.50430436,3600.0,10,0,0,0,1,0
1.001998002,27,0,0.15315604,3120.0,4,0,0,0,0,1
0.9999999,60,0,0.128752502,2997.0,1,0,0,0,1,1
0.349041755,26,0,0.159730034,8000.0,6,0,1,0,0,0
1.030125842,36,1,0.836628039,4400.0,10,1,2,0,2,1
0.482462819,58,1,0.554579035,7850.0,14,1,2,0,1,1
0.008614722,57,0,0.111098767,9000.0,3,0,1,0,0,0
0.918016397,32,0,0.071532847,2054.0,5,0,0,0,0,0
0.0,47,0,0.915813253,6639.0,9,1,3,1,3,1
0.163750645,65,0,0.266873313,10000.0,13,0,1,0,0,0
0.320776891,52,0,0.310669333,8500.0,7,0,1,0,0,0
0.007749806,60,0,0.220213749,7578.0,8,0,1,0,0,0
0.767116442,52,1,0.721561969,5300.0,12,3,2,4,1,1
0.270101759,39,0,0.126850553,6416.0,8,0,2,0,1,0
0.9999999,36,1,0.255794928,3666.0,3,2,0,0,2,1
0.9999999,60,1,0.248418248,6005.0,1,6,0,4,0,1
0.007271405,29,0,0.897169811,2119.0,7,0,2,0,0,0
1.202711957,49,0,0.327704954,4500.0,6,3,0,0,0,1
0.0,44,0,0.001720512,5230.0,2,0,0,0,0,0
0.0,58,0,0.258332099,6750.0,5,0,2,0,1,0
0.694095823,45,0,0.554904327,5800.0,25,0,2,0,0,1
1.064387123,51,2,0.693641618,2940.0,6,0,1,1,1,1
0.9999999,56,0,0.183962264,3391.0,1,2,0,0,0,1
0.004159834,78,0,675.0,0.0,9,0,1,0,0,0
0.387331563,54,0,0.71152547,7400.0,11,0,2,1,1,1
0.062195854,41,0,0.08614692,4886.0,5,0,0,0,0,0
0.920265781,38,0,0.003986049,2006.0,1,0,0,0,1,1
0.086271146,37,0,0.220370868,3720.0,8,0,0,0,0,0
0.586109464,66,0,0.312365502,6040.0,6,0,0,0,0,0
1.055625509,55,1,0.46831472,7968.0,21,0,1,2,0,1
0.291880967,37,0,0.082702471,7000.0,4,0,0,0,0,0
1.114942529,51,4,0.174885207,10017.0,9,2,1,0,1,1
0.194669259,44,0,0.442101436,5500.0,7,0,1,0,1,0
0.781796795,35,3,0.499500167,3000.0,9,2,1,3,0,1
0.0,40,0,0.0,4666.0,1,0,0,0,0,0
0.967489666,34,0,0.254883864,6500.0,7,1,0,3,2,1
0.446421079,61,0,0.294973967,9410.0,9,0,1,0,1,0
0.26266989,68,0,0.141143543,2500.0,13,0,0,0,0,0
0.087787617,53,0,0.161337361,9600.0,5,0,1,0,0,0
0.063536942,35,0,0.273398149,8536.0,12,0,2,0,3,1
0.035761785,77,0,0.484848485,1154.0,8,0,0,0,0,0
0.325201968,42,0,0.308712752,15000.0,8,0,2,0,4,0
0.9999999,43,1,0.198704104,4166.0,1,2,0,1,0,1
0.971830986,35,0,0.330334833,2000.0,4,0,0,1,0,1
0.9999999,54,0,0.122244944,4400.0,2,2,0,0,0,1
0.0,47,0,0.13134589,8016.0,4,0,1,0,0,0
0.022029193,55,0,0.005364545,4100.0,5,0,0,2,0,0
0.297772162,65,0,0.696185515,5950.0,18,0,5,0,0,0
0.057098097,46,0,0.181275561,9046.0,4,0,1,0,0,0
0.867122248,47,0,0.243517776,3740.0,7,3,0,0,1,1
0.9999999,23,0,0.305997552,816.0,2,0,0,0,0,1
0.132463863,44,0,0.120768229,3071.0,11,0,0,0,1,0
0.575158355,52,0,0.270810746,8300.0,4,0,1,0,0,1
0.734477501,45,0,0.591477634,4716.0,13,0,2,0,2,1
0.038425214,76,0,0.015807204,3858.0,5,0,0,0,1,0
0.786220687,35,1,0.374363188,6084.0,11,1,1,1,3,1
0.011568401,49,0,0.572767021,1600.0,15,0,0,0,0,1
0.00329191,60,0,0.234684603,5500.0,12,0,2,0,0,0
0.419177029,40,0,0.823050847,1474.0,6,1,1,0,2,0
0.755269708,42,0,0.44173409,8280.0,9,0,0,0,2,1
0.552468614,68,1,0.342754299,7500.0,13,0,1,0,0,1
0.9999999,34,0,0.131401449,4002.0,2,1,0,0,4,1
0.792241552,49,0,0.094018657,5466.0,4,0,0,0,1,1
0.99380124,29,2,0.296685955,1900.0,7,0,0,0,0,1
0.020651725,44,0,0.294870513,10000.0,7,0,1,0,1,0
0.269719696,69,2,0.073665298,3895.0,9,0,0,0,0,0
0.045029737,65,0,0.174434702,2166.0,6,0,1,0,0,0
0.016022547,82,0,0.00359928,3333.0,6,0,0,0,0,0
0.999926265,39,0,0.131402698,10600.0,4,1,0,0,2,1
0.029581981,69,0,0.030646236,1500.0,6,0,0,0,0,0
0.324916145,25,0,0.109514138,6400.0,7,0,0,0,1,0
0.922155689,46,0,0.004331889,3000.0,1,0,0,0,2,1
0.134149268,79,2,0.195251219,4716.0,8,0,1,0,0,0
1.03996004,23,1,0.185876083,1500.0,2,0,0,0,0,1
0.9999999,34,0,0.25453128,5130.0,1,0,1,0,0,0
0.9999999,31,2,0.203490847,2348.0,2,1,0,2,1,1
0.004402903,35,0,0.333644424,15000.0,6,0,1,0,1,0
0.108532462,52,3,0.338559418,4400.0,13,1,1,0,1,1
0.311133754,46,0,0.441948502,28000.0,20,0,6,0,2,0
0.125473787,52,0,0.585416308,5800.0,13,0,1,0,3,0
0.0,35,0,0.08088033,3634.0,7,0,0,0,0,0
0.9999999,32,0,0.570649705,2200.0,5,0,0,0,1,0
0.906450201,67,1,0.53982808,3489.0,10,0,1,0,0,1
0.570268582,43,1,0.127212845,2428.0,9,1,0,0,1,1
0.25665059,64,0,1.363454618,2500.0,13,0,1,0,1,0
0.002477832,53,0,0.418096984,6000.0,13,0,1,0,2,0
0.960582691,25,1,0.273726274,1000.0,4,0,0,0,0,1
0.967110493,46,1,0.444327177,3789.0,7,2,1,1,1,1
0.033081011,82,0,0.009229755,9100.0,8,0,0,0,0,0
1.031076582,26,0,0.01874099,2080.0,5,0,0,0,0,1
0.162764135,38,0,0.274495546,5500.0,6,0,2,0,0,0
0.946843854,23,1,1.700348432,286.0,3,2,0,0,0,1
0.181771987,63,0,0.345126221,5426.0,11,0,1,0,1,0
0.04080806,36,1,0.007664112,3000.0,6,0,0,0,0,0
0.837010254,51,0,0.478347146,8566.0,12,0,1,0,1,1
0.545021698,64,0,1.199928597,2800.0,23,1,1,0,0,1
0.685546465,47,0,0.529867533,4000.0,11,0,1,1,2,1
0.0,24,0,0.136806104,3800.0,3,0,0,0,0,0
0.751249519,41,0,0.027459344,3750.0,2,2,0,0,1,1
0.49635442,49,0,0.357512953,3666.0,6,0,1,0,1,0
0.993335555,31,0,0.068227425,4484.0,6,0,0,0,1,0
0.707127093,51,2,0.449044027,5700.0,14,0,2,0,1,1
0.0,58,0,0.218361095,10445.0,13,0,1,0,1,0
0.9999999,67,1,0.936933136,4740.0,3,1,0,0,1,1
0.382022472,24,0,0.15855181,800.0,2,1,0,0,0,1
0.85618493,39,0,0.357607065,6000.0,4,0,2,0,0,1
0.528249684,54,1,1.263549989,9261.0,21,0,6,0,0,1
0.9999999,49,0,0.001345895,5200.0,0,0,0,0,6,1
0.275322417,54,0,0.359836181,7080.0,3,0,1,0,0,1
0.9999999,29,0,0.024991669,3000.0,2,0,0,0,3,1
0.055369068,27,0,0.100924918,3675.0,13,0,0,0,0,0
0.999917266,42,0,0.408896144,4900.0,4,0,1,1,3,1
0.814154511,50,1,0.297139683,3600.0,8,0,1,1,1,1
0.490738536,49,0,0.275960987,3485.0,5,0,0,0,1,0
0.861961274,42,0,0.106588197,6116.0,4,0,0,0,2,1
0.170291906,41,0,0.481296758,400.0,7,0,0,0,2,0
2.014975042,38,7,0.486752792,4566.0,10,1,1,1,3,1
1.06723059,33,1,0.948346661,4626.0,18,3,1,5,0,1
0.851293445,34,2,0.434964769,5250.0,9,1,2,0,0,1
0.430440471,68,0,0.376014991,1600.0,20,0,0,0,0,0
0.652902749,42,0,0.389309063,7800.0,12,0,3,0,5,0
0.00439912,27,0,0.109051254,2750.0,4,0,0,0,0,0
0.0,49,4,0.386366527,7862.0,7,0,1,0,2,1
0.004902349,69,0,0.00195474,13300.0,19,0,0,0,0,0
0.610978023,79,0,0.440889778,4000.0,6,0,1,0,0,0
0.043191362,29,0,0.069968196,2200.0,5,0,0,0,0,0
0.898840464,51,0,0.180622259,4788.0,0,4,0,0,2,1
1.005994006,43,0,0.18118983,4050.0,7,1,0,0,3,1
0.275543976,41,0,0.4404,2499.0,7,0,1,0,0,0
0.9999999,51,1,0.58696105,4800.0,3,1,2,0,0,1
0.230977484,36,0,0.606960763,4510.0,15,0,1,0,0,1
0.417018591,37,0,0.547445255,10000.0,15,0,3,0,1,0
0.058365169,61,0,0.01772347,9083.0,11,0,0,0,0,0
0.9999999,74,0,0.277925425,12416.0,9,0,1,0,1,0
0.9999999,70,6,0.606926098,2800.0,6,2,1,0,1,1
0.192419132,53,0,0.348739029,9000.0,13,0,1,0,0,0
0.950345973,60,6,0.732920856,3878.0,12,4,0,3,0,1
0.111886357,40,0,0.455130868,4813.0,22,0,1,1,1,0
0.9999999,32,0,0.0,2600.0,0,0,0,0,0,0
0.117033655,63,0,0.017344824,9166.0,7,0,0,0,1,0
0.518674382,29,0,0.254104211,1400.0,8,0,0,0,0,0
0.159851455,80,0,0.146556798,3397.0,9,0,0,0,0,1
0.958078039,37,4,0.582177228,8000.0,12,1,1,4,1,1
0.176002124,55,0,0.340186191,2577.0,7,0,1,0,0,0
0.9999999,40,98,0.010938924,3290.0,0,98,0,98,3,1
0.997313834,50,0,0.51169766,5000.0,8,0,1,1,1,1
0.219024538,31,0,0.001292149,16251.0,3,0,0,0,0,0
0.745925407,60,0,0.176672384,5246.0,9,2,1,0,0,1
0.166069516,43,0,0.624890036,17050.0,18,0,3,0,3,1
0.435672934,55,1,0.322100789,6587.0,9,1,2,0,1,1
0.017757855,68,0,0.156605641,4041.0,8,1,0,0,0,1
0.450459749,43,0,0.578342166,10000.0,13,0,2,0,1,1
0.982134127,68,2,0.888422819,3575.0,13,0,2,1,0,1
0.94057822,54,0,0.791819089,3006.0,9,2,2,2,1,1
0.948207171,27,0,0.005828476,1200.0,1,0,0,0,0,1
0.282496718,33,0,0.406397306,2969.0,13,0,1,0,0,0
0.0,31,0,0.422636966,4982.0,6,0,2,0,0,0
0.484536819,38,3,0.438926846,6000.0,5,0,1,0,2,1
0.094477859,73,0,0.114977005,5000.0,4,0,0,0,0,0
0.115395384,39,0,0.341965803,10000.0,12,0,1,0,0,0
0.898362283,35,0,0.193307559,7500.0,5,0,1,0,1,1
0.674666095,50,0,0.265496556,4500.0,6,0,1,0,0,1
0.102513808,64,0,0.586863317,5830.0,13,0,3,0,0,0
1.025948104,37,0,0.079866889,5408.0,3,6,0,0,3,1
0.156964345,39,0,0.129225247,6685.0,5,0,0,0,2,0
0.9999999,40,3,0.197436236,7566.0,4,2,0,1,2,1
0.9999999,29,0,0.390371783,2097.0,4,0,0,0,1,0
0.027017199,34,0,0.212578742,10000.0,5,0,1,0,0,0
0.704020412,31,0,0.298356875,3468.0,5,0,0,0,0,0
0.9999999,32,0,0.372891943,1600.0,3,3,0,0,0,1
0.9999999,71,4,0.278454577,2872.0,4,1,1,2,0,1
0.031676398,63,0,0.554084081,11250.0,9,0,2,0,1,1
0.9999999,35,0,0.061677718,9500.0,1,6,0,0,0,0
0.578931421,91,0,0.297576194,4166.0,4,4,0,1,1,1
0.9999999,50,0,0.31934033,2000.0,2,3,0,0,0,1
0.464217915,30,0,0.187635394,6000.0,7,0,0,0,1,0
0.0,57,0,0.102140582,13500.0,11,0,1,0,0,0
0.223442478,39,0,0.237441272,2766.0,6,0,0,0,4,0
0.827723147,59,0,0.180601611,8443.0,18,0,1,0,1,1
0.418261814,41,0,0.351960984,4920.0,10,0,2,0,0,0
0.962025316,27,1,272.0,0.0,2,2,0,0,0,1
0.508872782,55,1,0.274368644,8750.0,5,2,1,0,3,1
0.030975453,67,0,45.0,0.0,8,0,0,0,0,1
0.007465671,74,0,0.239940755,4050.0,5,0,1,0,0,0
0.13893399,52,1,0.214771364,7500.0,9,0,1,0,1,1
0.254401202,52,1,0.218390294,22500.0,11,0,5,0,1,0
0.678235034,41,6,0.506274997,7250.0,11,0,2,0,3,1
0.927072927,49,1,0.582183563,3333.0,3,0,1,2,0,1
0.031798937,73,0,0.46090535,1700.0,7,0,1,0,0,1
0.020942606,77,0,0.012383901,1291.0,10,0,0,0,0,0
0.9999999,51,1,0.11059044,3200.0,6,2,0,1,0,1
0.116254314,42,0,0.33196614,11458.0,6,0,2,0,1,0
1.030873273,55,0,0.624959164,3060.0,10,0,1,0,2,0
0.092788414,53,3,0.152582759,11750.0,27,0,1,0,0,1
0.852887166,32,1,0.519610231,8209.0,11,0,2,0,1,1
0.010554383,47,0,0.700766411,3000.0,5,0,1,0,0,0
0.790393013,34,2,0.392688308,3172.0,5,0,0,0,3,1
0.9999999,57,3,0.626533394,2200.0,4,0,2,0,0,1
0.019997561,51,0,0.210659898,2757.0,8,0,1,0,2,0
0.038688905,55,0,0.644687393,11707.0,17,0,4,0,2,0
0.9999999,28,0,4.0,0.0,1,0,0,0,0,0
0.348248214,63,1,0.459357723,8500.0,12,0,2,0,0,0
0.9999999,53,1,608.0,1.0,13,0,2,0,0,0
0.9999999,28,0,0.29199549,2660.0,7,4,0,1,0,1
0.568589312,45,0,0.18075915,10300.0,10,0,0,0,3,0
0.016449589,79,0,0.055028095,5160.0,5,0,0,1,0,1
1.190101237,34,0,0.424708171,5139.0,4,5,1,0,3,1
0.332667333,24,0,0.009988901,900.0,1,0,0,0,0,1
1.068493151,25,1,0.1299683,4100.0,2,0,0,0,0,0
0.614243323,46,3,0.742897953,6300.0,11,1,2,0,1,1
0.875303528,35,1,0.426428679,6666.0,11,0,1,0,2,1
0.113925969,59,0,0.392699372,4300.0,12,0,1,0,2,0
0.9999999,48,1,0.079457961,3246.0,3,0,0,0,4,1
0.35381913,52,0,0.738386308,5725.0,17,0,3,0,2,1
0.153213451,77,0,0.292223095,2545.0,9,0,1,0,0,0
0.001714122,43,1,0.439272477,11600.0,7,0,3,0,2,0
0.140434042,41,0,0.064967796,3570.0,3,0,0,0,1,0
0.970913186,57,0,0.698602794,3506.0,10,0,2,0,0,1
0.022505645,39,0,0.604719371,7500.0,8,0,2,0,0,0
0.197701607,55,1,0.258874113,10000.0,7,0,2,1,1,1
0.042009598,70,0,0.148170366,5000.0,4,0,1,0,0,0
0.170781347,36,2,0.150257498,3300.0,7,0,0,0,1,1
0.9999999,35,1,0.900911497,3400.0,6,0,2,0,0,1
0.659567363,40,0,0.642590775,5094.0,14,0,2,0,2,0
0.9999999,38,2,0.704863424,1500.0,3,0,0,0,3,1
0.023915564,84,0,0.124468883,4000.0,13,0,2,0,0,0
0.0,37,1,0.209927611,2900.0,8,1,0,0,0,1
0.844273678,33,0,0.301999298,2850.0,11,0,0,0,0,1
0.96660334,61,1,0.350549817,3000.0,4,0,1,0,0,0
0.9999999,24,0,0.0,1706.0,0,1,0,0,0,1
0.350792557,73,0,0.384598604,4583.0,11,0,1,0,0,0
0.006466203,54,0,0.172676188,8541.0,6,0,1,0,1,0
0.363916053,54,0,0.645784738,3000.0,12,0,3,1,1,0
1.0062041,54,2,0.727869479,15690.0,15,0,2,0,3,1
0.0,57,1,0.279113753,3700.0,8,0,1,0,0,1
0.9999999,56,1,0.429568528,1575.0,1,0,1,0,0,1
0.16573001,49,0,0.233630442,5833.0,3,0,1,0,3,0
0.9999999,39,0,0.003194888,24100.0,2,0,0,0,1,1
0.099390061,85,0,0.004999138,5800.0,2,0,0,0,0,0
0.0,63,3,0.861207228,2600.0,5,1,2,0,0,1
0.9999999,28,0,0.281181493,8666.0,4,0,1,0,0,0
0.148514059,50,0,0.417429675,9064.0,8,0,2,0,3,0
0.0,23,0,0.0,1.0,1,0,0,0,0,0
0.218347815,58,0,0.57587726,6582.0,14,0,1,1,0,1
0.258262875,40,1,0.718093969,3000.0,5,3,2,0,1,1
0.9999999,28,0,0.181662382,2333.0,3,3,0,0,0,1
0.03007954,60,0,0.393392841,10866.0,19,0,1,0,1,0
0.404403522,67,0,0.112710523,13893.0,11,0,0,0,0,0
0.000147678,83,0,0.001371272,2916.0,14,0,0,0,0,1
0.108318313,40,0,0.195698273,3300.0,12,0,0,0,1,1
0.719061423,40,1,0.746268657,5493.0,8,0,2,0,2,1
0.190053996,28,0,180.0,0.0,7,0,0,0,0,0
0.051278667,55,0,0.458470948,8174.0,6,0,1,0,1,0
0.833881357,63,0,0.336943843,6000.0,8,0,0,0,0,0
0.805380755,47,0,0.459220111,7000.0,7,0,2,0,2,0
1.023255814,33,1,0.003911343,2300.0,1,3,0,0,3,1
0.9999999,31,2,0.021191523,2500.0,1,0,0,0,3,1
0.007069439,43,0,0.082602677,6500.0,5,0,0,0,1,0
0.0,55,0,0.281367521,2924.0,8,0,0,0,2,0
0.000283817,71,0,0.00075815,1318.0,8,0,0,0,0,0
0.409731046,52,2,0.702308455,7060.0,15,0,2,0,4,1
0.0,33,0,0.064837905,400.0,6,0,0,0,1,0
0.9999999,33,3,0.099296649,7250.0,2,1,0,1,1,0
0.933396765,30,5,0.368481282,6116.0,7,0,2,1,1,1
0.00050238,38,0,0.173270089,3583.0,10,0,0,0,0,0
0.006469691,59,0,0.309447507,7800.0,5,0,1,0,3,0
0.001349933,67,0,0.242217678,4400.0,3,0,1,0,1,0
0.741049126,28,1,0.020228216,1927.0,1,0,0,0,0,1
0.0,43,0,0.338886245,2100.0,5,0,0,0,3,1
0.021403167,45,0,0.019990005,2000.0,6,0,0,0,0,0
0.737262737,63,0,0.213898164,9583.0,9,1,2,1,0,1
1.128589263,36,1,0.239466794,4200.0,6,2,0,0,2,1
0.018544166,49,0,0.215068854,11400.0,11,0,1,0,2,0
0.573474592,58,0,0.645287865,14016.0,33,0,3,0,0,1
0.9999999,49,1,0.290177456,4000.0,4,1,1,0,3,1
0.400755377,50,0,0.271345731,5000.0,9,0,0,0,2,0
0.791760221,60,2,0.154079629,5600.0,14,0,0,0,0,1
0.9999999,59,0,0.092345968,6832.0,0,2,0,0,0,0
0.259913362,49,0,0.222422332,2220.0,3,0,0,0,0,0
0.169902507,44,0,0.266531027,11795.0,18,0,4,0,2,0
0.154724314,44,0,0.727416799,4416.0,10,0,3,0,0,1
0.08321083,51,0,0.218402325,9976.0,3,0,1,0,0,0
0.9999999,25,2,0.426710098,920.0,2,1,0,0,0,1
0.349333062,43,0,0.38238615,5313.0,13,0,1,0,0,1
0.40185568,37,3,0.306461692,8000.0,14,0,2,0,2,1
0.002158816,69,0,0.416775315,2300.0,11,0,1,0,3,1
0.214582945,43,3,0.752811797,4000.0,15,0,4,1,1,1
0.155084492,35,0,0.257376466,5625.0,6,0,2,0,0,0
0.9999999,52,0,0.0,3666.0,3,0,0,0,0,0
0.0,38,0,0.452364941,4460.0,3,1,1,1,0,0
0.182662331,53,1,0.256482,10721.0,11,0,1,0,4,0
0.215307006,68,1,0.113690709,23000.0,11,0,1,0,1,0
0.9999999,52,0,0.011244378,5335.0,2,2,0,0,1,1
0.582474127,77,0,0.402559744,10000.0,13,0,2,1,1,0
0.000736832,38,0,9.09e-05,11000.0,6,0,0,0,3,0
0.07805562,61,0,0.212513884,2700.0,7,0,1,0,1,0
0.001516914,39,0,0.473136193,2400.0,12,0,1,0,2,0
0.851395312,49,0,0.321243523,11000.0,14,1,0,0,0,0
0.212461442,47,0,0.449720988,8780.0,26,0,3,0,2,0
0.326900476,73,0,0.504890679,3475.0,6,0,1,0,0,0
0.191371804,45,0,1.479320679,5004.0,18,0,2,0,1,1
0.293066686,30,0,0.690338861,2773.0,5,0,1,0,0,0
0.9999999,27,0,0.338028169,567.0,1,1,0,0,0,0
1.10167582,54,0,0.121319853,9000.0,4,3,0,0,3,1
0.775446152,39,1,0.347950429,6293.0,12,0,0,0,3,1
0.970553634,41,1,0.36744777,7083.0,10,0,1,0,0,1
0.926586449,48,0,0.561205273,7433.0,15,0,2,0,0,1
0.340355321,67,0,0.292682927,2500.0,4,0,0,0,0,0
0.9999999,46,0,0.0,8500.0,0,0,0,0,3,1
0.779468507,41,1,2.147901399,1500.0,12,0,3,0,3,1
0.982131461,37,0,0.326033137,5250.0,11,0,1,0,2,1
0.143098514,88,4,0.13655814,10749.0,8,0,1,0,0,1
0.306836896,44,0,2240.0,0.0,12,0,2,0,0,0
0.106842089,49,0,0.785062367,6573.0,14,0,5,0,0,0
0.700614198,52,0,0.865961199,1700.0,4,0,1,0,1,0
0.40515552,52,0,0.348275287,6000.0,7,0,2,1,0,1
0.798896647,54,3,0.586834419,4450.0,12,0,2,0,0,1
0.934208326,33,1,0.613197067,4500.0,8,0,2,6,4,1
0.549686229,43,1,0.026459561,9334.0,6,0,0,1,0,1
0.599618425,38,1,0.185762847,5000.0,10,0,0,1,1,1
0.9999999,38,0,0.202499362,3920.0,7,1,0,1,1,1
0.9999999,32,2,0.307128581,1500.0,1,1,0,0,3,1
0.012684179,30,0,0.097975506,4000.0,11,0,0,0,0,0
1.010747313,45,1,0.243057098,4500.0,16,1,0,4,1,1
0.017891457,52,0,0.46623786,39333.0,18,0,7,0,3,1
0.044893158,26,0,0.106540988,3500.0,3,0,0,0,1,0
1.171016102,46,3,0.285428643,4000.0,3,0,1,3,7,1
0.304384671,59,1,0.360048744,10667.0,19,0,2,0,0,1
0.939412299,36,0,0.038733861,2400.0,2,0,0,0,0,0
0.324621569,44,1,1.000898992,15572.0,30,0,13,0,3,1
0.975341553,34,0,0.283177109,4053.0,4,1,1,0,0,1
0.182389578,30,0,0.329882185,2800.0,4,0,0,0,0,0
0.548373656,38,0,1.566368237,2568.0,10,0,2,0,2,0
0.9999999,60,0,0.249875062,2000.0,1,0,0,0,0,0
0.526742218,46,0,0.214979043,9065.0,16,0,0,0,1,0
0.281303377,23,1,0.165889407,1500.0,10,0,0,0,1,1
0.982007197,33,1,0.24221651,3500.0,5,1,0,0,0,1
0.565020677,49,0,0.93119077,2426.0,9,0,2,0,1,1
0.029060631,78,0,0.005999143,7000.0,4,0,0,0,0,0
0.9999999,26,2,0.643236489,3200.0,5,0,1,0,0,1
0.045734197,45,0,1.019992003,2500.0,16,0,2,0,0,0
0.063354932,63,1,0.21143763,8200.0,7,0,1,0,0,0
0.0,45,0,0.349104859,8601.0,7,0,3,0,2,0
0.729407731,30,3,0.960929088,6500.0,13,0,2,1,1,1
0.818238928,35,1,0.177587263,4898.0,5,1,0,0,3,1
0.365340866,50,0,0.501844302,5150.0,8,0,1,0,0,0
0.268514798,43,0,0.743851387,3821.0,7,0,2,0,0,0
0.01159383,30,0,0.26481806,9700.0,10,0,4,0,0,0
0.295268917,61,0,0.380210469,7316.0,17,0,2,0,1,1
0.924215157,47,2,0.313124867,4700.0,7,5,0,1,3,1
0.367848017,63,0,0.147442535,4828.0,5,1,0,0,1,1
0.947233159,44,0,0.553398058,10402.0,14,0,3,0,2,0
0.883375202,59,2,0.98967894,28000.0,25,0,9,1,0,1
0.9999999,56,0,0.0,1096.0,0,0,0,0,1,1
0.011129742,34,0,0.546431312,3908.0,15,0,2,0,0,0
0.454532986,46,1,0.68273392,6700.0,22,0,2,0,5,0
0.281749977,60,0,0.25734853,5000.0,8,1,0,0,1,0
0.686832417,46,0,0.413457873,10491.0,9,0,2,0,2,1
0.566486611,29,1,0.051719541,3750.0,6,0,0,2,1,0
0.369003824,50,0,0.502302968,7815.0,14,0,1,0,0,0
0.707885432,53,0,5.968031968,1000.0,14,0,2,0,1,1
0.9999999,58,1,0.145141943,2500.0,1,1,0,0,0,1
0.024099197,88,0,0.006151142,3413.0,1,0,0,0,0,0
0.540933003,30,2,0.630105684,3500.0,12,0,1,0,0,1
0.923313557,39,0,0.277674935,2700.0,4,0,0,1,1,1
0.9999999,64,0,0.007596961,2500.0,1,0,0,0,0,1
0.117207772,34,0,0.249265138,1700.0,7,0,0,0,0,0
0.724171731,34,5,0.434818825,2400.0,9,1,0,0,2,1
0.479677774,61,0,0.727349545,10650.0,13,0,2,0,0,0
0.13005035,42,0,0.381441237,15000.0,7,0,1,0,2,0
0.043298918,57,0,0.346465353,10000.0,10,0,2,0,1,0
0.0,27,0,0.637326015,5100.0,12,0,4,0,1,1
0.027830993,55,0,0.190139631,5800.0,9,0,0,0,0,0
0.075624555,38,1,0.296347665,4325.0,11,0,1,0,2,0
0.197750148,30,0,0.031799042,6886.0,7,0,0,0,0,0
0.9999999,31,0,0.0,4000.0,0,1,0,0,1,1
0.564824622,39,6,0.4861167,2484.0,15,0,0,1,0,1
0.484422339,41,0,0.77585435,6700.0,13,0,2,0,1,0
0.921483936,47,1,0.218956209,3333.0,5,1,0,0,2,1
0.9999999,47,1,0.606901,3100.0,3,0,1,0,0,1
0.130134298,62,1,0.216294382,16250.0,7,0,2,0,0,0
0.626933292,42,0,0.714066103,1300.0,12,0,1,0,2,1
0.027147781,69,0,0.152552553,3329.0,6,0,0,0,0,0
0.765633211,48,2,0.328185757,9000.0,15,1,1,1,2,0
0.109897385,33,0,0.597600267,9000.0,14,0,3,0,0,0
0.010136133,57,1,0.696340732,8334.0,21,0,3,1,0,0
0.885909902,48,0,0.215456016,14220.0,11,0,1,0,2,0
0.985061834,35,0,0.887100707,4100.0,8,0,3,0,3,1
0.254685133,47,0,0.291454012,9208.0,7,0,2,0,0,1
1.107583774,30,3,0.535576923,4159.0,12,2,1,2,2,1
0.847472151,69,0,0.455298993,1688.0,3,1,1,0,0,0
0.0763245,79,0,0.303929251,8932.0,6,0,3,0,0,0
0.855381539,33,0,0.489704566,3350.0,6,1,1,0,2,1
0.17764445,58,0,0.217472816,8000.0,8,0,2,0,0,0
0.707356174,35,2,0.614307932,4500.0,20,0,1,0,2,1
0.602342598,53,0,0.579631481,7000.0,14,0,2,0,2,0
0.015576007,61,0,0.002698199,12600.0,8,0,0,0,0,0
0.735594269,53,1,0.347556682,7100.0,7,1,2,4,1,1
0.515013189,42,0,3.407943732,2416.0,19,0,6,0,0,1
1.027638894,54,4,1.055991041,6250.0,17,1,2,0,0,1
0.189468984,50,0,0.290118314,6000.0,12,0,1,0,0,1
0.0,29,1,0.040060469,3968.0,1,2,0,0,1,1
0.08182535,74,0,0.294506612,3931.0,7,0,1,0,1,0
0.937503125,43,4,0.437582563,12111.0,15,0,4,0,2,1
0.614855947,39,0,0.341339541,9450.0,12,0,2,0,2,1
0.021781026,41,0,0.021905078,3012.0,3,0,0,0,2,1
0.165700742,61,1,0.397802028,12920.0,24,0,3,0,0,0
0.650194182,39,0,0.411372631,4800.0,5,0,1,0,3,0
0.701880732,44,1,0.474180416,4666.0,8,1,1,0,2,1
0.009399373,60,0,0.098390161,10000.0,2,0,1,0,1,0
0.187638695,52,1,0.296300362,9108.0,10,0,1,0,0,1
1.07189029,53,3,1.408892063,11200.0,17,0,8,1,1,1
0.682694353,39,0,0.271517997,3833.0,5,0,0,0,0,1
0.548682969,62,0,0.574062165,4664.0,12,0,2,0,0,1
0.72760531,73,2,0.15713196,14420.0,15,0,1,0,0,0
0.932097082,32,0,1.320415225,1444.0,7,0,2,0,0,1
0.65384965,31,0,0.211496407,3200.0,8,0,0,0,0,0
0.827930175,38,0,0.737408689,2600.0,4,0,2,1,0,1
0.002307633,63,0,0.278023771,4290.0,6,0,2,0,0,0
0.9999999,77,0,0.006944444,2159.0,1,1,0,0,0,1
0.641697878,46,2,0.102651459,6750.0,2,0,0,0,1,1
0.329332526,53,0,0.128487151,10000.0,7,0,0,0,5,0
0.377238383,52,0,0.264315989,11088.0,15,0,2,0,1,1
0.790081751,25,2,0.192944746,7908.0,7,0,0,0,0,0
0.160393584,63,0,0.460835807,4378.0,14,0,1,0,0,0
0.144294381,60,0,0.044836563,3456.0,3,0,0,1,0,1
0.113080913,35,0,1.197325506,3065.0,10,0,2,0,0,0
0.213273837,60,0,0.580270425,5250.0,8,0,2,0,0,1
0.881065151,46,3,1.103563189,3900.0,11,1,2,1,3,1
0.862134993,56,2,1.011595362,2500.0,8,3,1,1,2,1
0.110029945,45,1,0.142971406,5000.0,45,0,0,0,1,1
0.990007138,26,1,0.459227468,1630.0,6,0,0,0,0,1
0.060711128,56,0,0.247689974,7250.0,10,0,1,0,0,0
0.9999999,28,1,0.767088608,394.0,1,0,0,0,0,1
0.0,73,0,0.22954823,1637.0,4,0,1,0,0,0
0.003799905,59,0,0.398802203,18700.0,9,0,3,0,2,0
0.885762285,44,0,0.727921009,16406.0,14,0,8,0,1,1
0.370787958,60,0,0.459962317,4245.0,14,0,2,0,1,1
0.006883704,44,1,0.220026896,9666.0,12,0,1,0,5,1
0.409644307,63,0,0.32230908,3325.0,6,0,0,0,0,1
0.0,65,0,0.271220401,10979.0,8,0,2,0,1,0
0.744366917,75,0,0.442315702,2400.0,17,0,0,0,0,1
0.734939013,51,0,0.214417259,3800.0,6,0,0,0,3,1
0.9999999,41,1,0.055322129,8567.0,2,1,0,1,3,1
0.048594526,67,0,0.114377338,13096.0,12,0,2,0,1,0
0.94723462,37,3,0.360655738,2500.0,5,2,0,3,0,1
0.9999999,23,98,0.006997667,3000.0,0,98,0,98,0,1
0.9999999,50,0,0.111340206,3879.0,1,1,1,0,0,1
0.011940379,61,0,0.006894174,2900.0,8,0,0,0,0,1
0.041199411,56,0,0.240239993,12166.0,7,0,2,0,1,0
0.28377713,35,0,0.512774939,4500.0,6,0,1,0,0,0
0.451936578,31,0,1.02736266,4750.0,6,1,2,0,0,0
0.972150876,59,0,1.473797947,1850.0,12,0,2,0,0,1
0.181297726,66,0,1.007524997,9700.0,21,0,4,1,0,1
0.0,49,1,0.356085368,5200.0,5,2,0,3,3,1
0.430436164,60,0,0.628845841,6142.0,17,0,1,0,0,0
0.9999999,46,0,0.233435717,2278.0,5,0,0,1,1,1
0.609579504,57,0,0.528693077,2700.0,8,0,0,0,0,1
0.900909323,46,0,0.406828251,7673.0,13,0,2,0,2,1
0.0,57,0,0.00346333,41000.0,4,0,0,0,1,0
0.584541546,43,0,0.369815092,2000.0,3,1,0,0,2,0
0.170755753,36,0,0.070385476,7600.0,4,0,0,0,0,0
0.172101267,40,0,0.34624032,4002.0,15,0,0,0,3,0
0.299898776,29,0,0.43818596,4828.0,11,1,1,0,1,0
0.983824929,55,0,0.064116496,4600.0,2,1,0,0,6,1
0.106507235,42,0,0.031446541,6200.0,7,0,0,0,2,0
0.079202745,73,2,0.179411485,10500.0,5,0,1,0,0,1
4.237015362,33,0,4.049980008,2500.0,20,0,7,0,1,1
