V1,V5,V6,V8,V14,V15,V17,V18,V19,V20,V21,V22,target
90.0,6,9,2,0,0,2,1,0,188.0,61.0,19,1
239.0,2,11,2,1,0,0,1,0,6.0,19.0,19,1
192.0,6,42,2,0,0,2,1,1,38.0,16.0,19,1
180.0,3,14,2,0,0,2,0,0,236.0,15.0,19,0
229.0,7,40,2,0,0,1,0,0,1.0,2.0,19,1
95.0,6,25,2,0,0,2,1,1,372.0,160.0,19,0
98.0,3,13,2,0,0,0,1,1,400.0,15.0,19,0
398.0,1,6,2,2,0,0,1,1,193.0,16.0,19,0
210.0,5,22,2,0,0,1,1,1,16.0,65.0,19,1
90.0,9,13,2,0,0,2,0,0,183.0,82.0,19,0
115.0,40,47,2,2,0,2,1,1,302.0,212.0,19,0
219.0,0,9,2,0,0,1,0,0,28.0,322.0,19,1
266.0,1,5,2,2,0,2,1,1,92.0,26.0,19,0
311.0,20,31,2,2,0,1,1,0,86.0,299.0,19,1
180.0,5,11,2,0,0,1,1,1,237.0,219.0,19,1
277.0,13,31,2,2,0,1,1,0,4.0,299.0,19,1
304.0,0,5,2,2,0,2,1,1,190.0,26.0,19,1
83.0,20,22,2,0,0,2,1,0,379.0,1.0,19,1
261.0,12,20,2,0,0,2,1,0,93.0,12.0,19,0
525.0,0,6,0,1,0,2,1,1,14.0,59.0,19,1
312.0,4,15,2,2,0,2,0,0,123.0,49.0,19,1
253.0,0,20,2,0,0,2,1,1,3.0,48.0,19,0
101.0,8,21,2,0,0,0,0,0,388.0,4.0,19,0
86.0,20,62,2,2,0,1,1,0,387.0,172.0,19,0
248.0,2,22,2,0,0,2,0,0,3.0,23.0,19,0
90.0,8,10,2,0,0,2,1,0,191.0,125.0,19,1
260.0,0,6,2,0,0,1,0,0,1.0,87.0,19,0
243.0,0,8,2,2,0,1,0,0,3.0,7.0,19,1
243.0,16,30,2,2,0,2,1,0,54.0,8.0,7,0
130.0,52,70,2,2,0,1,1,0,394.0,171.0,19,0
84.0,2,14,2,1,0,1,0,0,338.0,65.0,19,1
213.0,7,9,2,0,0,0,1,1,20.0,13.0,19,0
257.0,0,8,2,2,0,1,0,0,1.0,40.0,19,0
452.0,0,8,2,2,0,2,1,0,61.0,6.0,3,1
246.0,32,38,2,2,0,1,0,0,2.0,16.0,19,1
325.0,2,7,2,0,0,2,0,0,143.0,29.0,19,1
398.0,1,3,2,2,0,0,0,0,193.0,58.0,19,1
246.0,8,10,2,2,0,2,0,0,6.0,1.0,19,1
109.0,20,22,2,2,0,2,0,0,363.0,4.0,19,0
277.0,0,8,2,0,0,1,0,0,22.0,235.0,19,1
288.0,3,11,2,2,0,2,1,0,9.0,140.0,19,0
99.0,0,13,2,2,0,1,1,0,398.0,517.0,19,1
238.0,0,7,2,0,0,2,0,0,5.0,18.0,19,1
239.0,4,15,2,1,0,1,1,0,3.0,250.0,19,1
101.0,9,26,2,2,0,1,0,0,351.0,31.0,19,1
252.0,28,47,2,2,0,1,1,0,213.0,303.0,19,1
243.0,1,11,2,2,0,2,0,0,10.0,46.0,19,1
238.0,0,13,2,2,0,2,1,1,292.0,44.0,19,1
251.0,1,14,2,2,0,1,1,1,77.0,482.0,19,1
572.0,0,28,0,1,0,2,1,1,21.0,302.0,12,1
398.0,0,5,2,2,0,2,1,0,189.0,10.0,19,1
98.0,21,23,2,0,0,1,0,0,397.0,265.0,19,0
252.0,22,31,2,0,0,1,1,0,37.0,299.0,19,1
292.0,20,24,2,0,0,1,1,0,222.0,334.0,19,0
108.0,3,14,2,0,0,1,1,0,392.0,251.0,19,1
107.0,3,13,2,2,0,2,1,0,337.0,30.0,19,1
244.0,2,8,2,2,0,2,1,0,16.0,44.0,19,1
232.0,1,4,2,0,0,2,0,0,19.0,48.0,19,1
257.0,15,41,2,0,0,0,1,1,97.0,23.0,19,0
217.0,8,11,2,2,0,1,0,0,38.0,86.0,19,0
266.0,6,8,2,2,0,0,0,0,97.0,28.0,18,1
478.0,8,31,2,2,0,2,1,1,63.0,6.0,19,1
356.0,16,28,0,1,0,2,1,0,7.0,369.0,19,0
237.0,1,27,2,0,0,2,0,0,123.0,27.0,19,1
268.0,2,8,2,0,0,0,1,1,43.0,6.0,19,1
101.0,10,22,2,0,0,2,0,0,388.0,4.0,19,0
315.0,6,15,2,0,0,2,1,0,250.0,166.0,19,0
236.0,6,10,2,0,0,2,1,0,1.0,125.0,19,1
89.0,11,13,2,0,0,1,1,1,351.0,173.0,19,0
315.0,9,12,2,0,0,2,1,1,176.0,26.0,19,1
283.0,13,16,2,0,0,2,1,0,83.0,157.0,19,1
194.0,13,39,2,0,0,2,1,1,14.0,2.0,19,1
98.0,8,13,2,0,0,2,1,0,398.0,16.0,19,1
229.0,3,13,2,0,0,2,1,0,1.0,16.0,19,1
104.0,2,11,2,2,0,1,1,1,355.0,348.0,12,0
291.0,5,19,2,2,0,1,1,0,179.0,521.0,19,0
398.0,1,9,2,2,0,1,1,1,190.0,293.0,19,0
375.0,4,7,0,1,0,1,1,1,19.0,292.0,19,1
158.0,5,18,2,0,0,2,1,0,76.0,7.0,19,0
242.0,32,34,2,0,0,2,1,1,194.0,211.0,19,0
276.0,15,41,2,0,0,2,1,1,135.0,207.0,19,0
165.0,3,4,2,0,0,2,1,0,247.0,46.0,19,0
297.0,1,8,2,0,0,2,0,0,81.0,32.0,19,0
267.0,3,4,2,0,0,2,1,0,3.0,104.0,19,0
295.0,5,13,2,2,0,2,1,1,225.0,29.0,19,0
239.0,1,12,2,1,0,1,0,0,3.0,328.0,19,1
201.0,2,9,2,0,0,0,0,0,44.0,89.0,19,0
253.0,0,42,2,0,0,1,0,0,4.0,538.0,19,1
199.0,0,5,2,0,0,0,0,0,58.0,2.0,19,1
358.0,6,16,2,0,0,0,0,0,138.0,80.0,19,0
218.0,7,9,2,1,0,2,0,0,70.0,9.0,19,1
256.0,2,9,2,2,0,0,0,0,10.0,40.0,19,1
237.0,23,38,2,2,0,2,1,1,257.0,208.0,19,0
268.0,0,4,2,0,0,2,0,0,44.0,11.0,19,1
246.0,3,17,2,2,0,1,0,0,19.0,229.0,19,1
98.0,12,21,2,0,0,2,1,1,392.0,57.0,19,0
298.0,4,38,2,2,0,2,1,1,177.0,207.0,19,0
245.0,8,17,2,2,0,0,1,1,54.0,21.0,19,0
94.0,10,38,2,1,0,1,0,0,319.0,16.0,19,1
217.0,0,17,2,0,0,0,1,1,3.0,14.0,19,0
165.0,2,16,2,2,0,2,1,0,315.0,80.0,19,1
98.0,14,47,2,0,0,1,1,0,397.0,303.0,19,1
304.0,3,17,2,0,0,1,0,0,46.0,58.0,19,1
398.0,10,18,2,2,0,1,1,0,189.0,338.0,19,1
241.0,2,9,2,2,0,2,1,1,38.0,25.0,19,0
427.0,0,26,2,0,0,2,0,0,168.0,30.0,19,1
92.0,23,26,2,2,0,2,0,0,344.0,151.0,19,0
355.0,3,21,2,2,0,0,0,0,284.0,4.0,19,0
224.0,6,9,2,2,0,0,1,0,39.0,5.0,19,1
236.0,4,21,2,0,0,1,0,0,1.0,53.0,19,1
91.0,3,6,2,0,0,1,1,1,355.0,48.0,19,0
323.0,0,8,2,0,0,2,1,0,44.0,5.0,19,1
293.0,14,23,2,2,0,1,1,1,13.0,261.0,19,1
254.0,2,8,2,0,0,0,0,0,30.0,2.0,19,1
250.0,2,4,2,2,0,1,1,0,17.0,107.0,10,0
261.0,6,9,2,2,0,0,1,1,7.0,50.0,19,0
257.0,0,21,2,2,0,0,0,0,1.0,13.0,19,0
207.0,5,9,2,0,0,1,1,0,54.0,310.0,19,1
294.0,1,30,2,0,0,2,1,1,96.0,42.0,19,1
217.0,0,31,2,0,0,0,1,1,83.0,6.0,19,1
76.0,10,20,2,2,0,2,0,0,352.0,385.0,19,0
192.0,0,43,2,2,0,1,1,1,70.0,299.0,14,0
311.0,0,8,2,2,0,2,1,1,113.0,33.0,19,0
243.0,1,18,2,2,0,2,1,1,5.0,377.0,19,1
228.0,1,9,2,0,0,2,0,0,15.0,109.0,19,0
236.0,0,6,2,0,0,0,1,0,1.0,9.0,14,1
251.0,7,10,2,0,0,1,0,0,44.0,493.0,19,1
376.0,1,7,2,0,0,2,1,0,256.0,46.0,19,1
83.0,5,10,2,0,0,2,0,0,374.0,23.0,19,0
76.0,10,22,2,0,0,2,1,1,381.0,164.0,19,1
303.0,1,4,2,2,0,2,1,1,51.0,1.0,19,1
237.0,0,8,2,0,0,1,1,0,134.0,30.0,19,1
86.0,12,14,2,0,0,2,0,0,367.0,20.0,19,1
85.0,10,38,2,2,0,2,1,1,381.0,206.0,19,0
243.0,0,13,2,2,0,1,0,0,3.0,217.0,19,0
102.0,42,61,2,2,0,1,1,0,375.0,171.0,19,0
308.0,8,15,2,0,0,0,1,1,189.0,35.0,19,0
329.0,3,8,2,2,0,0,1,1,133.0,58.0,19,0
253.0,28,39,2,2,0,2,1,1,90.0,2.0,19,1
246.0,1,7,2,2,0,0,0,0,1.0,35.0,19,1
258.0,19,29,2,0,0,2,1,1,61.0,27.0,19,1
263.0,0,5,2,0,0,2,1,0,224.0,53.0,19,0
217.0,11,15,2,2,0,1,1,0,40.0,175.0,19,0
238.0,1,24,2,2,0,1,1,1,292.0,297.0,19,1
222.0,1,4,2,0,0,0,0,0,49.0,16.0,19,1
237.0,2,9,2,2,0,2,0,0,36.0,75.0,19,1
246.0,2,11,2,2,0,1,1,0,7.0,182.0,19,0
91.0,5,13,2,0,0,1,0,0,348.0,12.0,19,1
90.0,3,13,2,0,0,1,0,0,185.0,12.0,19,1
109.0,13,68,2,2,0,1,1,0,378.0,175.0,19,0
190.0,17,38,2,2,0,2,1,1,11.0,206.0,19,0
355.0,16,47,2,2,0,1,1,0,282.0,303.0,19,1
284.0,6,12,2,0,0,1,1,1,48.0,367.0,19,1
133.0,4,14,2,0,0,2,0,0,297.0,20.0,19,1
259.0,3,17,2,2,0,2,1,0,49.0,98.0,19,1
207.0,1,39,2,2,0,2,1,0,1.0,284.0,19,0
76.0,3,11,2,2,0,2,1,0,402.0,16.0,19,0
394.0,30,37,2,2,0,2,1,0,182.0,284.0,19,0
108.0,28,44,2,0,0,1,0,0,392.0,362.0,19,0
253.0,0,10,2,0,0,0,0,0,3.0,104.0,19,1
251.0,5,8,2,2,0,1,1,0,73.0,69.0,19,0
93.0,26,72,2,0,0,1,1,0,368.0,173.0,19,0
207.0,1,11,2,2,0,1,1,1,1.0,554.0,19,0
92.0,13,23,2,2,0,1,1,0,349.0,554.0,19,0
246.0,5,14,2,2,0,1,0,0,3.0,298.0,19,1
180.0,4,24,2,0,0,2,1,0,238.0,31.0,19,0
363.0,0,7,2,2,0,2,1,0,232.0,46.0,19,1
186.0,1,8,2,2,0,2,0,0,25.0,1.0,19,1
785.0,0,5,0,1,0,1,1,0,10.0,253.0,19,1
224.0,2,12,2,0,0,1,0,0,1.0,2.0,19,1
257.0,3,10,2,2,0,2,0,0,3.0,2.0,19,0
243.0,1,6,2,2,0,2,0,0,10.0,1.0,19,1
110.0,1,3,2,2,0,2,1,1,377.0,167.0,19,0
116.0,3,14,2,2,0,2,1,1,347.0,38.0,19,0
168.0,4,39,2,2,0,2,1,1,400.0,2.0,19,1
253.0,0,14,2,0,0,1,0,0,4.0,65.0,19,1
262.0,3,9,2,0,0,1,0,0,18.0,38.0,19,0
248.0,1,9,2,2,0,2,0,0,24.0,29.0,19,0
203.0,16,17,2,0,0,2,1,0,45.0,30.0,19,0
252.0,11,21,2,2,0,2,1,1,214.0,8.0,19,0
257.0,5,30,2,2,0,1,1,0,22.0,301.0,19,1
351.0,3,12,2,0,0,1,0,0,214.0,290.0,19,1
275.0,2,39,2,0,0,2,1,1,292.0,2.0,19,1
243.0,1,40,2,2,0,2,0,0,11.0,15.0,19,1
256.0,0,16,2,0,0,1,0,0,61.0,11.0,19,0
256.0,1,4,2,0,0,2,1,1,37.0,19.0,19,0
167.0,5,9,2,0,0,2,1,0,65.0,6.0,19,0
247.0,0,9,2,2,0,1,1,0,44.0,300.0,19,1
301.0,1,8,2,2,0,2,1,0,55.0,6.0,3,1
225.0,3,18,2,2,0,1,1,0,1.0,338.0,19,1
314.0,3,16,2,0,0,2,0,0,35.0,98.0,19,1
312.0,2,11,2,2,0,1,1,0,250.0,184.0,19,0
341.0,4,16,2,2,0,2,1,0,138.0,44.0,19,0
624.0,4,12,0,1,0,1,1,1,69.0,367.0,19,1
90.0,5,40,2,0,0,1,0,0,190.0,2.0,19,1
241.0,20,38,2,2,0,1,0,0,130.0,16.0,19,1
192.0,6,31,2,0,0,1,1,0,47.0,299.0,19,0
132.0,3,7,2,0,0,1,0,0,311.0,16.0,19,1
192.0,10,22,2,0,0,1,0,0,39.0,7.0,19,0
180.0,4,6,2,0,0,0,0,0,245.0,1.0,15,0
607.0,8,22,0,1,0,1,1,1,23.0,65.0,19,1
478.0,2,7,2,2,0,1,0,0,62.0,1.0,19,1
253.0,0,6,2,0,0,2,0,0,3.0,3.0,19,1
220.0,12,31,2,0,0,1,1,0,61.0,299.0,19,1
288.0,1,15,2,0,0,2,0,0,29.0,2.0,8,0
282.0,26,40,2,0,0,2,1,0,191.0,282.0,19,0
153.0,4,5,2,0,0,0,0,0,37.0,11.0,19,0
182.0,3,9,2,0,0,1,1,0,7.0,310.0,19,1
298.0,13,31,2,2,0,0,1,0,61.0,33.0,19,1
258.0,13,16,2,0,0,1,0,0,64.0,232.0,19,1
299.0,20,22,2,0,0,2,1,0,181.0,8.0,19,0
263.0,3,8,2,2,0,1,0,0,223.0,210.0,13,1
79.0,7,12,2,2,0,1,0,0,325.0,86.0,19,1
229.0,7,14,2,0,0,1,1,1,1.0,485.0,19,0
228.0,29,38,2,0,0,1,0,0,11.0,16.0,19,1
355.0,16,24,2,2,0,2,1,1,282.0,35.0,19,0
96.0,2,12,2,0,0,2,1,0,345.0,10.0,19,0
295.0,11,38,2,2,0,2,1,0,256.0,285.0,19,0
153.0,6,31,2,0,0,1,0,0,43.0,7.0,19,0
273.0,4,20,2,0,0,2,0,0,202.0,32.0,19,0
205.0,10,15,2,2,0,1,1,0,12.0,514.0,19,1
91.0,1,13,2,0,0,2,1,0,346.0,9.0,19,1
208.0,7,9,2,2,0,2,0,0,37.0,441.0,19,0
257.0,1,32,2,0,0,2,1,0,92.0,8.0,7,0
266.0,0,7,2,2,0,2,0,0,133.0,32.0,19,0
180.0,4,8,2,0,0,1,0,0,236.0,7.0,19,1
257.0,5,9,2,2,0,1,1,0,79.0,299.0,19,1
243.0,1,6,2,2,0,1,1,1,10.0,411.0,19,0
344.0,2,31,2,2,0,0,1,1,59.0,6.0,19,1
290.0,2,16,2,2,0,2,1,0,85.0,50.0,19,0
168.0,7,12,2,2,0,2,0,0,404.0,382.0,19,0
243.0,1,17,2,2,0,1,0,0,30.0,228.0,19,1
199.0,6,17,2,2,0,1,0,0,20.0,297.0,19,0
204.0,4,9,2,2,0,2,0,0,2.0,39.0,19,0
211.0,2,16,2,0,0,2,1,0,27.0,157.0,19,1
303.0,0,4,2,2,0,2,0,0,52.0,15.0,19,1
217.0,4,16,2,2,0,2,1,0,100.0,157.0,19,1
246.0,5,10,2,2,0,0,0,0,8.0,83.0,19,1
109.0,40,47,2,2,0,2,1,1,357.0,205.0,19,0
180.0,2,10,2,0,0,2,1,1,245.0,11.0,19,1
210.0,6,13,2,2,0,2,1,0,294.0,214.0,19,0
295.0,1,9,2,0,0,1,0,0,4.0,227.0,19,0
251.0,6,17,2,0,0,0,0,0,16.0,94.0,19,0
108.0,10,11,2,0,0,2,0,0,393.0,95.0,19,0
63.0,5,14,2,0,0,0,0,0,401.0,14.0,19,1
97.0,8,9,2,0,0,2,1,0,286.0,52.0,19,0
98.0,0,12,2,0,0,1,0,0,392.0,290.0,19,1
95.0,5,40,2,2,0,2,0,0,403.0,15.0,19,1
178.0,5,9,2,2,0,2,1,1,15.0,33.0,19,0
275.0,11,20,2,0,0,1,0,0,294.0,562.0,19,0
226.0,1,4,2,2,0,2,0,0,33.0,333.0,19,1
76.0,7,12,2,2,0,2,0,0,349.0,14.0,19,1
240.0,7,17,2,2,0,2,0,0,24.0,35.0,19,1
88.0,12,14,2,0,0,1,0,0,381.0,32.0,19,1
110.0,17,47,2,2,0,1,1,0,378.0,303.0,19,1
229.0,4,14,2,0,0,0,0,0,1.0,49.0,15,0
199.0,9,11,2,0,0,1,1,0,93.0,340.0,19,0
101.0,4,7,2,0,0,0,0,0,387.0,12.0,19,0
238.0,2,9,2,0,0,2,0,0,113.0,30.0,19,0
194.0,6,14,2,0,0,1,0,0,11.0,32.0,19,1
76.0,4,11,2,2,0,2,0,0,402.0,7.0,19,0
320.0,1,4,2,2,0,2,1,0,245.0,47.0,19,1
273.0,2,7,2,0,0,0,1,1,1.0,16.0,19,0
98.0,8,14,2,0,0,2,1,1,397.0,13.0,19,1
171.0,32,39,2,0,0,2,1,1,195.0,208.0,19,0
107.0,3,5,2,2,0,2,1,1,337.0,26.0,19,1
216.0,2,9,2,0,0,2,1,0,125.0,31.0,19,0
398.0,7,12,2,2,0,2,0,0,195.0,94.0,19,0
292.0,17,39,2,2,0,2,1,1,221.0,2.0,19,1
217.0,16,23,2,2,0,1,1,1,40.0,261.0,19,1
136.0,18,22,2,2,0,2,1,1,390.0,53.0,19,0
259.0,2,4,2,2,0,2,1,1,77.0,358.0,19,0
243.0,0,25,2,2,0,2,1,1,3.0,7.0,19,1
180.0,2,5,2,0,0,2,1,1,236.0,59.0,19,1
239.0,2,6,2,1,0,0,0,0,3.0,7.0,19,0
251.0,5,8,2,0,0,2,1,1,31.0,21.0,19,0
148.0,29,47,2,2,0,1,1,0,312.0,303.0,19,1
277.0,6,8,2,0,0,2,1,1,65.0,102.0,19,0
273.0,14,32,2,1,0,1,1,0,67.0,332.0,19,0
217.0,2,18,2,2,0,1,1,0,290.0,517.0,19,0
243.0,1,5,2,2,0,0,1,1,9.0,46.0,19,0
242.0,22,25,2,2,0,1,1,1,14.0,553.0,19,0
168.0,2,15,2,2,0,0,1,1,402.0,38.0,19,0
398.0,5,10,2,2,0,2,1,0,197.0,41.0,19,0
198.0,11,30,2,0,0,2,1,0,68.0,282.0,19,0
236.0,6,9,2,2,0,1,1,0,73.0,299.0,19,1
247.0,5,9,2,2,0,1,1,1,41.0,498.0,19,1
514.0,4,6,0,1,0,0,1,1,33.0,95.0,19,0
303.0,8,11,2,2,0,2,1,1,6.0,404.0,19,1
314.0,9,15,2,0,0,0,1,1,151.0,59.0,19,0
280.0,5,10,2,2,0,1,1,1,60.0,9.0,19,1
261.0,16,31,2,0,0,2,1,0,17.0,281.0,19,0
330.0,0,5,2,2,0,2,1,1,133.0,26.0,19,1
253.0,0,12,2,0,0,1,0,0,2.0,35.0,19,1
196.0,8,10,2,0,0,2,0,0,102.0,36.0,19,0
92.0,2,7,2,0,0,2,0,0,341.0,18.0,19,0
217.0,13,16,2,0,0,2,1,0,5.0,13.0,19,1
772.0,8,22,0,1,0,2,1,1,108.0,164.0,19,1
94.0,10,12,2,2,0,2,1,0,332.0,140.0,19,0
237.0,7,17,2,0,0,2,1,0,14.0,98.0,19,1
304.0,2,15,2,2,0,2,1,1,2.0,91.0,19,0
188.0,0,4,2,2,0,2,1,0,36.0,50.0,19,1
246.0,0,5,2,0,0,2,1,1,91.0,28.0,19,1
288.0,6,26,2,2,0,2,0,0,3.0,23.0,19,0
206.0,3,5,2,2,0,0,1,1,28.0,13.0,19,0
229.0,3,9,2,1,0,2,1,0,70.0,7.0,19,0
194.0,4,38,2,0,0,1,0,0,11.0,16.0,19,1
238.0,4,40,2,2,0,2,1,1,297.0,7.0,19,1
76.0,3,11,2,2,0,2,1,0,402.0,165.0,19,0
304.0,0,24,2,2,0,1,0,0,1.0,308.0,19,0
95.0,12,22,2,2,0,2,0,0,404.0,11.0,19,1
240.0,3,8,2,2,0,2,1,0,171.0,46.0,19,0
351.0,9,20,2,0,0,2,0,0,219.0,385.0,19,0
241.0,23,25,2,2,0,2,0,0,302.0,31.0,19,0
80.0,3,23,2,0,0,2,1,0,404.0,17.0,19,0
263.0,7,13,2,2,0,2,1,0,226.0,36.0,19,0
92.0,17,46,2,2,0,2,1,1,321.0,205.0,19,0
293.0,1,4,2,2,0,0,1,1,177.0,54.0,19,1
76.0,4,14,2,1,0,1,0,0,338.0,65.0,19,1
253.0,0,22,2,0,0,1,0,0,2.0,175.0,19,0
301.0,5,12,2,0,0,2,1,1,132.0,96.0,19,0
231.0,1,29,2,2,0,2,1,1,78.0,93.0,19,0
180.0,3,5,2,0,0,2,1,0,245.0,1.0,3,1
137.0,1,12,2,2,0,2,0,0,382.0,36.0,19,1
151.0,22,35,2,0,0,2,1,1,265.0,211.0,19,0
194.0,0,12,2,0,0,2,1,1,17.0,96.0,19,0
245.0,3,7,2,0,0,0,1,1,1.0,59.0,19,0
248.0,13,17,2,0,0,1,0,0,22.0,58.0,19,1
101.0,5,8,2,2,0,1,0,0,353.0,183.0,19,0
256.0,5,10,2,0,0,0,0,0,1.0,40.0,19,1
304.0,14,16,2,2,0,2,0,0,1.0,9.0,19,0
304.0,7,9,2,0,0,2,0,0,54.0,9.0,19,1
244.0,3,31,2,0,0,0,1,0,56.0,33.0,19,1
316.0,0,9,2,2,0,1,1,0,109.0,288.0,19,0
245.0,3,17,2,2,0,2,0,0,57.0,31.0,19,0
324.0,12,15,2,2,0,2,1,0,150.0,31.0,19,0
101.0,4,12,2,0,0,2,1,0,389.0,363.0,19,0
398.0,2,4,2,2,0,1,0,0,190.0,16.0,19,1
207.0,0,8,2,2,0,0,1,1,35.0,61.0,19,1
192.0,5,38,2,0,0,1,0,0,40.0,4.0,19,1
95.0,41,70,2,2,0,1,1,0,401.0,176.0,19,0
243.0,1,6,2,2,0,0,0,0,10.0,10.0,19,0
218.0,7,37,2,0,0,2,1,1,298.0,302.0,12,0
211.0,27,37,2,2,0,2,1,0,207.0,284.0,19,0
187.0,0,7,2,2,0,1,1,1,30.0,292.0,19,0
246.0,2,41,2,2,0,2,1,0,7.0,51.0,19,0
238.0,3,8,2,0,0,2,0,0,2.0,106.0,19,0
101.0,10,15,2,2,0,2,0,0,357.0,45.0,19,0
202.0,0,8,2,0,0,2,0,0,30.0,12.0,19,1
228.0,0,21,2,0,0,0,0,0,17.0,4.0,19,0
287.0,24,38,2,0,0,2,1,1,186.0,307.0,19,0
241.0,8,12,2,2,0,1,0,0,130.0,291.0,19,0
301.0,2,12,2,2,0,1,1,1,56.0,366.0,19,1
130.0,7,22,2,2,0,2,0,0,402.0,11.0,19,1
224.0,6,9,2,0,0,2,1,1,32.0,28.0,19,0
319.0,10,27,2,2,0,2,0,0,163.0,27.0,19,0
380.0,1,7,2,0,0,1,1,0,116.0,176.0,19,0
258.0,1,31,2,0,0,0,1,0,73.0,33.0,19,1
291.0,2,9,2,2,0,1,1,1,70.0,498.0,19,1
243.0,0,11,2,2,0,1,1,1,4.0,219.0,19,1
103.0,14,40,2,2,0,1,0,0,335.0,1.0,19,0
90.0,3,5,2,0,0,2,1,1,187.0,553.0,19,0
199.0,21,32,2,0,0,2,1,0,89.0,281.0,19,0
96.0,10,20,2,0,0,2,0,0,343.0,3.0,19,0
239.0,4,8,2,2,0,2,0,0,31.0,0.0,19,1
285.0,3,8,2,2,0,1,1,0,66.0,333.0,19,0
265.0,0,12,2,0,0,2,0,0,209.0,2.0,2,1
90.0,6,14,2,0,0,2,0,0,190.0,20.0,19,1
250.0,14,30,2,2,0,2,1,0,1.0,8.0,7,0
293.0,4,5,2,2,0,0,1,0,13.0,60.0,19,0
251.0,1,7,2,0,0,2,1,1,32.0,61.0,19,1
208.0,3,11,2,2,0,0,1,0,41.0,72.0,19,0
76.0,6,10,2,2,0,0,0,0,354.0,83.0,19,1
101.0,1,6,2,0,0,0,1,0,381.0,1.0,19,0
83.0,0,5,2,0,0,2,1,1,382.0,3.0,19,1
193.0,0,5,2,2,0,2,1,0,16.0,3.0,19,1
93.0,9,11,2,0,0,2,0,0,389.0,34.0,19,1
76.0,9,14,2,1,0,2,0,0,338.0,20.0,19,1
83.0,1,13,2,0,0,2,0,0,379.0,1.0,19,0
97.0,3,6,2,2,0,2,1,1,383.0,22.0,19,0
236.0,9,17,2,0,0,0,0,0,11.0,30.0,19,1
84.0,3,6,2,1,0,2,1,0,338.0,46.0,19,0
280.0,7,16,2,2,0,2,0,0,6.0,382.0,19,0
257.0,0,30,2,2,0,0,0,0,71.0,18.0,19,1
278.0,14,29,2,2,0,2,1,1,23.0,27.0,19,1
227.0,9,16,2,2,0,1,1,0,57.0,333.0,19,0
107.0,0,5,2,2,0,1,1,0,328.0,343.0,19,0
273.0,29,39,2,0,0,2,1,1,166.0,2.0,19,1
295.0,18,22,2,0,0,2,1,0,10.0,1.0,19,1
284.0,9,25,2,2,0,1,1,0,172.0,519.0,19,0
257.0,14,39,2,0,0,2,1,1,97.0,2.0,19,1
83.0,10,23,2,0,0,1,0,0,381.0,3.0,19,1
218.0,5,7,2,0,0,0,1,1,178.0,33.0,19,0
163.0,35,40,2,2,0,2,1,1,186.0,210.0,19,0
351.0,8,22,2,0,0,2,0,0,222.0,11.0,19,1
230.0,6,9,2,2,0,0,0,0,5.0,40.0,19,1
284.0,1,9,2,2,0,2,1,1,50.0,119.0,15,1
266.0,5,15,2,2,0,2,1,0,89.0,42.0,19,0
268.0,0,9,2,0,0,0,0,0,46.0,102.0,19,0
63.0,6,7,2,0,0,1,1,1,399.0,535.0,19,0
270.0,0,22,2,0,0,1,1,1,22.0,65.0,19,1
227.0,3,12,2,2,0,2,0,0,143.0,36.0,19,0
340.0,0,7,2,0,0,2,0,0,163.0,29.0,19,1
83.0,5,14,2,0,0,2,0,0,380.0,20.0,19,1
167.0,10,40,2,0,0,1,1,0,272.0,518.0,19,1
167.0,2,9,2,2,0,2,1,0,50.0,359.0,19,0
257.0,2,6,2,2,0,2,0,0,3.0,125.0,19,0
168.0,3,14,2,2,0,1,1,1,402.0,485.0,19,1
253.0,11,17,2,2,0,2,1,1,104.0,114.0,19,0
296.0,0,9,2,2,0,1,1,0,52.0,243.0,19,1
100.0,8,10,2,2,0,0,1,0,388.0,72.0,19,0
246.0,2,7,2,2,0,1,1,1,8.0,309.0,19,0
182.0,14,17,2,2,0,2,1,1,302.0,2.0,19,1
198.0,1,4,2,0,0,0,1,0,23.0,105.0,19,1
83.0,9,15,2,0,0,1,1,0,379.0,250.0,19,1
295.0,2,19,2,2,0,0,0,0,222.0,10.0,19,0
236.0,2,4,2,0,0,1,1,1,11.0,272.0,19,0
288.0,15,16,2,2,0,1,0,0,124.0,77.0,19,0
246.0,5,11,2,2,0,2,1,0,4.0,8.0,19,1
239.0,3,7,2,1,0,2,1,1,3.0,66.0,19,0
293.0,4,11,2,2,0,1,1,1,171.0,219.0,19,1
220.0,6,8,2,0,0,0,0,0,59.0,7.0,19,0
76.0,7,14,2,2,0,2,0,0,346.0,20.0,19,0
76.0,9,11,2,2,0,0,0,0,402.0,73.0,19,0
91.0,1,8,2,0,0,2,1,0,346.0,146.0,19,0
226.0,18,39,2,2,0,2,1,1,129.0,2.0,19,1
241.0,6,39,2,2,0,1,1,0,135.0,304.0,0,1
298.0,0,17,2,2,0,2,0,0,58.0,73.0,19,0
398.0,5,9,2,2,0,2,1,1,194.0,23.0,19,1
238.0,2,7,2,2,0,0,1,1,292.0,13.0,9,0
268.0,0,32,2,0,0,0,1,0,52.0,27.0,19,1
250.0,7,29,2,0,0,0,0,0,130.0,48.0,19,0
205.0,7,17,2,0,0,2,0,0,17.0,134.0,19,1
200.0,2,6,2,2,0,2,1,1,1.0,27.0,19,1
302.0,0,4,2,0,0,1,1,0,32.0,492.0,19,1
94.0,15,22,2,2,0,2,0,0,334.0,11.0,19,1
248.0,1,15,2,0,0,0,1,1,256.0,60.0,19,0
296.0,2,9,2,2,0,1,1,0,52.0,243.0,19,1
243.0,2,4,2,2,0,1,0,0,35.0,59.0,19,0
398.0,13,42,2,2,0,0,1,1,188.0,18.0,19,0
65.0,54,62,2,2,0,1,1,0,397.0,172.0,19,0
268.0,1,14,2,0,0,2,0,0,89.0,162.0,19,0
293.0,1,4,2,2,0,2,1,1,173.0,552.0,19,0
102.0,9,12,2,1,0,2,0,0,351.0,14.0,19,1
256.0,1,5,2,0,0,1,1,0,1.0,111.0,19,0
97.0,6,10,2,2,0,1,0,0,381.0,81.0,19,1
251.0,26,31,2,2,0,2,0,0,73.0,14.0,19,0
239.0,1,11,2,1,0,1,1,0,3.0,307.0,19,1
196.0,4,30,2,0,0,1,1,1,105.0,333.0,19,0
273.0,0,8,2,0,0,2,1,0,176.0,54.0,19,1
253.0,4,11,2,2,0,2,1,1,94.0,38.0,19,0
239.0,10,17,2,2,0,2,0,0,67.0,380.0,19,0
251.0,7,9,2,0,0,2,0,0,20.0,1.0,19,0
293.0,1,13,2,2,0,1,1,0,172.0,377.0,19,0
284.0,2,31,2,2,0,2,1,1,51.0,6.0,19,1
265.0,1,17,2,2,0,2,1,1,6.0,2.0,19,1
96.0,2,10,2,0,0,1,0,0,343.0,86.0,19,1
319.0,0,14,2,2,0,2,0,0,141.0,1.0,19,1
202.0,0,4,2,2,0,2,1,0,19.0,27.0,19,1
244.0,6,21,2,2,0,1,1,1,98.0,382.0,19,0
184.0,1,2,2,0,0,0,1,1,76.0,95.0,19,0
304.0,0,4,2,2,0,2,0,0,12.0,35.0,19,1
119.0,9,43,2,0,0,2,0,0,299.0,87.0,19,0
103.0,9,11,2,2,0,1,0,0,328.0,15.0,19,1
489.0,0,6,0,1,0,0,1,1,11.0,14.0,19,0
288.0,1,9,2,0,0,2,1,0,101.0,31.0,19,0
246.0,6,10,2,2,0,2,1,0,8.0,5.0,19,1
98.0,3,7,2,0,0,1,1,1,393.0,381.0,19,0
175.0,28,41,2,2,0,2,1,1,310.0,305.0,19,0
92.0,0,6,2,2,0,2,1,0,342.0,8.0,19,0
283.0,25,31,2,0,0,0,1,0,19.0,33.0,19,1
306.0,0,4,2,2,0,2,0,0,99.0,18.0,19,1
275.0,12,15,2,0,0,1,0,0,171.0,46.0,19,0
512.0,3,21,2,2,0,2,0,0,199.0,20.0,19,0
235.0,3,9,2,2,0,2,1,1,39.0,3.0,19,1
191.0,17,35,2,0,0,2,1,1,214.0,208.0,19,0
76.0,2,15,2,2,0,0,1,0,389.0,58.0,19,1
244.0,25,38,2,0,0,1,0,0,7.0,16.0,19,1
253.0,0,10,2,0,0,2,1,0,5.0,125.0,19,1
240.0,25,29,2,2,0,0,0,0,46.0,48.0,19,1
238.0,8,12,2,2,0,2,0,0,297.0,15.0,19,0
315.0,0,22,2,0,0,0,1,1,179.0,65.0,19,0
133.0,2,12,2,0,0,2,1,1,296.0,26.0,19,1
237.0,2,9,2,0,0,2,1,1,13.0,3.0,19,1
243.0,0,6,2,2,0,2,1,1,4.0,1.0,19,1
91.0,4,15,2,0,0,2,1,0,353.0,31.0,19,0
262.0,4,14,2,2,0,0,1,1,295.0,63.0,19,0
1097.0,0,5,0,1,0,1,1,1,1.0,285.0,19,0
75.0,43,70,2,0,0,1,1,0,402.0,176.0,19,0
245.0,0,8,2,0,0,0,0,0,14.0,2.0,19,1
180.0,3,13,2,0,0,2,1,1,238.0,44.0,19,1
293.0,0,5,2,2,0,0,0,0,170.0,64.0,19,0
80.0,4,20,2,0,0,0,1,0,404.0,4.0,19,0
259.0,9,17,2,0,0,2,0,0,40.0,11.0,19,1
115.0,26,60,2,2,0,1,1,0,398.0,175.0,19,0
258.0,25,44,2,0,0,2,1,0,210.0,283.0,19,0
303.0,6,8,2,2,0,1,0,0,4.0,235.0,19,1
229.0,2,36,2,0,0,1,1,0,227.0,304.0,0,1
253.0,0,6,2,0,0,0,0,0,3.0,24.0,19,0
170.0,5,16,2,0,0,0,0,0,114.0,62.0,19,0
130.0,6,39,2,2,0,1,0,0,402.0,4.0,19,0
258.0,5,9,2,0,0,2,1,0,62.0,27.0,19,0
288.0,3,8,2,0,0,2,1,1,101.0,66.0,19,1
106.0,20,23,2,0,0,2,1,1,391.0,163.0,19,0
301.0,2,8,2,2,0,2,1,0,165.0,32.0,19,0
315.0,0,41,2,0,0,1,0,0,173.0,292.0,19,1
92.0,3,28,2,0,0,1,0,0,338.0,300.0,19,0
243.0,0,5,2,2,0,0,0,0,6.0,5.0,19,1
192.0,18,31,2,0,0,0,1,1,46.0,6.0,19,1
87.0,10,72,2,0,0,1,1,0,384.0,173.0,19,0
102.0,9,16,2,0,0,2,1,0,388.0,80.0,19,1
95.0,14,41,2,0,0,0,1,1,377.0,23.0,19,0
295.0,6,13,2,0,0,0,1,0,13.0,40.0,19,0
128.0,20,68,2,2,0,1,1,0,369.0,171.0,19,0
246.0,10,21,2,2,0,1,1,1,7.0,382.0,19,1
178.0,10,17,2,2,0,1,0,0,12.0,228.0,19,1
225.0,9,12,2,2,0,1,1,1,7.0,553.0,19,0
219.0,10,31,2,0,0,1,1,0,25.0,299.0,19,1
93.0,27,70,2,0,0,1,1,0,371.0,176.0,19,0
288.0,2,30,2,2,0,2,1,1,6.0,42.0,19,1
295.0,13,23,2,0,0,1,1,1,11.0,261.0,19,1
120.0,2,12,2,2,0,1,0,0,292.0,86.0,19,1
268.0,3,4,2,2,0,0,1,0,36.0,1.0,19,0
109.0,30,39,2,2,0,2,1,1,362.0,2.0,19,1
89.0,0,15,2,0,0,1,1,1,356.0,170.0,19,1
94.0,40,47,2,2,0,1,1,0,391.0,303.0,19,1
200.0,8,9,2,0,0,1,1,0,9.0,178.0,19,0
253.0,0,10,2,0,0,1,0,0,5.0,108.0,19,0
265.0,16,24,2,0,0,1,1,1,213.0,173.0,19,0
230.0,10,39,2,2,0,2,1,1,6.0,2.0,19,1
288.0,23,38,2,0,0,1,0,0,30.0,16.0,19,1
194.0,0,8,2,0,0,2,1,0,121.0,32.0,19,0
101.0,5,13,2,2,0,2,1,0,359.0,36.0,19,0
304.0,2,10,2,2,0,1,1,0,182.0,188.0,19,0
192.0,14,22,2,0,0,2,0,0,40.0,11.0,19,1
180.0,2,6,2,0,0,1,0,0,242.0,1.0,19,1
82.0,11,41,2,0,0,2,0,1,357.0,63.0,19,0
345.0,8,38,2,0,0,2,1,0,225.0,285.0,19,0
269.0,8,9,2,2,0,1,0,0,235.0,10.0,19,0
80.0,21,22,2,0,0,1,0,0,403.0,7.0,19,0
164.0,0,5,2,0,0,2,0,0,309.0,49.0,19,0
188.0,5,9,2,2,0,0,0,0,37.0,1.0,19,0
252.0,28,47,2,2,0,2,1,0,213.0,282.0,19,0
239.0,7,17,2,2,0,0,0,0,26.0,27.0,19,1
242.0,7,13,2,2,0,1,1,1,16.0,487.0,19,0
263.0,7,20,2,2,0,1,0,0,218.0,306.0,19,1
304.0,2,8,2,2,0,2,1,1,12.0,40.0,19,1
65.0,56,62,2,0,0,1,1,0,381.0,176.0,19,0
242.0,17,22,2,2,0,2,1,1,14.0,16.0,19,1
90.0,10,13,2,0,0,1,0,0,183.0,183.0,19,0
258.0,9,22,2,0,0,1,1,1,64.0,65.0,19,1
209.0,0,23,2,1,0,2,0,0,295.0,1.0,19,1
241.0,3,11,2,2,0,1,0,0,1.0,3.0,19,0
293.0,0,4,2,0,0,2,0,0,38.0,42.0,19,0
202.0,4,16,2,0,0,1,1,0,25.0,332.0,19,0
305.0,3,8,2,0,0,2,0,0,56.0,12.0,19,1
63.0,11,23,2,0,0,2,1,0,401.0,3.0,19,1
120.0,2,13,2,2,0,2,0,0,295.0,387.0,19,0
240.0,7,9,2,2,0,1,1,1,43.0,2.0,19,1
307.0,2,17,2,0,0,2,1,0,53.0,14.0,19,1
120.0,23,25,2,0,0,2,1,1,392.0,160.0,19,0
185.0,4,17,2,2,0,1,0,0,56.0,58.0,19,1
243.0,2,8,2,2,0,0,1,0,8.0,3.0,19,1
209.0,1,5,2,0,0,1,1,0,1.0,27.0,19,1
197.0,1,2,2,2,0,2,1,1,32.0,145.0,19,0
211.0,1,4,2,0,0,1,1,0,18.0,112.0,15,0
186.0,28,31,2,2,0,0,1,1,25.0,6.0,19,1
192.0,7,31,2,0,0,1,1,0,47.0,299.0,19,1
101.0,2,21,2,2,0,2,1,0,351.0,147.0,19,1
266.0,3,8,2,2,0,2,1,0,101.0,34.0,19,1
63.0,1,41,2,0,0,1,0,0,402.0,11.0,19,1
102.0,8,10,2,2,0,2,1,0,363.0,211.0,19,0
246.0,1,30,2,2,0,1,1,0,8.0,301.0,19,1
257.0,1,17,2,2,0,2,0,0,23.0,11.0,19,1
340.0,4,11,2,2,0,2,1,0,200.0,31.0,19,0
199.0,5,17,2,2,0,1,0,0,14.0,228.0,19,1
257.0,3,10,2,2,0,0,0,0,2.0,3.0,19,0
247.0,10,17,2,2,0,2,0,0,49.0,35.0,19,1
90.0,3,24,2,0,0,1,1,1,185.0,297.0,19,1
243.0,0,6,2,2,0,1,0,0,10.0,291.0,19,1
259.0,9,27,2,2,0,2,0,0,159.0,27.0,19,1
240.0,6,17,2,2,0,0,0,0,20.0,27.0,19,1
90.0,1,6,2,0,0,2,1,1,184.0,1.0,19,1
192.0,5,27,2,0,0,2,1,1,292.0,303.0,15,1
398.0,4,15,2,2,0,0,0,0,188.0,64.0,19,0
212.0,11,17,2,2,0,2,0,0,54.0,35.0,19,1
285.0,19,41,2,2,0,2,1,1,138.0,207.0,19,0
265.0,1,9,2,0,0,2,1,1,115.0,29.0,19,0
103.0,9,24,2,2,0,2,1,1,332.0,2.0,19,1
173.0,2,15,2,2,0,2,1,0,98.0,42.0,19,0
246.0,9,13,2,2,0,1,0,0,2.0,12.0,19,1
101.0,5,38,2,0,0,1,0,0,347.0,16.0,19,1
257.0,0,8,2,2,0,2,0,0,1.0,1.0,19,1
140.0,3,6,2,2,0,2,1,1,298.0,2.0,19,1
337.0,0,8,2,2,0,2,1,0,219.0,46.0,19,1
106.0,12,39,2,0,0,1,1,0,375.0,304.0,0,1
98.0,18,24,2,0,0,2,0,0,398.0,92.0,19,0
203.0,3,5,2,2,0,2,0,0,48.0,23.0,19,1
82.0,7,26,2,0,0,2,0,0,364.0,137.0,19,0
84.0,6,43,2,1,0,2,0,0,336.0,87.0,19,0
103.0,7,13,2,2,0,2,1,0,334.0,16.0,19,1
253.0,0,10,2,0,0,0,0,0,3.0,40.0,19,1
322.0,11,45,2,0,0,2,1,1,126.0,207.0,19,0
84.0,3,12,2,1,0,1,0,0,338.0,10.0,19,1
292.0,8,25,2,2,0,1,1,0,222.0,519.0,19,0
239.0,1,14,2,1,0,1,0,0,4.0,65.0,19,1
253.0,0,11,2,0,0,2,0,0,5.0,38.0,19,0
98.0,37,71,2,2,0,1,1,0,376.0,170.0,19,0
304.0,4,40,2,2,0,2,1,0,183.0,282.0,19,0
273.0,7,10,2,0,0,0,1,0,177.0,72.0,19,0
244.0,15,17,2,0,0,1,0,0,33.0,228.0,19,1
237.0,0,4,2,2,0,2,1,1,31.0,120.0,19,1
235.0,4,8,2,2,0,0,1,0,40.0,3.0,19,1
257.0,1,11,2,2,0,2,1,1,1.0,74.0,19,0
263.0,11,21,2,2,0,0,0,0,225.0,4.0,19,0
96.0,31,39,2,0,0,2,1,1,347.0,208.0,19,0
239.0,6,29,2,2,0,1,0,0,31.0,80.0,19,0
254.0,9,17,2,0,0,1,0,0,28.0,229.0,19,1
206.0,0,30,2,1,0,1,1,0,35.0,301.0,19,1
463.0,6,23,2,2,0,2,1,1,258.0,119.0,19,0
199.0,5,9,2,0,0,1,1,1,6.0,259.0,19,0
297.0,28,38,2,0,0,1,0,0,79.0,16.0,19,1
243.0,2,4,2,2,0,2,1,0,115.0,27.0,19,0
94.0,17,25,2,2,0,2,0,0,386.0,23.0,19,0
295.0,5,42,2,2,0,0,1,1,218.0,18.0,19,0
246.0,22,29,2,0,0,2,1,1,58.0,27.0,19,1
265.0,11,27,2,2,0,2,1,1,13.0,303.0,15,1
128.0,6,16,2,2,0,2,1,0,330.0,80.0,19,1
84.0,6,15,2,1,0,1,1,0,337.0,250.0,19,1
182.0,9,11,2,2,0,2,1,1,306.0,68.0,19,0
227.0,4,8,2,2,0,0,0,0,59.0,2.0,19,1
227.0,0,8,2,2,0,1,0,0,4.0,83.0,19,0
242.0,2,15,2,2,0,2,1,1,1.0,4.0,19,1
192.0,14,17,2,0,0,1,0,0,47.0,229.0,19,1
89.0,5,44,2,0,0,1,0,0,358.0,362.0,19,0
203.0,1,9,2,0,0,1,1,0,42.0,288.0,19,0
240.0,4,8,2,2,0,1,0,0,48.0,61.0,19,1
256.0,4,22,2,0,0,2,0,0,4.0,11.0,19,1
83.0,0,21,2,0,0,1,0,0,381.0,11.0,19,0
320.0,20,29,2,2,0,0,0,0,125.0,48.0,19,1
253.0,2,10,2,0,0,0,0,0,5.0,83.0,19,1
241.0,7,13,2,0,0,2,0,0,146.0,34.0,19,1
227.0,2,9,2,2,0,2,1,1,104.0,33.0,19,0
278.0,3,9,2,2,0,2,0,0,26.0,1.0,19,1
217.0,4,8,2,2,0,2,1,0,27.0,5.0,19,1
247.0,3,16,2,2,0,0,1,1,42.0,6.0,19,1
180.0,0,23,2,0,0,2,1,0,242.0,19.0,19,0
227.0,11,17,2,0,0,1,0,0,4.0,228.0,19,1
70.0,0,7,2,2,0,1,1,0,367.0,554.0,19,0
94.0,38,42,2,0,0,2,1,1,354.0,207.0,19,0
186.0,2,4,2,2,0,0,0,0,27.0,1.0,19,1
91.0,10,25,2,2,0,2,1,1,334.0,66.0,19,0
214.0,13,16,2,0,0,0,1,1,70.0,6.0,19,1
98.0,4,13,2,0,0,1,0,0,398.0,55.0,19,0
301.0,0,8,2,2,0,2,0,0,98.0,34.0,19,1
322.0,0,8,2,2,0,0,1,0,61.0,3.0,19,1
101.0,13,24,2,2,0,1,1,0,351.0,294.0,19,0
98.0,8,40,2,0,0,2,1,1,400.0,11.0,19,1
298.0,18,30,2,2,0,1,0,0,64.0,191.0,19,0
260.0,2,12,2,2,0,1,0,0,212.0,9.0,19,0
192.0,2,38,2,0,0,2,1,1,220.0,8.0,19,1
315.0,7,25,2,0,0,1,0,0,177.0,307.0,19,0
63.0,2,11,2,0,0,0,0,0,402.0,38.0,19,1
253.0,0,6,2,0,0,1,0,0,4.0,4.0,19,1
222.0,4,31,2,0,0,0,1,1,45.0,6.0,19,1
250.0,6,31,2,2,0,2,1,1,2.0,6.0,19,1
218.0,5,8,2,2,0,2,1,0,17.0,107.0,19,0
257.0,0,8,2,2,0,2,1,0,24.0,53.0,19,0
87.0,4,41,2,2,0,1,0,0,388.0,292.0,19,1
185.0,12,28,2,0,0,2,0,0,107.0,28.0,19,1
239.0,2,5,2,1,0,2,0,0,5.0,1.0,19,0
89.0,7,10,2,2,0,2,1,1,352.0,28.0,19,1
914.0,0,3,0,1,0,1,1,0,10.0,305.0,19,1
201.0,2,13,2,0,0,1,1,1,40.0,478.0,19,0
235.0,4,8,2,2,0,2,1,0,37.0,6.0,3,1
293.0,4,11,2,2,0,2,0,0,15.0,1.0,19,1
95.0,3,6,2,2,0,2,1,0,402.0,90.0,19,1
299.0,4,45,2,0,0,0,1,1,184.0,21.0,19,0
217.0,0,9,2,2,0,0,0,0,22.0,65.0,19,0
316.0,0,8,2,2,0,2,1,1,108.0,40.0,19,1
229.0,9,39,2,2,0,2,1,1,10.0,2.0,19,1
217.0,8,16,2,2,0,2,1,0,20.0,50.0,19,1
206.0,5,8,2,1,0,2,1,0,33.0,6.0,3,1
208.0,0,9,2,2,0,0,1,0,38.0,68.0,19,1
253.0,0,19,2,0,0,1,0,0,1.0,304.0,19,0
153.0,6,10,2,0,0,1,0,0,40.0,369.0,19,0
290.0,6,9,2,0,0,2,1,0,45.0,57.0,19,1
186.0,2,9,2,2,0,2,1,1,30.0,97.0,19,1
90.0,0,6,2,0,0,2,0,0,184.0,16.0,19,1
331.0,4,9,2,0,0,1,0,0,259.0,10.0,19,0
94.0,6,7,2,2,0,0,1,1,332.0,48.0,19,0
90.0,8,10,2,0,0,1,1,1,190.0,15.0,19,1
98.0,3,13,2,0,0,1,0,0,394.0,220.0,19,0
253.0,0,8,2,2,0,2,0,0,90.0,34.0,19,1
75.0,6,13,2,0,0,2,0,0,361.0,210.0,19,0
95.0,1,8,2,2,0,2,0,0,402.0,1.0,19,1
76.0,10,11,2,2,0,0,1,1,353.0,5.0,19,0
107.0,6,7,2,2,0,2,0,0,338.0,26.0,19,0
238.0,6,9,2,2,0,2,1,1,296.0,116.0,19,0
262.0,4,17,2,0,0,2,0,0,21.0,35.0,19,1
398.0,2,10,2,2,0,2,0,0,188.0,34.0,19,1
243.0,1,4,2,2,0,2,0,0,51.0,6.0,19,1
229.0,9,10,2,0,0,0,0,0,222.0,66.0,19,0
257.0,2,6,2,2,0,2,1,0,1.0,90.0,19,1
351.0,1,10,2,0,0,2,1,0,217.0,13.0,19,1
831.0,8,23,0,1,0,2,1,1,90.0,161.0,19,0
280.0,2,4,2,2,0,1,0,0,4.0,269.0,19,0
193.0,5,17,2,2,0,2,0,0,20.0,35.0,19,1
94.0,2,12,2,2,0,0,0,0,326.0,31.0,19,1
204.0,5,16,2,0,0,1,0,0,8.0,232.0,19,1
88.0,7,11,2,0,0,2,1,0,382.0,10.0,19,0
229.0,5,8,2,2,0,2,1,0,184.0,54.0,19,0
289.0,4,16,2,2,0,2,0,0,142.0,31.0,19,0
213.0,3,8,2,0,0,2,0,0,62.0,35.0,19,0
75.0,13,14,2,0,0,0,1,1,363.0,38.0,19,0
223.0,1,5,2,2,0,1,1,0,36.0,294.0,19,1
382.0,0,7,0,1,0,1,1,1,18.0,292.0,19,1
299.0,2,6,2,0,0,2,0,0,184.0,5.0,19,1
211.0,1,5,2,0,0,0,0,0,28.0,1.0,19,1
1448.0,4,9,0,1,0,1,1,0,4.0,205.0,19,0
89.0,25,39,2,2,0,2,1,1,349.0,2.0,19,1
177.0,2,4,2,2,0,1,0,0,25.0,11.0,19,1
234.0,1,17,2,0,0,2,1,1,112.0,45.0,19,0
246.0,7,8,2,2,0,2,0,0,132.0,160.0,19,0
257.0,2,6,2,2,0,1,1,1,1.0,411.0,19,0
239.0,5,14,2,1,0,1,1,1,1.0,482.0,19,1
76.0,6,10,2,2,0,0,0,0,352.0,40.0,19,1
194.0,0,9,2,2,0,1,0,0,42.0,48.0,19,0
90.0,6,10,2,0,0,1,0,0,190.0,239.0,19,1
291.0,8,18,2,2,0,2,1,1,176.0,2.0,19,1
257.0,4,12,2,2,0,2,1,1,3.0,52.0,19,0
205.0,1,33,2,2,0,2,0,0,17.0,9.0,19,0
79.0,14,22,2,2,0,2,1,1,327.0,117.0,19,0
260.0,0,30,2,2,0,2,1,1,52.0,42.0,19,1
101.0,3,42,2,0,0,2,1,1,281.0,207.0,19,0
512.0,10,26,2,2,0,2,0,0,192.0,30.0,19,0
289.0,1,36,2,2,0,2,1,1,191.0,211.0,19,0
91.0,3,6,2,0,0,0,1,0,349.0,65.0,19,0
301.0,11,20,2,0,0,1,1,0,132.0,184.0,19,0
292.0,3,7,2,2,0,0,0,0,187.0,14.0,19,0
272.0,5,8,2,2,0,0,1,1,104.0,35.0,19,0
217.0,2,5,2,2,0,2,1,1,42.0,3.0,19,1
231.0,2,32,2,2,0,2,1,0,64.0,281.0,19,0
257.0,3,40,2,2,0,2,0,0,2.0,15.0,19,1
101.0,20,21,2,2,0,2,1,1,337.0,68.0,19,0
329.0,32,39,2,2,0,2,1,1,248.0,205.0,19,0
63.0,1,10,2,0,0,1,1,1,402.0,356.0,19,1
194.0,3,8,2,0,0,2,0,0,14.0,78.0,19,0
102.0,7,9,2,1,0,2,0,0,348.0,29.0,1,0
84.0,5,15,2,1,0,1,1,0,337.0,250.0,19,0
244.0,8,12,2,0,0,1,0,0,1.0,16.0,19,1
228.0,10,21,2,0,0,1,0,0,1.0,8.0,19,0
319.0,4,22,2,2,0,2,0,0,141.0,14.0,19,1
387.0,4,23,0,1,0,0,1,1,50.0,380.0,19,0
256.0,17,23,2,0,0,2,1,0,3.0,3.0,19,1
253.0,0,6,2,0,0,2,0,0,3.0,14.0,19,0
351.0,3,24,2,0,0,2,1,1,218.0,2.0,19,1
351.0,0,8,2,0,0,1,0,0,219.0,210.0,13,1
878.0,0,10,0,1,0,1,1,0,137.0,176.0,19,0
252.0,0,4,2,0,0,2,0,0,20.0,8.0,19,0
315.0,4,14,2,0,0,1,1,0,177.0,251.0,19,1
293.0,1,11,2,2,0,2,0,0,10.0,19.0,19,1
192.0,19,39,2,2,0,2,1,1,306.0,2.0,19,1
293.0,0,7,2,2,0,2,1,0,173.0,27.0,19,0
96.0,9,14,2,0,0,1,0,0,340.0,32.0,19,1
243.0,0,13,2,2,0,1,0,0,3.0,183.0,19,0
200.0,0,17,2,0,0,2,1,0,11.0,14.0,19,1
268.0,4,8,2,2,0,2,0,0,34.0,39.0,19,1
215.0,4,17,2,0,0,0,0,0,37.0,27.0,19,1
288.0,2,22,2,2,0,2,0,0,5.0,14.0,19,1
80.0,4,17,2,0,0,2,1,1,402.0,114.0,19,0
225.0,4,9,2,2,0,1,1,0,82.0,178.0,19,0
262.0,7,25,2,0,0,2,1,1,88.0,303.0,15,0
84.0,9,15,2,1,0,2,1,0,338.0,31.0,19,0
227.0,3,8,2,2,0,2,0,0,1.0,78.0,19,1
290.0,2,9,2,2,0,2,1,0,67.0,35.0,19,0
261.0,3,12,2,0,0,1,1,1,12.0,367.0,19,1
63.0,4,14,2,0,0,1,0,0,396.0,298.0,19,1
121.0,20,26,2,0,0,2,0,0,308.0,23.0,19,0
214.0,0,4,2,0,0,0,0,0,29.0,35.0,19,1
246.0,1,12,2,2,0,2,0,0,3.0,14.0,19,1
277.0,12,31,2,0,0,0,1,1,17.0,6.0,19,1
238.0,2,12,2,2,0,2,0,0,295.0,1.0,19,1
267.0,7,9,2,0,0,2,0,0,74.0,35.0,19,0
191.0,1,8,2,2,0,2,1,1,103.0,23.0,19,0
231.0,24,30,2,0,0,1,1,1,22.0,333.0,19,0
256.0,4,10,2,0,0,2,0,0,1.0,1.0,19,1
351.0,2,12,2,0,0,2,1,1,220.0,265.0,19,1
89.0,7,10,2,0,0,1,1,0,357.0,1.0,9,1
314.0,3,16,2,0,0,1,0,0,34.0,232.0,19,1
244.0,1,9,2,0,0,1,1,0,12.0,111.0,19,0
240.0,3,17,2,2,0,2,1,0,27.0,173.0,19,0
199.0,0,4,2,0,0,0,1,1,60.0,48.0,19,1
249.0,8,14,2,2,0,1,1,0,304.0,343.0,19,0
180.0,3,10,2,0,0,1,1,0,240.0,171.0,19,0
220.0,2,6,2,2,0,1,1,1,83.0,182.0,19,1
244.0,5,9,2,2,0,1,1,0,80.0,300.0,19,1
238.0,7,9,2,0,0,0,1,0,6.0,5.0,19,1
262.0,0,4,2,0,0,0,0,0,59.0,1.0,19,1
202.0,12,16,2,0,0,2,1,0,80.0,157.0,19,1
63.0,5,23,2,0,0,1,0,0,401.0,3.0,19,1
698.0,4,6,0,1,0,2,1,1,2.0,321.0,19,1
89.0,8,15,2,0,0,0,1,1,358.0,38.0,19,0
223.0,0,18,2,2,0,2,1,1,36.0,2.0,19,1
240.0,1,10,2,2,0,0,0,0,20.0,35.0,19,1
82.0,20,47,2,2,0,2,1,1,327.0,205.0,19,0
244.0,1,23,2,0,0,2,0,0,8.0,1.0,19,1
207.0,1,4,2,2,0,2,1,1,30.0,1.0,19,1
217.0,3,16,2,2,0,2,1,0,100.0,157.0,19,0
206.0,0,9,2,2,0,0,0,0,36.0,2.0,19,1
208.0,11,31,2,2,0,0,1,0,35.0,33.0,19,1
95.0,6,15,2,2,0,1,0,0,392.0,3.0,19,0
225.0,2,38,2,0,0,2,1,1,264.0,207.0,19,0
84.0,2,71,2,0,0,1,1,0,369.0,173.0,19,0
330.0,3,25,2,2,0,2,1,1,132.0,303.0,15,1
254.0,10,15,2,0,0,2,1,0,211.0,32.0,19,0
212.0,22,39,2,0,0,2,1,1,187.0,2.0,19,1
95.0,3,6,2,2,0,2,0,0,397.0,32.0,19,0
229.0,10,14,2,0,0,1,0,0,1.0,65.0,19,1
250.0,12,18,2,2,0,2,1,1,1.0,2.0,19,1
312.0,0,9,2,2,0,2,1,0,55.0,29.0,19,1
366.0,18,30,2,0,0,2,1,1,103.0,42.0,19,1
94.0,23,40,2,2,0,2,1,0,386.0,283.0,19,0
89.0,33,39,2,1,0,2,1,1,353.0,2.0,19,1
242.0,3,5,2,2,0,2,1,1,16.0,3.0,19,1
117.0,4,40,2,2,0,2,1,1,347.0,212.0,19,0
296.0,15,38,2,0,0,2,1,1,271.0,206.0,19,0
230.0,8,9,2,2,0,2,0,0,4.0,139.0,19,0
280.0,14,16,2,2,0,0,0,0,9.0,62.0,19,0
96.0,9,22,2,2,0,2,0,0,391.0,4.0,19,0
212.0,3,10,2,0,0,2,1,0,26.0,63.0,19,0
192.0,3,5,2,0,0,1,1,1,59.0,176.0,19,0
170.0,12,16,2,2,0,1,0,0,53.0,232.0,19,1
76.0,4,7,2,2,0,1,0,0,387.0,16.0,19,1
72.0,3,6,2,0,0,2,0,0,330.0,5.0,19,1
228.0,2,5,2,2,0,2,1,1,37.0,2.0,19,1
273.0,3,30,2,2,0,1,1,0,94.0,301.0,19,1
239.0,20,30,2,2,0,2,1,1,20.0,42.0,19,1
229.0,6,22,2,0,0,0,1,1,229.0,65.0,19,0
246.0,10,14,2,0,0,2,0,0,90.0,20.0,19,1
122.0,5,10,2,0,0,0,0,0,369.0,68.0,19,0
77.0,14,26,2,2,0,2,0,0,364.0,39.0,19,0
259.0,6,8,2,0,0,1,1,0,42.0,111.0,19,0
197.0,8,13,2,2,0,2,1,0,89.0,30.0,19,1
260.0,1,4,2,2,0,0,0,0,49.0,35.0,19,1
82.0,4,10,2,0,0,1,1,0,363.0,1.0,9,1
262.0,8,17,2,0,0,1,0,0,62.0,228.0,19,1
282.0,1,12,2,0,0,2,1,0,192.0,10.0,19,0
281.0,2,18,2,2,0,2,0,0,12.0,247.0,19,0
288.0,0,8,2,0,0,2,0,0,33.0,6.0,19,1
212.0,0,8,2,0,0,2,1,0,124.0,31.0,19,0
257.0,4,5,2,2,0,1,0,0,3.0,269.0,19,0
257.0,0,12,2,2,0,0,0,0,1.0,9.0,19,0
312.0,4,13,2,2,0,2,1,1,250.0,96.0,19,0
318.0,6,12,2,2,0,1,0,0,138.0,35.0,19,1
248.0,2,4,2,2,0,2,0,0,1.0,69.0,19,0
106.0,1,13,2,1,0,1,1,0,362.0,515.0,19,0
246.0,3,15,2,2,0,0,1,1,7.0,61.0,19,0
111.0,69,71,2,0,0,1,1,0,368.0,170.0,19,0
308.0,5,15,2,0,0,2,1,0,236.0,34.0,19,0
76.0,4,28,2,1,0,2,1,0,338.0,49.0,19,1
292.0,26,39,2,0,0,2,1,1,219.0,2.0,19,1
91.0,1,13,2,0,0,2,0,0,346.0,2.0,19,0
129.0,10,47,2,0,0,1,1,0,324.0,303.0,19,1
229.0,2,16,2,0,0,2,1,1,1.0,98.0,19,0
207.0,0,9,2,2,0,2,0,0,75.0,13.0,19,1
90.0,2,4,2,0,0,0,1,1,190.0,54.0,19,1
238.0,18,38,2,0,0,1,0,0,4.0,16.0,19,1
95.0,5,10,2,2,0,1,0,0,403.0,13.0,19,1
103.0,4,6,2,2,0,2,0,0,336.0,125.0,19,0
240.0,6,9,2,2,0,2,0,0,42.0,11.0,19,1
102.0,2,12,2,1,0,2,1,1,356.0,67.0,19,0
783.0,14,23,0,1,0,2,1,1,54.0,164.0,19,0
622.0,0,7,0,1,0,0,1,1,1.0,19.0,19,0
217.0,6,22,2,2,0,1,1,1,31.0,65.0,19,1
229.0,2,8,2,1,0,1,1,0,66.0,266.0,19,0
109.0,13,25,2,0,0,2,1,1,377.0,169.0,19,0
217.0,2,9,2,0,0,2,1,0,86.0,131.0,19,0
86.0,6,12,2,2,0,1,0,0,390.0,86.0,19,1
242.0,19,24,2,2,0,0,0,0,10.0,9.0,19,0
250.0,1,4,2,0,0,2,1,0,27.0,314.0,19,1
87.0,1,6,2,1,0,2,1,1,333.0,22.0,19,1
65.0,41,61,2,0,0,1,1,0,376.0,171.0,19,0
240.0,1,8,2,2,0,2,0,0,39.0,25.0,19,1
253.0,0,10,2,0,0,1,1,1,5.0,47.0,19,0
153.0,3,5,2,0,0,2,0,0,46.0,23.0,19,0
248.0,3,32,2,0,0,2,1,0,27.0,281.0,19,0
239.0,1,21,2,1,0,2,1,1,1.0,6.0,19,0
180.0,0,10,2,0,0,2,1,1,243.0,137.0,19,1
253.0,0,4,2,0,0,1,0,0,1.0,202.0,19,1
267.0,0,8,2,2,0,1,0,0,31.0,271.0,19,1
212.0,1,8,2,2,0,2,1,0,92.0,40.0,19,1
351.0,3,5,2,0,0,2,1,0,222.0,1.0,3,1
351.0,6,11,2,0,0,2,1,0,217.0,8.0,19,1
295.0,4,10,2,2,0,1,1,0,222.0,171.0,19,0
114.0,23,68,2,2,0,1,1,0,388.0,173.0,19,0
79.0,3,20,2,2,0,2,1,0,324.0,12.0,19,0
121.0,7,43,2,0,0,2,0,0,312.0,87.0,19,0
92.0,11,24,2,2,0,2,1,1,347.0,2.0,19,1
243.0,3,8,2,2,0,0,0,0,5.0,26.0,19,0
700.0,0,6,0,1,0,2,1,1,2.0,68.0,19,1
233.0,33,38,2,2,0,2,1,1,91.0,206.0,19,0
622.0,0,25,0,1,0,2,1,1,102.0,160.0,19,0
76.0,7,42,2,2,0,0,1,1,346.0,18.0,19,0
257.0,2,10,2,2,0,1,1,1,3.0,356.0,19,1
265.0,8,17,2,2,0,2,0,0,10.0,134.0,19,1
243.0,0,13,2,2,0,1,1,0,4.0,356.0,19,1
242.0,5,9,2,2,0,1,1,1,3.0,243.0,19,1
240.0,1,32,2,2,0,0,1,0,17.0,27.0,19,1
283.0,2,4,2,0,0,1,1,0,21.0,510.0,19,0
237.0,6,8,2,0,0,2,1,0,19.0,51.0,19,0
236.0,2,6,2,0,0,1,0,0,1.0,290.0,19,0
239.0,5,11,2,1,0,1,0,0,4.0,60.0,19,0
268.0,0,17,2,0,0,2,1,0,47.0,98.0,19,1
258.0,0,5,2,2,0,2,0,0,161.0,27.0,19,0
260.0,3,16,2,0,0,2,0,0,26.0,382.0,19,0
230.0,6,14,2,2,0,2,0,0,6.0,30.0,19,0
351.0,7,10,2,0,0,1,1,1,222.0,310.0,19,0
95.0,2,6,2,2,0,2,0,0,402.0,1.0,19,1
281.0,6,16,2,2,0,0,1,1,35.0,6.0,19,1
219.0,6,8,2,2,0,0,0,0,48.0,5.0,19,0
93.0,25,71,2,0,0,1,1,0,388.0,173.0,19,0
258.0,9,18,2,2,0,1,0,0,94.0,400.0,19,0
217.0,7,10,2,2,0,1,0,0,41.0,290.0,19,0
272.0,4,18,2,0,0,2,1,1,12.0,2.0,19,1
206.0,5,9,2,2,0,2,1,0,55.0,29.0,19,0
239.0,4,9,2,1,0,1,1,0,2.0,352.0,19,0
235.0,3,5,2,2,0,2,1,1,43.0,28.0,19,0
198.0,0,16,2,2,0,2,0,0,4.0,382.0,19,0
244.0,0,4,2,0,0,2,1,0,11.0,40.0,19,0
170.0,3,4,2,2,0,2,1,1,48.0,366.0,19,0
243.0,0,13,2,2,0,2,1,0,3.0,9.0,19,1
239.0,4,9,2,2,0,1,0,0,19.0,233.0,19,0
94.0,12,15,2,2,0,2,0,0,331.0,44.0,19,0
278.0,3,4,2,2,0,0,1,1,71.0,50.0,19,0
200.0,4,33,2,2,0,2,0,0,35.0,9.0,19,1
246.0,25,39,2,0,0,2,1,1,88.0,2.0,19,1
304.0,2,8,2,0,0,1,0,0,50.0,190.0,19,1
239.0,2,41,2,1,0,1,0,0,6.0,11.0,19,1
94.0,5,13,2,2,0,2,1,1,327.0,44.0,19,1
138.0,14,39,2,2,0,2,1,1,320.0,211.0,19,0
234.0,6,8,2,2,0,2,1,0,37.0,51.0,19,0
168.0,2,24,2,2,0,1,1,0,402.0,260.0,19,1
84.0,0,28,2,1,0,2,1,0,338.0,49.0,19,1
227.0,33,44,2,0,0,2,1,0,194.0,283.0,19,0
257.0,0,11,2,2,0,1,0,0,2.0,3.0,19,1
228.0,1,22,2,0,0,0,0,0,18.0,1.0,15,0
238.0,0,7,2,0,0,1,0,0,4.0,291.0,19,0
253.0,0,11,2,0,0,2,1,1,5.0,404.0,19,1
243.0,1,4,2,2,0,2,1,1,3.0,39.0,19,0
249.0,8,10,2,0,0,2,1,0,1.0,147.0,19,1
365.0,4,8,2,2,0,0,0,0,63.0,28.0,18,1
203.0,2,12,2,0,0,1,1,1,43.0,367.0,19,1
235.0,0,4,2,2,0,0,0,0,49.0,5.0,19,0
398.0,13,40,2,2,0,1,1,1,190.0,297.0,19,0
101.0,8,14,2,2,0,1,0,0,353.0,298.0,19,1
185.0,7,17,2,0,0,1,1,1,27.0,550.0,19,0
76.0,44,47,2,1,0,1,1,0,337.0,303.0,19,1
253.0,0,11,2,0,0,2,0,0,1.0,19.0,19,1
102.0,10,12,2,1,0,0,1,1,357.0,65.0,19,0
298.0,2,8,2,2,0,2,1,0,183.0,54.0,19,1
267.0,0,4,2,0,0,1,0,0,10.0,204.0,19,1
326.0,3,15,2,2,0,2,0,0,109.0,25.0,19,1
226.0,5,32,2,0,0,2,0,0,71.0,106.0,19,0
230.0,1,11,2,0,0,0,1,1,116.0,40.0,19,0
259.0,3,9,2,2,0,1,0,0,107.0,55.0,19,0
246.0,7,13,2,2,0,1,1,1,7.0,481.0,19,1
239.0,2,10,2,1,0,2,1,1,6.0,11.0,19,1
267.0,4,17,2,2,0,2,0,0,31.0,11.0,19,1
83.0,21,24,2,0,0,2,1,1,378.0,2.0,19,1
76.0,14,15,2,1,0,2,0,0,337.0,44.0,19,0
234.0,3,6,2,0,0,2,1,1,1.0,27.0,19,1
342.0,6,14,2,0,0,2,1,1,78.0,27.0,19,0
197.0,3,9,2,0,0,2,1,0,62.0,77.0,19,0
98.0,21,23,2,0,0,2,1,1,397.0,28.0,19,0
293.0,0,6,2,2,0,1,0,0,179.0,269.0,19,0
901.0,8,25,0,1,0,2,1,1,132.0,160.0,19,0
253.0,0,9,2,0,0,0,0,0,3.0,8.0,19,0
299.0,4,14,2,0,0,1,0,0,183.0,32.0,19,1
256.0,3,6,2,0,0,1,0,0,1.0,1.0,19,1
245.0,0,9,2,2,0,2,1,1,60.0,97.0,19,1
239.0,0,10,2,1,0,0,0,0,5.0,83.0,19,1
76.0,6,15,2,2,0,1,1,0,353.0,175.0,19,0
265.0,3,17,2,0,0,2,0,0,15.0,25.0,19,0
98.0,7,14,2,0,0,1,0,0,394.0,298.0,19,1
225.0,0,11,2,2,0,2,1,1,5.0,7.0,19,0
95.0,4,11,2,2,0,1,0,0,403.0,6.0,19,0
238.0,1,5,2,2,0,1,1,0,295.0,379.0,19,0
251.0,1,44,2,0,0,2,1,0,280.0,283.0,19,0
221.0,33,37,2,0,0,2,1,0,209.0,284.0,19,0
351.0,8,22,2,0,0,2,1,0,219.0,30.0,19,1
186.0,1,4,2,0,0,2,1,0,51.0,17.0,19,0
276.0,4,41,2,0,0,1,1,1,1.0,338.0,1,0
79.0,7,13,2,2,0,0,1,0,402.0,71.0,19,0
292.0,44,46,2,2,0,2,1,1,140.0,205.0,19,0
283.0,6,9,2,2,0,1,1,1,30.0,243.0,19,1
282.0,1,6,2,0,0,2,1,0,194.0,56.0,19,0
239.0,1,9,2,2,0,2,1,1,136.0,369.0,19,0
90.0,7,11,2,0,0,2,1,0,190.0,49.0,19,0
263.0,3,8,2,2,0,1,1,0,150.0,30.0,19,0
212.0,20,31,2,0,0,0,1,1,91.0,6.0,19,1
70.0,13,17,2,2,0,2,1,0,368.0,47.0,19,0
243.0,1,5,2,2,0,1,0,0,12.0,420.0,19,1
91.0,10,23,2,0,0,2,1,0,354.0,3.0,19,1
398.0,9,11,2,2,0,1,0,0,193.0,64.0,19,1
180.0,4,13,2,0,0,1,0,0,238.0,12.0,19,1
205.0,2,4,2,2,0,0,1,1,20.0,164.0,19,1
136.0,3,13,2,2,0,2,1,1,389.0,47.0,19,1
217.0,21,32,2,2,0,2,1,0,103.0,281.0,19,0
185.0,9,31,2,2,0,0,1,0,58.0,33.0,19,1
229.0,3,9,2,0,0,2,1,0,107.0,34.0,19,0
275.0,15,19,2,0,0,1,0,0,171.0,337.0,19,0
239.0,4,10,2,1,0,1,0,0,5.0,108.0,19,0
238.0,2,5,2,2,0,1,1,1,293.0,200.0,19,0
268.0,2,9,2,2,0,2,1,0,82.0,34.0,19,0
265.0,3,13,2,0,0,2,1,0,214.0,36.0,19,0
355.0,18,24,2,2,0,2,1,1,281.0,2.0,19,1
107.0,43,60,2,0,0,1,1,0,398.0,175.0,19,0
307.0,28,30,2,0,0,2,1,0,53.0,281.0,19,1
220.0,1,4,2,2,0,2,0,0,53.0,31.0,19,0
284.0,18,39,2,2,0,2,1,1,171.0,2.0,19,1
253.0,0,9,2,0,0,2,0,0,3.0,1.0,19,1
122.0,0,15,2,0,0,1,0,0,366.0,3.0,19,0
129.0,12,38,2,2,0,2,1,1,365.0,206.0,19,0
180.0,0,47,2,0,0,1,1,0,242.0,303.0,19,1
96.0,4,11,2,2,0,2,1,1,393.0,67.0,19,0
226.0,7,21,2,2,0,0,1,1,33.0,96.0,19,1
119.0,19,22,2,0,0,2,1,1,301.0,16.0,19,1
241.0,4,10,2,2,0,0,0,0,1.0,40.0,19,1
297.0,3,8,2,0,0,2,1,1,43.0,21.0,19,0
315.0,22,38,2,0,0,1,0,0,172.0,16.0,19,1
90.0,6,11,2,0,0,2,0,0,190.0,46.0,19,1
243.0,0,12,2,2,0,2,1,1,9.0,32.0,19,1
192.0,6,10,2,0,0,1,1,1,37.0,9.0,19,1
401.0,12,38,2,2,0,2,1,0,225.0,285.0,19,0
254.0,4,16,2,0,0,1,0,0,63.0,232.0,19,1
107.0,4,5,2,2,0,1,0,0,339.0,47.0,19,0
239.0,1,11,2,2,0,1,1,1,89.0,480.0,19,0
265.0,2,16,2,0,0,2,0,0,28.0,98.0,19,1
239.0,2,6,2,1,0,2,0,0,3.0,141.0,19,0
206.0,1,4,2,1,0,2,0,0,32.0,15.0,19,1
86.0,8,13,2,2,0,2,0,0,390.0,210.0,19,0
340.0,0,7,2,0,0,0,1,1,159.0,56.0,19,1
502.0,11,30,2,2,0,1,0,0,123.0,356.0,19,0
261.0,0,9,2,0,0,2,0,0,57.0,9.0,19,1
394.0,1,21,2,0,0,2,1,0,188.0,33.0,19,0
277.0,6,28,2,0,0,2,1,0,19.0,369.0,19,0
84.0,9,38,2,0,0,2,1,1,364.0,208.0,19,0
78.0,8,23,2,2,0,2,0,0,397.0,35.0,19,0
367.0,25,42,2,2,0,2,1,1,250.0,212.0,19,0
76.0,12,15,2,2,0,0,1,0,350.0,58.0,19,1
89.0,9,11,2,0,0,0,1,0,358.0,51.0,19,0
235.0,4,8,2,0,0,0,1,1,64.0,6.0,19,1
239.0,4,11,2,1,0,2,1,1,5.0,404.0,19,1
283.0,1,8,2,0,0,1,0,0,38.0,190.0,19,1
315.0,0,4,2,0,0,0,1,0,178.0,3.0,19,0
235.0,0,4,2,2,0,2,1,1,44.0,7.0,19,1
180.0,4,24,2,0,0,1,1,1,238.0,297.0,19,1
197.0,0,13,2,0,0,1,0,0,129.0,88.0,19,1
246.0,8,10,2,2,0,1,1,1,6.0,296.0,19,0
438.0,2,7,2,0,0,2,0,0,104.0,26.0,19,0
293.0,6,11,2,2,0,1,0,0,177.0,3.0,19,0
293.0,2,13,2,2,0,2,0,0,172.0,25.0,19,0
199.0,6,9,2,2,0,1,1,0,19.0,181.0,19,0
136.0,1,10,2,2,0,1,0,0,386.0,86.0,19,1
233.0,8,16,2,0,0,0,1,1,87.0,6.0,19,1
168.0,4,10,2,2,0,0,0,0,403.0,83.0,19,1
303.0,6,24,2,2,0,2,1,1,3.0,2.0,19,1
233.0,9,16,2,2,0,0,1,1,68.0,6.0,19,1
252.0,1,9,2,0,0,0,1,1,23.0,53.0,19,0
293.0,0,12,2,2,0,1,0,0,9.0,5.0,19,0
239.0,1,5,2,1,0,0,1,1,5.0,374.0,19,1
249.0,2,8,2,0,0,2,1,1,101.0,66.0,19,0
101.0,7,25,2,2,0,2,1,0,329.0,9.0,19,0
95.0,2,22,2,2,0,1,1,0,399.0,517.0,19,0
212.0,15,32,2,0,0,2,1,0,95.0,281.0,19,0
79.0,55,61,2,2,0,1,1,0,395.0,174.0,19,0
256.0,8,11,2,0,0,0,0,0,1.0,32.0,19,1
238.0,1,13,2,2,0,1,0,0,290.0,183.0,19,0
57.0,10,11,2,0,0,2,1,1,402.0,94.0,19,0
194.0,1,5,2,2,0,2,1,0,42.0,3.0,19,1
101.0,20,41,2,2,0,2,0,1,350.0,63.0,19,0
256.0,2,12,2,0,0,2,1,0,4.0,4.0,19,0
90.0,3,10,2,0,0,1,1,0,189.0,41.0,19,1
308.0,5,8,2,1,0,2,0,0,148.0,29.0,19,1
243.0,1,16,2,2,0,2,0,0,6.0,133.0,19,0
293.0,2,9,2,0,0,1,1,0,38.0,243.0,19,1
235.0,8,16,2,0,0,2,1,0,77.0,13.0,19,0
207.0,23,31,2,2,0,0,1,0,22.0,33.0,19,1
215.0,5,31,2,0,0,2,1,1,63.0,6.0,19,1
232.0,11,17,2,2,0,2,1,1,47.0,31.0,19,0
290.0,3,17,2,2,0,0,0,0,64.0,27.0,19,1
273.0,10,15,2,0,0,2,1,1,1.0,64.0,19,0
256.0,1,19,2,0,0,2,0,0,1.0,26.0,19,0
239.0,2,40,2,1,0,2,0,0,5.0,15.0,19,1
85.0,13,19,2,1,0,1,0,0,350.0,16.0,19,1
268.0,1,8,2,0,0,1,1,0,19.0,297.0,19,1
243.0,1,10,2,2,0,2,1,0,11.0,125.0,19,1
192.0,15,24,2,0,0,1,1,1,220.0,173.0,19,0
94.0,10,23,2,2,0,1,1,0,392.0,554.0,19,0
96.0,9,13,2,2,0,2,1,0,392.0,167.0,19,0
293.0,1,19,2,2,0,1,0,0,8.0,16.0,19,1
271.0,4,15,2,2,0,2,1,0,121.0,42.0,19,0
311.0,6,10,2,2,0,0,1,0,225.0,72.0,19,0
215.0,2,9,2,0,0,2,1,0,27.0,12.0,19,1
259.0,1,4,2,2,0,2,0,0,58.0,11.0,19,1
275.0,17,24,2,0,0,1,1,1,295.0,173.0,19,1
224.0,10,16,2,0,0,2,1,0,182.0,44.0,19,0
252.0,6,12,2,2,0,1,0,0,210.0,292.0,19,1
63.0,2,8,2,0,0,1,0,0,393.0,7.0,19,1
232.0,2,8,2,0,0,2,1,0,18.0,46.0,19,1
89.0,13,23,2,0,0,2,1,1,357.0,28.0,19,0
267.0,5,8,2,0,0,0,0,0,71.0,28.0,18,1
394.0,1,4,2,0,0,2,0,0,187.0,26.0,19,0
168.0,3,6,2,2,0,0,1,1,402.0,5.0,19,0
225.0,33,44,2,2,0,1,0,0,7.0,362.0,19,0
63.0,2,25,2,0,0,2,1,1,393.0,7.0,19,1
236.0,3,12,2,0,0,1,1,0,9.0,516.0,19,1
207.0,3,17,2,0,0,1,0,0,49.0,228.0,19,1
200.0,2,4,2,2,0,2,1,1,35.0,7.0,19,1
311.0,5,16,2,2,0,1,0,0,109.0,555.0,13,0
180.0,2,10,2,0,0,0,0,0,242.0,40.0,19,1
246.0,2,7,2,2,0,1,1,1,2.0,381.0,19,0
295.0,3,13,2,2,0,1,0,0,222.0,1.0,19,0
256.0,4,10,2,0,0,1,1,1,4.0,356.0,19,1
259.0,9,16,2,2,0,2,1,0,174.0,44.0,19,1
256.0,0,10,2,0,0,1,1,0,1.0,1.0,9,1
241.0,23,39,2,2,0,2,1,0,40.0,284.0,19,0
394.0,2,9,2,2,0,2,1,1,181.0,27.0,19,1
239.0,1,10,2,1,0,2,1,1,5.0,6.0,19,1
224.0,1,6,2,2,0,2,1,1,97.0,2.0,19,1
243.0,11,16,2,2,0,2,1,0,8.0,44.0,19,1
262.0,4,9,2,2,0,2,0,0,51.0,45.0,19,0
76.0,4,22,2,2,0,2,1,0,352.0,1.0,19,1
130.0,10,16,2,2,0,2,1,0,274.0,80.0,19,1
188.0,7,16,2,2,0,2,1,0,104.0,50.0,19,1
168.0,1,12,2,2,0,2,1,1,402.0,83.0,19,0
238.0,1,5,2,2,0,1,0,0,292.0,356.0,19,0
101.0,18,22,2,0,0,2,1,1,387.0,16.0,19,1
243.0,3,16,2,0,0,2,1,1,151.0,26.0,19,0
215.0,1,4,2,0,0,1,0,0,39.0,11.0,19,1
81.0,36,39,2,0,0,2,1,1,366.0,208.0,19,0
233.0,4,8,2,0,0,2,1,0,92.0,34.0,19,1
70.0,45,47,2,2,0,1,1,0,366.0,303.0,19,0
238.0,1,5,2,2,0,0,0,0,292.0,59.0,19,0
293.0,2,11,2,2,0,2,1,0,177.0,140.0,19,0
333.0,5,30,2,0,0,0,0,0,76.0,15.0,19,0
83.0,4,10,2,0,0,2,0,0,373.0,205.0,19,0
363.0,0,28,0,1,0,2,1,1,4.0,87.0,19,1
193.0,0,10,2,0,0,1,1,1,44.0,9.0,19,1
94.0,24,39,2,2,0,2,1,1,384.0,2.0,19,1
403.0,12,26,2,2,0,2,0,0,154.0,30.0,19,1
222.0,7,9,2,2,0,2,1,0,67.0,12.0,19,1
220.0,14,23,2,2,0,2,0,0,78.0,6.0,19,0
168.0,3,6,2,2,0,2,1,0,402.0,90.0,19,0
91.0,67,71,2,0,0,1,1,0,395.0,170.0,19,0
116.0,1,12,2,2,0,1,0,0,343.0,86.0,19,1
303.0,0,22,2,2,0,2,0,0,7.0,11.0,19,1
94.0,32,47,2,2,0,1,1,0,331.0,303.0,19,1
193.0,4,8,2,0,0,1,1,0,30.0,317.0,19,0
194.0,2,8,2,2,0,1,1,1,38.0,281.0,19,0
288.0,15,30,2,0,0,2,1,1,100.0,32.0,19,0
248.0,18,23,2,2,0,1,1,1,4.0,261.0,19,1
63.0,3,14,2,0,0,2,0,0,400.0,20.0,19,1
219.0,6,9,2,0,0,2,0,0,28.0,9.0,19,1
89.0,2,23,2,0,0,1,0,0,358.0,67.0,19,0
265.0,5,8,2,0,0,0,1,1,16.0,6.0,19,1
314.0,2,4,2,0,0,2,0,0,33.0,2.0,19,1
227.0,25,29,2,0,0,2,1,1,5.0,27.0,19,1
246.0,3,4,2,0,0,0,0,0,56.0,11.0,19,0
199.0,6,32,2,0,0,2,0,0,3.0,106.0,19,0
104.0,18,21,2,2,0,2,1,1,333.0,68.0,19,0
228.0,13,17,2,0,0,2,0,0,2.0,35.0,19,1
240.0,3,9,2,2,0,2,1,0,42.0,12.0,19,1
225.0,12,24,2,2,0,2,1,1,5.0,2.0,19,1
92.0,7,13,2,0,0,0,0,0,339.0,65.0,19,0
90.0,4,6,2,0,0,2,0,0,189.0,108.0,19,1
287.0,8,31,2,2,0,1,1,0,63.0,299.0,19,1
239.0,3,5,2,1,0,1,0,0,6.0,420.0,19,1
238.0,3,11,2,2,0,1,1,1,291.0,219.0,19,1
212.0,17,30,2,2,0,2,1,1,119.0,42.0,19,1
194.0,1,4,2,0,0,1,1,1,14.0,462.0,19,0
95.0,2,6,2,2,0,2,1,1,402.0,7.0,19,0
398.0,3,40,2,2,0,2,1,1,197.0,11.0,19,1
198.0,8,30,2,2,0,1,0,0,6.0,191.0,19,0
180.0,5,10,2,0,0,0,0,0,240.0,46.0,19,0
97.0,23,41,2,0,0,1,1,1,342.0,300.0,19,0
239.0,1,14,2,1,0,2,0,0,4.0,20.0,19,1
211.0,4,31,2,0,0,2,0,0,27.0,94.0,19,0
240.0,2,8,2,2,0,2,0,0,176.0,34.0,19,0
249.0,14,41,2,0,0,0,1,1,4.0,22.0,19,0
394.0,10,12,2,0,0,2,1,1,189.0,67.0,19,0
168.0,2,10,2,2,0,2,1,0,403.0,5.0,19,1
178.0,16,17,2,2,0,0,0,0,11.0,5.0,19,0
238.0,1,13,2,2,0,2,1,1,291.0,20.0,19,0
82.0,45,47,2,0,0,2,1,1,306.0,212.0,19,0
80.0,7,71,2,0,0,1,1,0,395.0,170.0,19,0
238.0,4,13,2,2,0,2,1,0,297.0,16.0,19,1
355.0,17,24,2,2,0,1,0,0,276.0,19.0,19,0
229.0,1,6,2,0,0,2,1,1,1.0,27.0,19,1
200.0,12,17,2,2,0,2,1,1,33.0,114.0,19,0
229.0,7,33,2,0,0,0,1,1,18.0,62.0,19,0
182.0,1,8,2,0,0,2,1,0,2.0,5.0,19,1
91.0,23,41,2,2,0,2,1,1,348.0,207.0,19,0
245.0,16,42,2,2,0,2,1,1,233.0,212.0,19,0
217.0,3,9,2,2,0,2,0,0,31.0,9.0,19,1
304.0,3,17,2,0,0,2,0,0,54.0,35.0,19,1
357.0,10,16,2,2,0,2,1,0,82.0,13.0,19,1
257.0,1,11,2,2,0,2,0,0,1.0,7.0,19,0
226.0,3,17,2,0,0,2,1,0,104.0,9.0,17,0
252.0,9,18,2,0,0,1,0,0,23.0,6.0,19,0
257.0,14,38,2,0,0,2,1,1,100.0,8.0,19,1
209.0,5,12,2,0,0,1,0,0,2.0,35.0,19,1
285.0,1,9,2,2,0,2,0,0,55.0,2.0,19,1
245.0,19,29,2,0,0,2,0,0,98.0,25.0,19,0
243.0,0,26,2,2,0,1,0,0,4.0,31.0,19,1
276.0,0,5,2,0,0,2,1,1,31.0,2.0,19,1
289.0,2,16,2,2,0,1,1,0,59.0,299.0,19,1
239.0,2,5,2,1,0,1,1,0,5.0,335.0,19,1
257.0,1,6,2,2,0,1,0,0,2.0,290.0,19,0
282.0,6,10,2,0,0,2,1,0,194.0,43.0,19,0
239.0,2,6,2,1,0,0,0,0,3.0,24.0,19,0
238.0,6,20,2,2,0,2,1,1,299.0,74.0,19,0
275.0,21,47,2,2,0,2,1,1,287.0,205.0,19,0
76.0,13,21,2,2,0,2,1,1,350.0,6.0,19,0
293.0,1,6,2,2,0,2,0,0,178.0,1.0,19,0
292.0,23,38,2,0,0,2,1,1,222.0,8.0,19,1
243.0,10,16,2,2,0,2,1,0,51.0,157.0,19,1
121.0,5,13,2,0,0,2,0,0,315.0,387.0,19,0
102.0,1,28,2,1,0,2,1,0,355.0,49.0,19,1
288.0,10,17,2,0,0,2,1,1,33.0,2.0,19,1
286.0,19,30,2,0,0,2,1,0,69.0,281.0,19,0
92.0,9,23,2,2,0,2,0,0,348.0,1.0,19,0
305.0,0,4,2,0,0,2,0,0,52.0,6.0,19,1
241.0,0,8,2,2,0,1,0,0,161.0,24.0,19,0
257.0,2,24,2,2,0,1,1,0,1.0,260.0,19,1
192.0,11,31,2,0,0,2,1,0,37.0,282.0,19,0
217.0,7,11,2,2,0,2,0,0,42.0,1.0,19,1
239.0,1,10,2,1,0,2,1,0,1.0,13.0,19,1
295.0,19,38,2,2,0,1,0,0,220.0,16.0,19,1
814.0,8,25,0,1,0,2,1,1,35.0,163.0,19,0
303.0,1,8,2,2,0,2,1,1,53.0,23.0,19,1
244.0,6,14,2,0,0,2,1,1,5.0,113.0,19,0
91.0,5,22,2,0,0,2,1,1,353.0,16.0,19,1
260.0,1,4,2,2,0,1,1,1,20.0,9.0,19,1
239.0,2,10,2,1,0,1,1,1,3.0,260.0,19,0
103.0,3,13,2,2,0,2,0,0,327.0,34.0,19,0
98.0,8,15,2,0,0,1,1,0,397.0,250.0,19,1
168.0,1,40,2,2,0,1,0,0,402.0,2.0,19,0
95.0,3,23,2,2,0,2,1,1,403.0,150.0,19,0
160.0,12,15,2,0,0,1,1,0,108.0,250.0,19,1
303.0,5,10,2,2,0,1,1,0,4.0,1.0,9,1
295.0,9,12,2,0,0,2,0,0,13.0,2.0,19,1
224.0,5,32,2,0,0,0,1,0,87.0,27.0,19,1
288.0,5,11,2,2,0,2,1,1,11.0,16.0,19,0
219.0,2,4,2,2,0,2,1,0,52.0,3.0,19,1
214.0,11,16,2,0,0,2,0,0,35.0,31.0,19,0
332.0,2,8,2,0,0,0,0,0,62.0,49.0,19,0
243.0,8,17,2,2,0,0,0,0,54.0,10.0,19,0
240.0,6,31,2,0,0,1,1,0,47.0,299.0,19,1
398.0,1,22,2,2,0,2,1,0,196.0,6.0,19,1
76.0,7,9,2,2,0,0,1,1,353.0,48.0,19,0
351.0,5,11,2,0,0,1,1,0,218.0,281.0,19,1
292.0,11,30,2,2,0,2,1,1,97.0,42.0,19,1
103.0,9,23,2,2,0,2,1,0,335.0,3.0,19,1
76.0,3,6,2,2,0,2,0,0,389.0,69.0,19,0
764.0,4,5,0,1,0,2,1,1,6.0,323.0,19,0
199.0,0,9,2,2,0,1,1,0,17.0,243.0,19,1
207.0,8,10,2,2,0,0,0,0,1.0,83.0,19,1
79.0,28,39,2,2,0,2,1,1,325.0,2.0,19,1
243.0,2,9,2,2,0,2,1,1,9.0,23.0,19,1
261.0,24,29,2,2,0,0,0,0,3.0,48.0,19,1
295.0,5,10,2,2,0,2,1,0,222.0,13.0,19,1
293.0,6,11,2,2,0,2,1,1,178.0,404.0,19,1
211.0,2,19,2,0,0,2,1,1,1.0,166.0,19,0
208.0,1,9,2,2,0,1,1,1,37.0,243.0,19,1
288.0,3,8,2,2,0,2,0,0,162.0,49.0,19,1
92.0,6,13,2,0,0,1,0,0,381.0,88.0,19,1
295.0,1,12,2,2,0,0,0,0,219.0,31.0,19,1
253.0,0,11,2,0,0,0,1,1,3.0,62.0,19,0
238.0,4,42,2,2,0,0,1,1,290.0,18.0,19,0
273.0,11,19,2,0,0,1,0,0,201.0,16.0,19,1
217.0,0,4,2,0,0,2,1,1,88.0,25.0,19,0
220.0,12,22,2,2,0,2,0,0,84.0,11.0,19,0
232.0,29,39,2,2,0,2,1,1,169.0,2.0,19,1
288.0,11,16,2,0,0,2,1,0,116.0,157.0,19,1
247.0,0,16,2,2,0,2,0,0,133.0,30.0,19,0
238.0,3,5,2,0,0,2,1,1,116.0,28.0,19,1
243.0,0,4,2,2,0,1,0,0,6.0,298.0,19,1
199.0,3,9,2,0,0,0,0,0,63.0,83.0,19,0
499.0,0,5,0,1,0,2,1,1,1.0,7.0,19,1
76.0,1,13,2,2,0,1,1,1,402.0,487.0,19,0
324.0,1,8,2,0,0,2,1,0,117.0,34.0,19,1
206.0,6,31,2,2,0,0,1,0,21.0,33.0,19,1
245.0,10,15,2,0,0,0,1,1,92.0,35.0,19,0
91.0,15,20,2,0,0,1,0,0,352.0,5.0,19,0
286.0,15,29,2,0,0,2,1,1,66.0,27.0,19,1
248.0,2,12,2,2,0,1,0,0,2.0,35.0,19,0
273.0,3,9,2,0,0,1,1,1,70.0,498.0,19,1
171.0,1,5,2,2,0,2,1,1,191.0,29.0,19,1
249.0,10,39,2,2,0,1,1,0,307.0,304.0,0,1
180.0,12,16,2,0,0,2,1,1,243.0,26.0,19,0
176.0,0,5,2,0,0,2,1,1,38.0,2.0,19,0
289.0,0,8,2,0,0,1,0,0,16.0,282.0,19,0
76.0,14,21,2,2,0,2,1,1,355.0,53.0,19,0
304.0,5,9,2,0,0,2,0,0,49.0,9.0,19,0
101.0,2,15,2,0,0,2,0,0,386.0,44.0,19,0
239.0,1,4,2,1,0,1,1,1,2.0,178.0,19,0
264.0,1,8,2,2,0,1,1,1,10.0,331.0,19,1
259.0,2,31,2,2,0,0,1,0,53.0,33.0,19,1
398.0,6,13,2,2,0,2,1,0,195.0,16.0,19,1
257.0,0,11,2,0,0,1,0,0,101.0,291.0,19,0
205.0,8,18,2,2,0,2,1,0,12.0,133.0,19,0
275.0,6,8,2,2,0,2,0,0,79.0,12.0,19,1
119.0,16,25,2,0,0,0,0,0,299.0,11.0,19,0
101.0,13,25,2,0,0,2,0,0,381.0,23.0,19,0
74.0,13,43,2,0,0,2,0,0,330.0,87.0,19,0
596.0,4,8,2,2,0,2,0,0,60.0,10.0,19,1
296.0,3,38,2,0,0,1,0,0,272.0,16.0,19,1
227.0,11,16,2,2,0,2,1,0,61.0,13.0,19,1
268.0,4,30,2,0,0,0,0,0,56.0,15.0,19,1
142.0,8,16,2,2,0,2,1,0,362.0,80.0,19,1
265.0,2,28,2,2,0,2,0,0,108.0,26.0,19,0
257.0,5,8,2,1,0,1,1,0,74.0,181.0,19,0
286.0,13,22,2,0,0,2,0,0,100.0,4.0,19,0
351.0,5,10,2,0,0,2,1,1,220.0,137.0,19,1
177.0,5,9,2,2,0,1,1,1,26.0,243.0,19,1
238.0,3,9,2,2,0,1,1,0,295.0,352.0,19,0
226.0,6,8,2,2,0,2,0,0,21.0,1.0,19,1
295.0,10,25,2,2,0,0,1,0,218.0,5.0,12,0
295.0,9,18,2,2,0,1,1,0,219.0,338.0,19,1
94.0,2,15,2,2,0,0,0,0,325.0,64.0,19,0
248.0,4,17,2,0,0,0,0,0,23.0,94.0,19,0
210.0,0,26,2,2,0,2,1,0,294.0,43.0,19,0
319.0,13,20,2,2,0,1,0,0,139.0,306.0,19,0
279.0,2,16,2,0,0,2,1,1,125.0,64.0,19,0
764.0,8,11,0,1,0,0,1,1,43.0,96.0,19,1
95.0,3,11,2,2,0,2,0,0,402.0,20.0,19,1
229.0,7,15,2,0,0,0,1,1,19.0,61.0,19,1
219.0,14,16,2,2,0,2,0,0,50.0,11.0,19,0
238.0,3,13,2,2,0,2,0,0,290.0,82.0,19,0
242.0,2,8,2,2,0,2,1,0,4.0,34.0,19,0
234.0,5,18,2,2,0,2,1,1,36.0,76.0,19,1
244.0,10,17,2,2,0,2,0,0,3.0,11.0,19,1
241.0,8,39,2,2,0,2,1,1,246.0,2.0,19,1
571.0,28,42,2,0,0,2,1,1,228.0,212.0,19,0
78.0,16,38,2,2,0,2,1,1,400.0,8.0,19,0
242.0,19,41,2,2,0,1,0,0,7.0,19.0,19,0
259.0,8,9,2,0,0,2,0,0,41.0,109.0,19,0
106.0,49,61,2,2,0,1,1,0,375.0,174.0,19,0
243.0,1,6,2,2,0,0,1,1,9.0,15.0,19,0
208.0,4,9,2,0,0,0,0,0,5.0,89.0,19,0
179.0,10,16,2,2,0,2,1,0,170.0,44.0,19,1
296.0,5,10,2,0,0,1,0,0,275.0,86.0,19,1
70.0,4,5,2,2,0,0,0,0,369.0,83.0,19,0
398.0,2,11,2,2,0,2,1,0,197.0,165.0,19,0
89.0,5,10,2,0,0,1,0,0,351.0,305.0,19,0
275.0,0,9,2,0,0,2,0,0,289.0,25.0,19,0
180.0,3,5,2,0,0,0,0,0,239.0,5.0,19,1
192.0,10,12,2,0,0,1,0,0,34.0,292.0,19,1
452.0,0,4,2,2,0,2,1,0,63.0,9.0,19,1
586.0,0,22,0,1,0,1,1,1,22.0,65.0,19,1
172.0,7,9,2,2,0,2,1,0,283.0,50.0,19,1
256.0,0,4,2,0,0,2,0,0,1.0,4.0,19,1
212.0,0,8,2,2,0,2,0,0,52.0,10.0,19,1
238.0,8,22,2,2,0,1,0,0,298.0,24.0,19,1
72.0,9,11,2,0,0,1,1,1,336.0,348.0,12,0
253.0,0,14,2,0,0,2,0,0,4.0,20.0,19,1
241.0,6,10,2,2,0,2,0,0,1.0,1.0,19,1
242.0,2,19,2,2,0,1,0,0,1.0,337.0,19,0
107.0,44,47,2,2,0,1,1,0,330.0,303.0,19,0
259.0,12,19,2,0,0,1,0,0,2.0,16.0,19,1
280.0,0,8,2,0,0,1,1,0,69.0,195.0,19,0
180.0,4,13,2,0,0,1,1,1,236.0,173.0,19,0
104.0,2,37,2,2,0,2,1,0,380.0,284.0,19,0
89.0,5,40,2,0,0,2,1,1,358.0,7.0,19,1
90.0,13,23,2,0,0,2,1,1,372.0,161.0,19,0
240.0,6,15,2,2,0,0,1,0,20.0,57.0,19,0
239.0,1,10,2,1,0,1,1,0,1.0,171.0,19,0
309.0,3,10,2,1,0,0,1,0,164.0,73.0,19,0
277.0,5,9,2,0,0,1,0,0,18.0,37.0,19,0
273.0,0,12,2,0,0,1,1,1,1.0,296.0,19,1
231.0,3,16,2,2,0,1,0,0,40.0,331.0,19,0
293.0,1,10,2,2,0,2,1,0,171.0,147.0,19,1
74.0,3,4,2,0,0,2,1,1,332.0,169.0,19,0
276.0,3,5,2,0,0,1,0,0,1.0,47.0,19,0
253.0,0,10,2,0,0,0,0,0,3.0,2.0,19,1
93.0,6,14,2,0,0,2,1,1,401.0,68.0,19,0
101.0,12,14,2,0,0,1,0,0,380.0,218.0,19,0
239.0,0,9,2,2,0,1,0,0,19.0,56.0,19,0
250.0,9,27,2,0,0,2,1,1,259.0,303.0,15,1
228.0,6,23,2,0,0,2,1,1,12.0,110.0,19,0
97.0,30,39,2,2,0,2,1,1,386.0,2.0,19,1
219.0,9,12,2,0,0,1,1,1,27.0,367.0,19,1
258.0,7,31,2,2,0,2,1,0,44.0,32.0,19,0
265.0,1,5,2,2,0,1,1,1,12.0,242.0,19,1
288.0,12,17,2,0,0,1,0,0,29.0,229.0,19,1
246.0,4,12,2,0,0,1,0,0,88.0,86.0,19,1
304.0,1,4,2,2,0,1,1,0,1.0,268.0,19,1
120.0,7,24,2,2,0,1,1,0,292.0,518.0,19,0
322.0,6,8,2,0,0,1,1,0,79.0,280.0,19,0
264.0,0,15,2,2,0,0,1,0,2.0,61.0,19,0
106.0,3,5,2,2,0,2,1,1,381.0,28.0,19,1
263.0,0,38,2,2,0,2,1,1,225.0,8.0,19,0
63.0,10,24,2,0,0,2,1,0,395.0,31.0,19,0
77.0,12,14,2,2,0,1,0,0,361.0,32.0,19,0
95.0,8,14,2,2,0,1,0,0,402.0,65.0,19,1
192.0,6,9,2,0,0,2,1,1,31.0,19.0,19,0
91.0,1,8,2,0,0,1,0,0,346.0,7.0,19,1
153.0,0,17,2,0,0,2,0,0,45.0,35.0,19,1
83.0,1,6,2,0,0,2,0,0,381.0,3.0,19,0
315.0,16,39,2,0,0,2,0,0,179.0,47.0,19,0
267.0,0,4,2,2,0,1,1,1,30.0,272.0,19,0
199.0,6,19,2,0,0,1,0,0,86.0,16.0,19,1
249.0,4,31,2,2,0,1,0,0,26.0,330.0,19,0
239.0,2,10,2,1,0,1,0,0,5.0,13.0,19,1
303.0,7,10,2,2,0,2,1,0,6.0,125.0,19,1
119.0,7,16,2,0,0,2,1,0,312.0,80.0,19,1
260.0,6,8,2,0,0,2,1,1,166.0,27.0,19,0
240.0,0,16,2,2,0,2,1,0,41.0,157.0,19,1
293.0,2,13,2,2,0,1,0,0,172.0,12.0,19,1
192.0,9,10,2,2,0,2,0,0,306.0,39.0,19,0
206.0,4,9,2,2,0,2,0,0,30.0,75.0,19,1
82.0,0,7,2,0,0,2,1,0,364.0,33.0,19,0
188.0,4,9,2,2,0,2,0,0,34.0,9.0,19,1
242.0,2,36,2,0,0,2,1,0,192.0,285.0,19,0
85.0,19,25,2,2,0,2,1,1,380.0,160.0,19,1
273.0,8,13,2,0,0,1,0,0,168.0,88.0,19,1
207.0,5,22,2,2,0,2,0,0,1.0,95.0,19,0
250.0,0,4,2,2,0,1,1,1,17.0,212.0,19,1
230.0,10,16,2,0,0,1,0,0,4.0,547.0,19,0
91.0,1,6,2,0,0,2,1,1,354.0,3.0,19,0
312.0,16,39,2,2,0,2,1,1,246.0,2.0,19,1
76.0,1,25,2,2,0,0,1,1,402.0,20.0,19,0
63.0,1,10,2,0,0,2,1,1,402.0,375.0,19,0
293.0,2,26,2,2,0,1,0,0,171.0,31.0,19,1
329.0,3,4,2,0,0,0,0,0,51.0,3.0,19,0
82.0,28,39,2,2,0,2,1,1,393.0,213.0,19,0
94.0,2,25,2,0,0,2,1,1,388.0,160.0,19,0
243.0,1,6,2,2,0,2,0,0,9.0,108.0,19,1
221.0,0,4,2,2,0,2,1,0,15.0,50.0,19,1
253.0,0,10,2,0,0,1,0,0,5.0,13.0,19,1
241.0,3,8,2,2,0,2,1,0,37.0,5.0,19,1
76.0,5,6,2,2,0,1,0,0,353.0,24.0,19,0
257.0,0,6,2,2,0,2,1,1,1.0,27.0,19,1
254.0,2,17,2,0,0,2,1,0,124.0,42.0,19,0
280.0,3,8,2,0,0,1,1,0,65.0,297.0,19,1
250.0,6,8,2,2,0,0,0,0,39.0,58.0,19,0
288.0,9,17,2,0,0,1,0,0,29.0,228.0,19,1
398.0,1,5,2,2,0,2,1,0,189.0,10.0,19,1
502.0,2,8,2,2,0,2,0,0,126.0,28.0,19,0
243.0,0,25,2,2,0,0,0,0,3.0,6.0,19,1
90.0,4,14,2,0,0,1,0,0,186.0,298.0,19,1
260.0,4,17,2,0,0,1,0,0,24.0,228.0,19,1
196.0,20,21,2,0,0,2,1,1,100.0,112.0,19,0
98.0,5,7,2,0,0,2,1,1,399.0,3.0,19,0
96.0,4,25,2,2,0,2,1,0,394.0,12.0,19,0
261.0,5,16,2,0,0,1,1,0,14.0,299.0,19,1
194.0,1,5,2,0,0,2,1,1,10.0,24.0,19,0
257.0,0,8,2,2,0,0,0,0,2.0,60.0,19,0
104.0,22,38,2,2,0,1,0,0,333.0,314.0,19,0
198.0,2,5,2,0,0,2,1,0,64.0,28.0,19,0
168.0,4,6,2,2,0,1,0,0,402.0,291.0,19,1
293.0,18,47,2,2,0,1,1,0,12.0,303.0,19,1
398.0,2,12,2,2,0,0,1,1,195.0,38.0,19,0
221.0,16,29,2,2,0,2,1,1,15.0,27.0,19,1
234.0,5,7,2,0,0,2,0,0,110.0,303.0,19,0
178.0,1,4,2,2,0,1,0,0,18.0,204.0,19,1
254.0,32,35,2,0,0,2,1,1,210.0,211.0,19,0
236.0,5,9,2,0,0,2,0,0,12.0,1.0,19,1
365.0,6,8,2,2,0,0,1,1,63.0,33.0,19,0
76.0,0,14,2,1,0,1,1,0,336.0,294.0,19,0
92.0,10,13,2,2,0,1,0,0,346.0,350.0,19,0
227.0,12,16,2,2,0,2,1,1,11.0,43.0,19,1
382.0,0,16,0,1,0,1,1,1,3.0,174.0,19,1
90.0,7,11,2,0,0,2,0,0,190.0,20.0,19,1
253.0,5,8,2,0,0,2,0,0,1.0,32.0,19,0
237.0,3,7,2,2,0,1,1,1,36.0,179.0,19,0
344.0,0,7,2,0,0,2,0,0,124.0,47.0,19,0
83.0,4,6,2,0,0,2,0,0,378.0,70.0,19,0
260.0,3,30,2,0,0,2,1,1,74.0,42.0,19,1
220.0,2,6,2,2,0,0,0,0,77.0,4.0,19,1
257.0,3,18,2,2,0,1,0,0,18.0,344.0,19,0
214.0,6,9,2,0,0,1,0,0,63.0,349.0,19,0
197.0,2,4,2,2,0,1,1,1,27.0,546.0,19,0
803.0,0,25,0,1,0,2,1,1,107.0,162.0,19,1
105.0,8,17,2,0,0,2,1,1,345.0,2.0,19,1
114.0,35,61,2,2,0,1,1,0,369.0,173.0,19,0
307.0,0,4,2,2,0,1,1,1,49.0,11.0,19,1
202.0,8,10,2,2,0,1,0,0,22.0,493.0,19,1
180.0,5,18,2,0,0,1,1,0,237.0,338.0,19,1
98.0,35,44,2,0,0,2,1,1,391.0,205.0,19,0
317.0,6,18,2,0,0,2,0,0,47.0,1.0,19,0
183.0,3,8,2,2,0,2,0,0,213.0,165.0,19,0
257.0,1,10,2,2,0,2,1,0,2.0,5.0,19,1
76.0,10,14,2,2,0,1,0,0,349.0,298.0,19,0
293.0,4,5,2,2,0,2,1,1,177.0,14.0,19,0
192.0,5,11,2,0,0,1,0,0,35.0,6.0,19,0
185.0,5,35,2,2,0,2,1,1,135.0,303.0,15,0
293.0,0,10,2,2,0,2,0,0,15.0,2.0,19,1
192.0,1,12,2,0,0,1,1,1,51.0,484.0,19,1
243.0,0,8,2,2,0,1,0,0,13.0,2.0,19,1
293.0,0,6,2,2,0,2,0,0,177.0,46.0,19,1
234.0,21,31,2,0,0,1,1,0,7.0,299.0,19,1
243.0,6,16,2,2,0,2,1,0,5.0,50.0,19,1
312.0,0,9,2,2,0,1,1,0,56.0,67.0,19,0
103.0,8,26,2,2,0,1,0,0,328.0,31.0,19,1
76.0,1,6,2,2,0,1,1,1,402.0,310.0,19,0
240.0,1,4,2,0,0,0,1,0,29.0,1.0,19,0
252.0,8,20,2,2,0,1,0,0,208.0,306.0,19,1
76.0,32,64,2,2,0,1,1,0,393.0,170.0,19,0
91.0,5,15,2,0,0,1,1,1,351.0,170.0,19,0
197.0,5,18,2,0,0,1,1,1,57.0,2.0,19,0
240.0,28,31,2,0,0,0,1,1,46.0,6.0,19,1
489.0,0,3,0,1,0,2,1,1,14.0,153.0,19,1
211.0,5,8,2,2,0,2,1,0,267.0,50.0,19,0
250.0,0,4,2,2,0,2,1,1,15.0,2.0,19,1
194.0,0,31,2,0,0,2,0,0,10.0,94.0,19,0
210.0,19,22,2,2,0,2,1,1,291.0,3.0,19,1
222.0,1,15,2,2,0,0,1,0,69.0,61.0,19,0
224.0,4,32,2,0,0,0,1,0,27.0,27.0,19,1
238.0,34,39,2,0,0,2,1,1,113.0,2.0,19,1
106.0,9,10,2,2,0,0,0,0,329.0,68.0,19,0
77.0,12,23,2,0,0,2,1,1,378.0,164.0,19,0
131.0,8,40,2,0,0,2,1,1,301.0,212.0,19,0
274.0,2,4,2,2,0,2,1,1,86.0,27.0,19,0
275.0,5,10,2,0,0,1,0,0,287.0,81.0,19,1
168.0,4,11,2,2,0,1,1,0,402.0,319.0,19,0
80.0,9,11,2,0,0,2,0,0,403.0,95.0,19,0
713.0,16,25,0,1,0,2,1,1,88.0,162.0,19,0
225.0,1,10,2,2,0,2,0,0,1.0,3.0,19,1
243.0,0,24,2,2,0,1,0,0,10.0,264.0,19,1
227.0,5,9,2,0,0,2,1,1,3.0,29.0,19,0
76.0,4,20,2,2,0,1,1,1,350.0,2.0,19,0
276.0,36,39,2,2,0,2,1,0,238.0,284.0,19,0
103.0,2,7,2,2,0,2,1,1,330.0,5.0,19,0
84.0,22,24,2,1,0,2,1,1,336.0,2.0,19,1
127.0,11,12,2,0,0,0,0,0,171.0,69.0,19,0
260.0,2,4,2,0,0,2,1,0,230.0,49.0,19,1
295.0,13,26,2,0,0,1,0,0,5.0,31.0,19,1
243.0,1,12,2,2,0,2,0,0,9.0,71.0,19,1
238.0,6,47,2,2,0,1,1,0,296.0,303.0,19,1
75.0,4,12,2,0,0,1,0,0,401.0,35.0,19,1
251.0,3,9,2,0,0,0,0,0,40.0,7.0,19,0
110.0,5,15,2,2,0,0,1,0,376.0,58.0,19,1
150.0,20,42,2,2,0,2,1,1,378.0,207.0,19,0
193.0,1,16,2,2,0,1,1,1,103.0,330.0,19,0
167.0,4,17,2,2,0,2,0,0,49.0,134.0,19,1
77.0,8,61,2,0,0,1,1,0,398.0,173.0,19,0
201.0,0,9,2,0,0,2,0,0,42.0,385.0,19,0
285.0,8,14,2,0,0,1,0,0,167.0,313.0,19,0
226.0,5,8,2,0,0,2,0,0,58.0,3.0,19,0
148.0,8,12,2,2,0,1,0,0,309.0,292.0,19,1
194.0,6,9,2,0,0,1,1,0,11.0,31.0,19,1
199.0,2,5,2,0,0,0,0,0,55.0,11.0,19,1
269.0,3,17,2,2,0,0,1,0,26.0,14.0,19,0
242.0,12,30,2,2,0,1,0,0,12.0,191.0,19,0
101.0,2,6,2,0,0,2,0,0,387.0,46.0,19,1
238.0,13,38,2,0,0,1,0,0,11.0,4.0,19,1
703.0,0,22,0,1,0,2,1,1,110.0,164.0,19,1
239.0,4,11,2,1,0,2,1,0,3.0,51.0,19,0
98.0,26,38,2,0,0,1,0,0,393.0,16.0,19,1
239.0,5,11,2,1,0,2,0,0,4.0,20.0,19,1
215.0,3,8,2,0,0,1,1,0,25.0,176.0,19,0
98.0,6,10,2,2,0,1,0,0,370.0,86.0,19,1
240.0,0,4,2,2,0,2,1,0,44.0,41.0,19,0
101.0,10,14,2,0,0,2,0,0,387.0,2.0,19,0
239.0,3,11,2,1,0,0,0,0,6.0,7.0,19,0
293.0,6,11,2,2,0,2,0,0,177.0,41.0,19,0
230.0,0,7,2,0,0,1,0,0,9.0,1.0,19,1
320.0,0,4,2,0,0,2,0,0,22.0,48.0,19,1
101.0,8,44,2,2,0,1,1,1,350.0,298.0,19,0
94.0,10,13,2,2,0,2,0,0,387.0,34.0,19,1
217.0,12,17,2,2,0,2,1,0,32.0,30.0,19,0
237.0,2,8,2,2,0,2,0,0,203.0,160.0,19,0
191.0,19,31,2,0,0,0,1,0,14.0,33.0,19,1
76.0,3,10,2,2,0,2,1,1,353.0,137.0,19,1
98.0,16,38,2,0,0,2,1,1,345.0,210.0,19,0
228.0,3,8,2,0,0,1,0,0,15.0,235.0,19,1
296.0,2,7,2,2,0,1,1,1,54.0,179.0,19,0
103.0,14,24,2,2,0,0,0,0,334.0,12.0,19,0
299.0,1,10,2,0,0,2,0,0,184.0,1.0,19,0
227.0,0,5,2,0,0,0,0,0,33.0,11.0,19,0
121.0,21,47,2,0,0,1,1,0,313.0,303.0,19,1
351.0,7,39,2,0,0,1,0,0,222.0,4.0,19,1
298.0,11,16,2,2,0,2,1,1,64.0,43.0,19,1
242.0,5,13,2,2,0,1,0,0,14.0,4.0,19,0
103.0,60,71,2,0,0,1,1,0,388.0,170.0,19,0
230.0,1,12,2,2,0,2,1,1,5.0,1.0,19,0
351.0,7,13,2,0,0,2,0,0,214.0,10.0,19,0
194.0,3,17,2,0,0,1,1,1,10.0,547.0,19,0
227.0,15,16,2,0,0,2,1,0,3.0,39.0,19,0
238.0,8,22,2,2,0,2,1,0,296.0,1.0,19,1
168.0,6,24,2,2,0,1,0,0,402.0,264.0,19,0
239.0,5,11,2,1,0,2,1,0,4.0,153.0,19,0
263.0,7,11,2,2,0,2,1,1,220.0,2.0,19,1
316.0,7,16,2,2,0,2,1,1,107.0,43.0,19,1
197.0,3,10,2,0,0,1,0,0,126.0,34.0,19,1
98.0,4,6,2,2,0,2,1,1,372.0,27.0,19,1
94.0,66,70,2,2,0,1,1,0,386.0,171.0,19,0
253.0,0,10,2,0,0,2,1,0,5.0,2.0,19,0
194.0,9,13,2,2,0,0,1,1,38.0,94.0,19,0
234.0,12,17,2,0,0,2,1,1,132.0,2.0,19,1
216.0,15,17,2,0,0,2,1,0,79.0,8.0,7,0
252.0,10,43,2,2,0,2,0,0,212.0,87.0,19,0
227.0,0,8,2,2,0,2,1,0,188.0,46.0,19,1
95.0,5,10,2,2,0,2,1,0,403.0,2.0,19,0
243.0,1,11,2,2,0,2,1,1,11.0,404.0,19,1
239.0,1,7,2,1,0,1,1,1,2.0,384.0,19,0
698.0,4,11,0,1,0,1,1,0,5.0,364.0,19,0
103.0,8,13,2,2,0,2,0,0,329.0,131.0,19,0
217.0,0,9,2,2,0,2,0,0,26.0,25.0,19,0
512.0,0,10,2,2,0,1,0,0,202.0,333.0,19,0
299.0,1,11,2,0,0,1,1,0,185.0,187.0,19,0
90.0,1,6,2,0,0,0,1,0,184.0,63.0,19,0
240.0,23,32,2,2,0,2,1,0,17.0,4.0,19,0
94.0,22,40,2,0,0,2,1,1,386.0,210.0,19,0
248.0,3,11,2,2,0,2,1,0,1.0,8.0,19,1
301.0,4,7,2,0,0,2,0,0,95.0,26.0,19,0
83.0,7,40,2,0,0,2,1,0,382.0,53.0,19,1
94.0,7,13,2,2,0,1,0,0,327.0,12.0,19,1
293.0,6,11,2,2,0,2,0,0,177.0,20.0,19,1
239.0,5,11,2,1,0,2,0,0,4.0,46.0,19,1
392.0,24,41,2,2,0,2,1,1,266.0,305.0,19,0
236.0,2,23,2,0,0,2,1,1,1.0,150.0,19,0
248.0,9,30,2,0,0,2,1,1,6.0,33.0,19,0
322.0,3,8,2,2,0,1,1,0,150.0,33.0,19,0
319.0,5,21,2,2,0,2,1,0,141.0,11.0,19,0
315.0,16,22,2,0,0,2,0,0,179.0,11.0,19,1
372.0,0,30,2,2,0,2,1,1,94.0,32.0,19,0
266.0,2,5,2,2,0,2,1,1,92.0,26.0,19,1
72.0,4,13,2,0,0,0,0,0,330.0,5.0,19,0
167.0,6,9,2,2,0,2,1,0,49.0,7.0,19,0
257.0,11,16,2,0,0,2,1,1,88.0,28.0,19,0
76.0,5,12,2,2,0,1,0,0,347.0,290.0,19,1
95.0,3,10,2,2,0,0,0,0,403.0,83.0,19,1
288.0,2,7,2,2,0,2,1,0,246.0,48.0,19,0
103.0,8,11,2,2,0,0,0,0,336.0,73.0,19,0
240.0,2,4,2,0,0,2,0,0,30.0,2.0,19,0
304.0,0,9,2,2,0,0,0,0,1.0,1.0,19,0
102.0,23,39,2,2,0,2,1,1,362.0,2.0,19,1
197.0,3,8,2,0,0,2,1,0,55.0,6.0,3,1
246.0,7,13,2,2,0,2,1,1,2.0,44.0,19,1
243.0,1,11,2,2,0,2,1,0,10.0,49.0,19,0
236.0,0,11,2,0,0,0,1,0,1.0,72.0,19,0
280.0,6,13,2,2,0,0,1,1,57.0,97.0,19,0
255.0,0,17,2,0,0,2,1,1,263.0,2.0,19,1
63.0,11,12,2,0,0,1,0,0,394.0,290.0,19,0
192.0,7,24,2,0,0,2,1,1,39.0,8.0,19,1
232.0,11,17,2,2,0,2,1,1,48.0,2.0,19,1
91.0,2,5,2,0,0,2,0,0,355.0,1.0,19,1
89.0,4,6,2,0,0,2,0,0,358.0,68.0,19,0
239.0,5,22,2,1,0,2,1,1,4.0,124.0,19,0
262.0,6,17,2,0,0,1,0,0,61.0,58.0,19,1
88.0,20,39,2,2,0,2,1,1,350.0,2.0,19,1
82.0,2,14,2,0,0,0,0,0,365.0,14.0,19,1
269.0,5,7,2,0,0,2,1,1,51.0,61.0,19,1
243.0,1,10,2,2,0,0,0,0,9.0,104.0,19,1
239.0,27,30,2,2,0,2,1,1,69.0,42.0,19,1
243.0,0,10,2,2,0,2,1,1,3.0,43.0,19,0
186.0,12,17,2,2,0,2,0,0,32.0,35.0,19,1
299.0,2,8,2,0,0,2,0,0,20.0,0.0,19,1
101.0,57,61,2,2,0,1,1,0,382.0,174.0,19,0
90.0,3,5,2,0,0,2,1,1,186.0,79.0,19,0
94.0,0,5,2,2,0,2,1,0,326.0,10.0,19,1
76.0,20,22,2,2,0,2,0,0,355.0,11.0,19,1
296.0,7,39,2,0,0,1,1,0,277.0,304.0,0,1
84.0,2,10,2,1,0,1,0,0,339.0,6.0,19,0
103.0,24,38,2,1,0,1,0,0,319.0,16.0,19,1
315.0,2,4,2,2,0,2,1,1,157.0,27.0,19,0
72.0,2,48,2,0,0,1,1,1,327.0,298.0,19,0
259.0,34,38,2,2,0,2,1,1,158.0,206.0,19,0
199.0,4,11,2,0,0,2,0,0,91.0,45.0,19,0
285.0,25,40,2,2,0,2,1,0,242.0,282.0,19,0
109.0,13,21,2,2,0,2,1,1,362.0,112.0,19,0
168.0,3,11,2,2,0,2,1,0,402.0,31.0,19,0
243.0,1,5,2,2,0,1,1,0,4.0,177.0,19,1
264.0,2,9,2,2,0,0,0,0,16.0,4.0,19,0
90.0,9,25,2,0,0,2,0,0,184.0,23.0,19,0
257.0,1,10,2,2,0,0,0,0,2.0,83.0,19,1
294.0,1,4,2,2,0,2,1,1,59.0,6.0,19,1
214.0,5,8,2,2,0,2,0,0,6.0,49.0,19,1
200.0,6,9,2,2,0,1,0,0,33.0,233.0,19,0
351.0,1,21,2,0,0,2,1,1,214.0,38.0,19,0
148.0,3,11,2,2,0,1,0,0,310.0,6.0,19,0
270.0,1,8,2,1,0,2,1,0,206.0,46.0,19,1
252.0,8,24,2,2,0,1,0,0,214.0,264.0,19,0
293.0,5,22,2,2,0,1,0,0,178.0,24.0,19,1
110.0,9,11,2,2,0,2,1,1,375.0,2.0,19,1
193.0,2,10,2,0,0,0,0,0,26.0,35.0,19,1
291.0,17,29,2,2,0,2,1,0,178.0,32.0,19,0
228.0,8,38,2,0,0,1,0,0,18.0,4.0,19,1
303.0,2,8,2,2,0,1,0,0,55.0,2.0,19,1
95.0,3,10,2,2,0,2,1,1,403.0,6.0,19,1
295.0,1,6,2,0,0,0,0,0,11.0,9.0,19,0
243.0,0,12,2,2,0,2,0,0,8.0,1.0,19,1
94.0,3,5,2,2,0,2,1,1,331.0,26.0,19,0
241.0,4,10,2,2,0,1,1,1,38.0,9.0,19,1
257.0,2,14,2,2,0,2,0,0,1.0,20.0,19,1
299.0,21,38,2,0,0,1,0,0,126.0,16.0,19,1
236.0,4,10,2,0,0,2,1,0,1.0,2.0,19,1
293.0,1,13,2,2,0,2,1,1,172.0,44.0,19,1
256.0,10,23,2,2,0,2,0,0,165.0,1.0,19,0
232.0,1,4,2,2,0,2,1,0,170.0,45.0,16,1
295.0,25,47,2,2,0,1,1,0,224.0,303.0,19,1
206.0,3,5,2,1,0,2,1,1,32.0,2.0,19,1
398.0,7,23,2,2,0,2,1,0,196.0,3.0,19,1
95.0,2,10,2,2,0,2,1,0,403.0,125.0,19,1
241.0,0,6,2,2,0,2,1,0,128.0,8.0,19,0
104.0,51,62,2,2,0,1,1,0,374.0,172.0,19,0
253.0,0,41,2,0,0,1,0,0,6.0,11.0,19,1
259.0,16,43,2,0,0,2,0,0,5.0,87.0,19,0
115.0,48,61,2,2,0,1,1,0,396.0,173.0,19,0
180.0,3,11,2,0,0,1,1,0,241.0,281.0,19,1
398.0,8,24,2,2,0,2,1,1,193.0,2.0,19,1
253.0,0,24,2,0,0,1,1,0,4.0,260.0,19,1
194.0,4,10,2,0,0,1,0,0,13.0,86.0,19,1
235.0,3,8,2,2,0,2,0,0,44.0,6.0,19,1
74.0,11,15,2,0,0,0,1,0,329.0,58.0,19,1
239.0,4,10,2,1,0,2,1,0,5.0,125.0,19,1
229.0,4,8,2,2,0,2,0,0,10.0,78.0,19,1
270.0,6,16,2,0,0,1,0,0,35.0,232.0,19,1
253.0,0,11,2,0,0,1,1,0,3.0,307.0,19,1
218.0,4,9,2,2,0,1,1,0,17.0,300.0,19,1
241.0,1,10,2,2,0,2,0,0,1.0,21.0,19,1
309.0,7,12,2,1,0,1,0,0,157.0,16.0,19,1
57.0,5,6,2,0,0,0,0,0,402.0,16.0,19,0
292.0,2,18,2,0,0,2,1,1,91.0,2.0,19,1
91.0,12,20,2,2,0,1,0,0,328.0,306.0,19,0
312.0,9,17,2,2,0,2,1,0,124.0,42.0,19,0
238.0,5,10,2,2,0,2,1,0,298.0,5.0,19,1
279.0,3,12,2,2,0,2,1,1,1.0,31.0,19,0
259.0,3,9,2,2,0,1,1,0,82.0,300.0,19,1
262.0,1,17,2,0,0,1,1,1,59.0,284.0,19,0
238.0,10,40,2,2,0,2,0,0,298.0,15.0,19,1
247.0,8,10,2,2,0,1,0,0,205.0,86.0,19,0
219.0,10,13,2,0,0,0,1,1,98.0,97.0,19,0
256.0,0,6,2,0,0,2,0,0,1.0,93.0,19,0
231.0,2,26,2,0,0,2,0,0,114.0,30.0,19,1
296.0,0,22,2,0,0,2,1,1,180.0,3.0,19,1
63.0,13,47,2,0,0,1,1,0,399.0,303.0,19,1
271.0,3,26,2,0,0,2,0,0,137.0,30.0,19,1
355.0,4,19,2,2,0,1,0,0,278.0,16.0,19,1
398.0,3,12,2,2,0,0,0,0,189.0,31.0,19,1
232.0,1,21,2,2,0,2,1,1,50.0,114.0,19,0
241.0,5,9,2,2,0,1,1,0,1.0,168.0,19,0
285.0,1,8,2,2,0,0,1,1,55.0,6.0,19,1
260.0,1,6,2,0,0,2,1,0,2.0,46.0,19,1
236.0,1,6,2,0,0,1,0,0,1.0,229.0,19,0
256.0,4,8,2,0,0,2,0,0,114.0,49.0,19,1
311.0,1,16,2,2,0,2,1,0,111.0,157.0,19,1
86.0,2,20,2,2,0,2,0,0,390.0,3.0,19,0
167.0,2,7,2,0,0,2,1,1,60.0,61.0,19,1
235.0,3,9,2,2,0,1,0,0,41.0,190.0,19,0
370.0,0,4,0,1,0,1,1,0,3.0,42.0,19,1
243.0,2,9,2,2,0,2,0,0,31.0,63.0,19,1
90.0,4,7,2,0,0,2,0,0,183.0,31.0,19,0
302.0,2,18,2,0,0,1,0,0,34.0,6.0,19,0
83.0,34,35,2,1,0,2,1,0,339.0,284.0,19,0
168.0,23,45,2,2,0,2,1,1,310.0,207.0,19,0
103.0,11,22,2,2,0,2,1,0,333.0,1.0,19,1
168.0,2,41,2,2,0,2,0,0,402.0,1.0,19,0
243.0,1,11,2,2,0,2,1,0,10.0,38.0,19,0
267.0,9,30,2,2,0,1,1,0,35.0,301.0,19,1
256.0,29,31,2,2,0,0,0,0,6.0,27.0,19,1
525.0,0,7,2,2,0,2,1,0,255.0,46.0,19,0
286.0,0,30,2,0,0,0,0,0,57.0,15.0,19,1
178.0,5,9,2,2,0,1,0,0,11.0,18.0,19,0
98.0,9,44,2,0,0,1,0,0,398.0,362.0,19,0
296.0,6,31,2,0,0,0,1,1,22.0,6.0,19,1
295.0,23,44,2,2,0,1,0,0,225.0,362.0,19,0
239.0,0,4,2,2,0,2,0,1,65.0,59.0,19,0
258.0,0,8,2,0,0,2,1,0,211.0,34.0,15,0
312.0,5,20,2,2,0,1,1,0,250.0,177.0,19,0
280.0,9,38,2,2,0,2,1,0,174.0,285.0,19,0
113.0,10,26,2,2,0,2,1,1,275.0,303.0,15,0
251.0,1,9,2,0,0,2,0,0,43.0,1.0,19,1
293.0,2,23,2,2,0,2,1,0,178.0,3.0,19,1
257.0,0,13,2,2,0,2,1,0,1.0,16.0,19,1
226.0,0,4,2,2,0,2,1,0,41.0,127.0,19,1
622.0,0,4,0,1,0,1,1,1,1.0,202.0,19,1
514.0,4,7,0,1,0,1,1,0,35.0,108.0,19,1
215.0,13,17,2,2,0,1,0,0,40.0,229.0,19,1
398.0,7,10,2,2,0,2,1,0,196.0,5.0,19,1
117.0,17,25,2,2,0,2,1,1,387.0,162.0,19,0
133.0,5,7,2,0,0,0,1,0,298.0,3.0,19,0
421.0,8,15,0,1,0,0,1,1,60.0,90.0,19,0
267.0,1,9,2,0,0,2,1,1,3.0,3.0,19,1
243.0,1,5,2,2,0,0,0,0,9.0,4.0,19,1
91.0,6,12,2,1,0,2,1,1,398.0,26.0,19,1
253.0,0,11,2,0,0,0,0,0,3.0,32.0,19,1
248.0,4,9,2,2,0,2,1,1,1.0,156.0,19,0
229.0,1,39,2,0,0,1,1,0,1.0,304.0,0,1
97.0,10,25,2,0,0,2,1,1,330.0,208.0,19,0
84.0,20,47,2,1,0,1,1,0,337.0,303.0,19,1
84.0,19,25,2,1,0,2,1,1,338.0,121.0,5,0
244.0,0,9,2,2,0,1,1,0,1.0,300.0,19,1
295.0,4,10,2,2,0,2,1,1,218.0,43.0,19,0
253.0,0,4,2,0,0,2,1,1,1.0,1.0,19,1
571.0,2,8,2,0,0,2,1,0,225.0,50.0,19,1
115.0,2,38,2,1,0,2,1,1,353.0,210.0,19,0
246.0,4,34,2,0,0,2,1,1,216.0,211.0,19,0
280.0,7,16,2,2,0,2,1,1,6.0,30.0,19,0
119.0,3,13,2,0,0,0,1,1,302.0,27.0,19,0
243.0,1,5,2,2,0,1,1,0,11.0,335.0,19,1
193.0,0,9,2,0,0,1,1,0,39.0,257.0,19,0
89.0,19,22,2,0,0,2,0,0,360.0,11.0,19,1
267.0,2,9,2,0,0,0,0,0,5.0,41.0,19,1
272.0,1,4,2,0,0,2,1,0,36.0,3.0,19,1
225.0,8,14,2,2,0,1,0,0,2.0,32.0,19,1
207.0,8,17,2,2,0,2,0,0,35.0,11.0,19,1
351.0,7,13,2,0,0,2,1,0,213.0,7.0,19,0
1369.0,22,23,0,1,0,2,1,1,120.0,163.0,19,0
245.0,10,18,2,2,0,2,0,0,54.0,93.0,5,0
248.0,8,17,2,0,0,2,0,0,27.0,247.0,19,0
229.0,11,15,2,2,0,2,1,0,7.0,64.0,19,0
294.0,11,21,2,2,0,1,1,1,101.0,382.0,19,1
355.0,15,30,2,2,0,2,1,0,283.0,167.0,19,0
133.0,3,15,2,0,0,0,1,0,294.0,58.0,19,1
256.0,6,13,2,0,0,2,1,1,4.0,36.0,19,0
220.0,5,9,2,2,0,1,1,0,52.0,301.0,19,1
224.0,2,9,2,0,0,1,0,0,53.0,227.0,19,0
76.0,8,21,2,2,0,2,0,0,354.0,15.0,19,0
119.0,3,22,2,0,0,2,0,0,297.0,14.0,19,1
225.0,4,9,2,2,0,2,1,0,12.0,29.0,19,0
239.0,2,5,2,1,0,2,1,1,5.0,20.0,19,1
248.0,13,38,2,0,0,1,0,0,4.0,16.0,19,1
199.0,11,17,2,2,0,1,0,0,16.0,558.0,19,0
398.0,2,5,2,2,0,2,0,0,195.0,1.0,19,1
293.0,1,12,2,2,0,1,1,1,11.0,3.0,19,1
254.0,14,28,2,0,0,2,1,0,29.0,369.0,19,0
351.0,5,10,2,0,0,1,1,0,219.0,41.0,19,1
270.0,1,8,2,0,0,2,1,1,19.0,21.0,19,0
293.0,6,40,2,2,0,2,0,0,178.0,15.0,19,1
248.0,6,10,2,2,0,2,1,0,1.0,13.0,19,1
101.0,23,25,2,2,0,2,1,1,378.0,160.0,19,0
212.0,12,32,2,0,0,2,1,0,21.0,4.0,19,0
904.0,0,24,0,1,0,1,1,0,11.0,240.0,19,0
238.0,4,21,2,2,0,2,1,1,294.0,75.0,19,0
298.0,1,4,2,2,0,1,0,0,57.0,19.0,19,0
194.0,4,8,2,0,0,2,1,0,127.0,51.0,19,0
243.0,1,24,2,2,0,1,1,0,10.0,260.0,19,1
83.0,3,41,2,0,0,1,0,0,373.0,19.0,19,0
260.0,6,10,2,0,0,1,1,0,1.0,1.0,9,1
288.0,11,16,2,0,0,1,0,0,30.0,77.0,19,0
264.0,7,31,2,2,0,0,1,0,11.0,33.0,19,1
75.0,12,39,2,0,0,2,1,1,361.0,2.0,19,1
245.0,2,16,2,2,0,1,0,0,54.0,555.0,13,0
180.0,5,22,2,0,0,2,0,0,245.0,11.0,19,1
238.0,4,6,2,2,0,1,1,0,291.0,365.0,19,0
296.0,1,4,2,2,0,0,0,0,57.0,56.0,19,1
268.0,7,9,2,0,0,2,1,0,211.0,52.0,19,0
260.0,4,26,2,0,0,2,0,0,152.0,30.0,19,1
300.0,1,35,2,2,0,2,1,1,172.0,303.0,15,0
303.0,4,10,2,2,0,2,1,0,6.0,5.0,19,1
183.0,5,16,2,0,0,2,1,1,94.0,28.0,19,0
273.0,7,8,2,0,0,2,1,0,128.0,51.0,19,0
313.0,3,16,2,2,0,0,1,1,47.0,6.0,19,1
236.0,2,9,2,0,0,1,1,0,64.0,299.0,19,1
398.0,1,11,2,2,0,2,1,1,191.0,2.0,19,1
63.0,0,5,2,0,0,1,1,1,402.0,48.0,19,0
91.0,0,41,2,0,0,1,0,0,346.0,300.0,19,0
280.0,0,8,2,2,0,1,0,0,58.0,39.0,19,0
363.0,0,10,0,1,0,1,1,0,2.0,41.0,19,1
303.0,7,11,2,2,0,1,0,0,3.0,64.0,19,1
398.0,7,20,2,2,0,1,1,0,192.0,517.0,19,0
76.0,2,3,2,2,0,2,1,1,349.0,165.0,19,0
76.0,8,10,2,2,0,2,1,0,350.0,13.0,19,0
257.0,0,6,2,2,0,2,0,0,2.0,95.0,19,0
220.0,4,38,2,2,0,1,0,0,84.0,4.0,19,1
198.0,5,8,2,0,0,2,0,0,149.0,25.0,19,1
104.0,48,60,2,2,0,1,1,0,390.0,175.0,19,0
194.0,4,25,2,0,0,1,1,0,15.0,519.0,19,0
182.0,3,8,2,0,0,0,1,1,2.0,6.0,19,1
83.0,0,12,2,0,0,1,1,0,381.0,293.0,19,0
95.0,13,39,2,0,0,2,1,1,377.0,2.0,19,1
374.0,0,9,0,1,0,2,1,1,45.0,137.0,19,1
76.0,9,11,2,2,0,1,1,0,353.0,182.0,19,0
101.0,6,39,2,0,0,1,0,0,389.0,4.0,19,1
82.0,8,10,2,0,0,2,1,0,365.0,5.0,19,1
236.0,1,12,2,0,0,1,1,1,66.0,367.0,19,1
253.0,0,10,2,0,0,1,1,1,6.0,356.0,19,1
313.0,1,5,2,2,0,2,1,1,264.0,26.0,19,1
101.0,13,24,2,2,0,1,1,1,358.0,173.0,19,0
191.0,28,30,2,2,0,1,0,0,16.0,356.0,19,0
74.0,2,13,2,0,0,2,0,0,325.0,2.0,19,0
94.0,15,25,2,2,0,0,1,0,325.0,5.0,12,0
329.0,0,22,2,0,0,1,1,1,56.0,65.0,19,1
409.0,12,23,0,1,0,0,1,1,40.0,96.0,19,0
263.0,1,7,2,0,0,2,0,0,89.0,27.0,19,0
274.0,1,17,2,0,0,2,1,0,43.0,42.0,19,0
180.0,6,11,2,0,0,2,0,0,245.0,1.0,19,1
248.0,10,11,2,0,0,0,0,0,11.0,5.0,19,0
288.0,0,8,2,2,0,2,1,1,8.0,8.0,19,0
193.0,5,9,2,2,0,1,1,0,16.0,243.0,19,1
193.0,32,39,2,2,0,2,1,1,108.0,2.0,19,1
257.0,3,6,2,0,0,2,0,0,99.0,1.0,19,0
95.0,3,42,2,2,0,1,0,0,402.0,538.0,19,1
94.0,4,68,2,0,0,1,1,0,375.0,176.0,19,0
235.0,9,16,2,0,0,2,1,0,77.0,13.0,19,1
239.0,1,16,2,2,0,2,1,1,92.0,372.0,19,0
256.0,9,20,2,2,0,1,0,0,163.0,306.0,19,1
90.0,2,23,2,0,0,1,1,0,191.0,360.0,19,0
229.0,3,24,2,0,0,1,0,0,1.0,46.0,19,0
342.0,12,30,2,2,0,2,1,0,95.0,281.0,19,0
257.0,1,10,2,2,0,0,1,1,1.0,117.0,19,0
205.0,5,9,2,0,0,2,1,1,15.0,21.0,19,0
199.0,9,39,2,0,0,2,1,1,89.0,2.0,19,1
229.0,15,39,2,0,0,2,1,1,225.0,2.0,19,1
86.0,27,39,2,2,0,2,1,1,390.0,2.0,19,1
239.0,0,4,2,2,0,0,0,0,19.0,1.0,19,1
243.0,1,5,2,2,0,2,0,0,11.0,87.0,19,1
288.0,5,15,2,2,0,1,0,0,4.0,332.0,10,0
277.0,0,9,2,0,0,2,0,0,21.0,1.0,19,1
260.0,4,8,2,0,0,1,0,0,1.0,210.0,13,1
94.0,9,12,2,0,0,1,0,0,393.0,35.0,19,0
177.0,0,8,2,2,0,2,0,0,23.0,1.0,19,1
239.0,0,17,2,2,0,2,0,0,29.0,134.0,19,1
90.0,7,12,2,0,0,2,1,0,190.0,136.0,19,0
293.0,2,13,2,2,0,2,1,1,172.0,66.0,19,1
90.0,1,24,2,0,0,2,0,0,190.0,46.0,19,1
255.0,6,8,2,2,0,2,0,0,7.0,78.0,19,1
303.0,5,23,2,2,0,2,1,0,6.0,3.0,19,1
280.0,1,8,2,2,0,2,0,0,8.0,6.0,19,1
100.0,1,22,2,2,0,2,1,1,400.0,164.0,19,1
96.0,12,43,2,0,0,2,0,0,347.0,91.0,19,0
312.0,11,20,2,2,0,2,0,0,249.0,387.0,19,0
253.0,0,22,2,0,0,1,0,0,5.0,24.0,19,1
398.0,6,10,2,2,0,2,1,0,189.0,147.0,19,1
191.0,1,9,2,2,0,2,1,0,19.0,137.0,19,0
76.0,9,10,2,2,0,2,0,0,352.0,1.0,19,0
241.0,4,11,2,2,0,0,0,0,1.0,32.0,19,1
203.0,9,30,2,0,0,2,1,1,2.0,42.0,19,1
94.0,8,18,2,2,0,1,1,0,326.0,338.0,19,1
89.0,5,15,2,0,0,1,1,0,357.0,250.0,19,1
229.0,4,22,2,2,0,2,0,0,11.0,4.0,19,0
212.0,3,10,2,2,0,1,0,0,56.0,493.0,19,1
238.0,1,13,2,2,0,1,0,0,292.0,12.0,19,1
259.0,1,4,2,0,0,2,0,0,1.0,2.0,19,1
351.0,4,11,2,0,0,1,1,1,219.0,185.0,19,0
236.0,0,5,2,0,0,1,0,0,1.0,47.0,19,0
296.0,4,8,2,0,0,2,1,0,76.0,137.0,19,0
296.0,7,38,2,2,0,2,1,0,133.0,285.0,19,0
293.0,5,23,2,2,0,0,1,1,177.0,380.0,19,0
290.0,25,35,2,0,0,2,1,1,142.0,211.0,19,0
243.0,1,8,2,2,0,1,0,0,9.0,235.0,19,1
266.0,4,30,2,2,0,1,1,0,90.0,301.0,19,1
253.0,1,4,2,0,0,1,1,1,3.0,166.0,19,0
244.0,1,9,2,0,0,2,0,0,37.0,9.0,19,1
91.0,53,61,2,2,0,1,1,0,377.0,173.0,19,0
351.0,2,15,2,0,0,1,1,0,219.0,250.0,19,1
259.0,1,26,2,0,0,2,0,0,144.0,30.0,19,1
295.0,2,11,2,0,0,2,0,0,13.0,1.0,19,1
101.0,7,11,2,0,0,1,1,1,381.0,219.0,19,1
299.0,7,10,2,0,0,1,0,0,181.0,81.0,19,1
83.0,13,23,2,0,0,2,0,0,380.0,386.0,19,0
301.0,0,5,2,2,0,2,1,1,204.0,29.0,19,1
253.0,0,5,2,0,0,1,1,0,1.0,27.0,19,1
177.0,0,5,2,2,0,2,0,0,27.0,6.0,19,0
228.0,13,20,2,0,0,1,0,0,17.0,290.0,19,0
208.0,15,18,2,0,0,2,1,1,6.0,2.0,19,1
226.0,7,31,2,0,0,1,0,0,72.0,13.0,19,0
244.0,6,12,2,2,0,2,0,0,1.0,32.0,19,0
90.0,1,12,2,0,0,1,0,0,184.0,331.0,19,0
369.0,23,31,2,0,0,0,1,1,92.0,6.0,19,1
168.0,3,11,2,2,0,2,1,1,403.0,404.0,19,1
223.0,21,31,2,2,0,0,1,0,64.0,33.0,19,1
257.0,1,16,2,2,0,1,1,0,64.0,332.0,19,0
98.0,4,6,2,0,0,2,0,0,399.0,95.0,19,0
263.0,5,13,2,2,0,2,1,1,225.0,47.0,19,1
222.0,5,17,2,0,0,2,0,0,52.0,35.0,19,1
239.0,2,10,2,1,0,2,1,0,5.0,2.0,19,1
211.0,5,39,2,2,0,2,1,0,281.0,284.0,19,0
170.0,6,10,2,2,0,1,0,0,54.0,493.0,19,1
253.0,0,11,2,0,0,0,0,0,6.0,38.0,19,1
293.0,1,5,2,2,0,1,1,1,174.0,169.0,19,1
267.0,5,8,2,0,0,0,1,0,8.0,3.0,19,0
211.0,3,4,2,0,0,2,1,0,30.0,281.0,19,0
84.0,17,25,2,2,0,2,1,1,397.0,161.0,19,0
90.0,8,12,2,0,0,2,1,1,192.0,52.0,19,0
76.0,4,24,2,2,0,2,1,1,351.0,2.0,19,1
207.0,4,9,2,0,0,2,1,0,50.0,57.0,19,1
339.0,0,4,2,2,0,2,1,0,109.0,31.0,19,0
253.0,0,9,2,0,0,1,1,0,3.0,168.0,19,0
304.0,0,16,2,0,0,0,0,0,46.0,26.0,19,1
101.0,6,21,2,2,0,0,0,0,357.0,13.0,19,0
512.0,11,39,2,2,0,2,1,1,204.0,2.0,19,1
228.0,3,8,2,0,0,2,1,0,206.0,46.0,19,1
318.0,6,8,2,2,0,2,0,0,133.0,25.0,19,1
237.0,1,16,2,2,0,2,1,0,250.0,80.0,19,1
266.0,1,4,2,2,0,2,1,0,88.0,29.0,19,0
257.0,0,14,2,2,0,1,1,0,1.0,251.0,19,1
168.0,2,40,2,2,0,1,0,0,402.0,2.0,19,1
398.0,3,42,2,2,0,0,0,0,195.0,8.0,19,0
160.0,16,17,2,0,0,0,0,0,107.0,61.0,19,0
299.0,0,12,2,0,0,2,0,0,184.0,18.0,19,0
236.0,2,10,2,0,0,2,1,1,1.0,6.0,19,1
256.0,5,9,2,2,0,2,0,0,9.0,48.0,19,0
295.0,5,40,2,0,0,2,1,0,13.0,53.0,19,1
256.0,4,10,2,2,0,1,1,0,167.0,188.0,19,0
