feature_0,feature_1,feature_2,feature_3,feature_4,feature_5,feature_6,feature_7,target
-0.8357088406709404,0.098237970925824,-0.5537710827769591,-0.360622165549856,1.1240839918623065,-0.80987717990307,0.29545035472013204,0.4049483022743978,0
-1.1278668812493946,0.08987402160595806,1.2073190251411372,0.3739897100110282,0.5496793778217867,0.42015469032136105,0.42268888083524186,-0.5100640037936821,0
2.063468174236232,0.43005947850022846,-1.471991760746927,-0.9852959155004603,0.12421293901119311,-0.7865631269570813,-0.06785055633022366,0.1848313305177587,1
0.7408959542322852,0.49464957839756907,0.2508393418418768,-0.49194786475040814,1.4213228336593648,-0.10015399719317991,-0.07898476981362913,-1.1186754345045051,0
-0.0006808536379640517,0.00962838551420514,-0.8803355001025926,-0.6551026535892792,1.1656073415422608,0.6452605951506544,-1.6424851917281806,-0.6383830181458316,1
-0.6277132618662434,0.7434867877713245,0.1019940041241087,0.9738578692281666,-1.3194935272854427,-0.5697547965532556,2.049237875685008,1.2381290739132857,0
0.43857577225647215,-0.17164833391764367,1.0874028956153254,-0.09095588613664432,-0.7302344507076616,-0.47344547444140855,-2.2074129473744226,-0.6502991430945231,1
0.9452581369259777,0.5582169477470965,0.48435673832750903,0.4605589328418845,-0.04325548943536125,0.019561693488938728,-0.209528695158622,-0.8117279391058884,0
1.6218889479806664,-0.40235567231430924,-0.9710744057544918,0.11699039779919328,1.2297755166166078,-1.6948441225324735,0.6222424114587842,0.6300430716723413,1
-0.3385095452520832,0.8573215180060133,-0.767611649865168,0.27496733137272467,-0.8539974507078162,0.3451075305337972,0.7650817037945137,0.9650544483761337,0
0.0927085874970142,0.9518598928724893,-0.409305131104034,0.9828062517603232,1.595536138331515,0.4466670192111715,-0.3134000482905517,1.846288033291158,0
-0.1963255469420874,1.0015144023830085,0.3445054045689881,0.4304196113851648,-0.9321372554821232,0.236676661872935,-0.8892727226619369,-1.3238590361319047,0
0.31573846638344466,-0.33125882245432325,-0.8323825983737236,-1.6642429515646624,0.04548706498173562,-0.886689895104776,0.2886582066296216,0.8954159864637885,1
0.6434434469587699,-0.3344394311582847,0.7843830580616774,0.810224226052283,0.6630047143286394,-0.4076271204662004,1.4784241265906448,0.5517309595448894,1
1.6960674561176459,-0.1790168584972643,1.1938554025319332,0.6716076994225259,0.4755261424312305,0.7052995691240133,0.5134632529959049,1.0295565473618358,1
-0.06804255797966961,0.5179796090865699,-1.0847474241069073,-1.2147593258212936,0.3466135352253458,-0.21711158353012752,-0.6254017108758044,1.1140427731138045,1
-0.04207035547213096,0.5144707334744594,0.16618033034311838,-0.7364068475844209,0.46299107211425894,0.21225377949681792,-0.4329220553894106,1.5301654135124367,1
-0.08936861253862902,0.9759411667632256,1.6327380070019846,0.06390873513376236,-1.7425490886633341,1.047360427650871,-0.9331172371516107,-2.2096725397944037,0
-0.5955185262296716,0.8912225784576503,-1.1729230293543385,1.7120896284291247,-1.6187927944168299,0.6382725557189579,0.9668416315802031,-1.3918473999769339,0
2.05171083018955,0.530920413062244,0.20271977715298495,-0.0077310870831101735,0.9711248981705104,1.5330724976879149,0.15111218860186573,-2.0464130224498676,1
0.8311264839425386,-0.45737433451849796,-1.063834185771224,-1.4579432275657165,1.3288704190948792,-0.9731438017138289,0.8341727269664753,1.1358608438685072,1
1.7445004500455439,-0.050986525631772875,1.1443368363522537,-0.29009228752769395,1.283300937827318,0.6778531785574592,0.5958438835617555,-0.9236596003641933,1
1.3072306399078224,-0.4724309293728275,0.5194817648281114,0.49635267951448236,0.9726893942223992,0.703011890559432,-0.7689107825895918,-0.83476441806809,1
1.9353239493754524,0.19841375211511392,0.39532288272643606,-0.8692718547330913,0.03935974541817011,-0.1377689995474668,1.2104651520732135,-0.06373569733453258,1
0.9871761226452831,0.03255110206014173,0.6886963232630203,0.9780681517416595,1.4378172533100453,0.10146301714022118,0.8192757533581064,-1.0593500144345982,0
0.7990038192653293,-0.28691954681234655,1.4856099022787066,-0.3056035097658641,-2.2732421381152084,-0.36016361526161805,1.5306979854116953,0.26094104483353453,1
-0.17319211695523987,0.5019996189695455,-0.5572981496448379,0.3658215515656138,-0.46949133068139964,0.26049691093601235,0.10254263322283325,-0.5670753060600162,1
0.4402517480327841,-0.36259027129981436,-0.06664228864053534,-1.0550391123908676,-0.42998057149687924,-0.2802136621544104,0.24833340857544797,-1.3057124582608632,1
1.869535961494134,-0.055001898648321224,-0.3431772082106909,-1.0007048637954397,0.18391515803459474,0.6010407515649941,0.44545092990382085,-0.9238849771147555,1
-0.03254010972528798,0.048857537728376366,-1.1376514376898603,-0.6066906355879,1.5395207032100031,-0.7833727508393848,-0.36487759750811805,-1.7363981748309325,1
-0.6574907098058005,0.7036937971031797,-1.3671619972975004,0.7295097421548479,1.0900967579271184,-0.14634895417019192,2.6044312407289185,-0.7018366435932392,0
1.4634547839478158,-0.47521810344069937,0.3962483269721273,0.4762392269728401,-2.6135648860070018,0.5830700958899795,0.7706034170027143,-1.310227700148854,1
-0.7993705313759389,0.6136150082293967,0.9387972836887893,-0.8404746542977557,-1.199352465681151,-1.0128862609054539,-0.14158958460408438,-1.2365637714314568,0
-0.7116350479259332,0.569861718746917,1.242649143990234,1.9828486533375596,0.13774599371978347,-0.38560082339711355,0.8745591442745291,-0.1668579526229566,0
1.1669735943234267,-0.5159399308228652,-0.4766804691281523,-1.0435116982212824,-0.33937211991260396,0.38121976736756896,1.2888726369727723,-0.5260803442093163,1
-0.5931307106802073,0.6554421204128837,-0.26103976085172126,0.07608432006747969,1.22016991171073,-0.20550189021814255,-1.1258301511674218,-2.0295556194392503,0
0.22517161470771233,0.9538215383444095,-0.7426233886115249,1.629204626404444,-0.5703913835584014,-0.6212688310309421,-1.7174928099342062,0.6700969826726053,0
1.9663719205404708,0.26960193350260026,0.02328387569656394,1.8660928290066368,1.6868102894857298,0.9157920308986524,0.07373868323634125,-0.11031978605783381,1
0.215691519317277,-0.239602734220655,0.8632153322571228,1.267157001251399,1.4627212038208843,0.4621490589765035,0.02847003840879334,1.324176472800813,1
0.7286774892840482,0.5543471121132122,-0.015335323064125078,-0.29407281266580115,-1.4451520707958505,0.861721382101281,1.1410206094455646,-1.2392273761071455,0
-0.7099268219316461,0.8061473115707939,-2.1310778216943094,-0.12041926373832053,-3.36930024717705,2.3268801954284712,0.4800474659091384,-1.3207773475718456,0
1.2654406340247937,-0.40172293994257424,0.035821824072487525,-0.3065314264733189,0.12933468275055748,0.14859437788395594,0.3048343440100986,0.029960412374032692,1
1.6488894539104455,-0.42343855843999156,0.6912845906749474,0.5804708633153237,-1.27806761960499,1.402628356972271,0.25434857983226616,-0.3289707416441702,1
1.8732042983965294,-0.06809437029439472,0.8902436539881764,0.015118436973875505,-0.48857568934649687,-1.0630454376517262,0.20460985013996927,1.9595618099055478,1
-0.9785270347719052,0.5429438526853594,-0.48783162531649765,0.03544613703163874,0.6476899786339775,-1.2230578715071487,0.7354998547517414,-0.11457221856173784,0
1.901609089893206,0.29322019856907033,-0.8456212437464855,1.6017264032157388,-1.6093141270453053,0.8497053191007081,1.8900125947131783,1.0892117091720062,1
-0.19089811694117823,1.057131830923192,0.7539471401885854,1.5117491090297621,-0.06021225485714304,-1.278702258672787,-0.2720046764190925,-0.17968097146578987,0
0.5081974374062161,-0.17750478047848178,0.19410987499502405,-0.8062819920205044,-0.16529283652374727,-0.46883630588004177,0.052833826864579304,-0.10884062611918774,1
0.02671766806288805,1.0541398467946945,-0.930142213119795,-0.5542369140507765,1.3998400628660213,-0.08699647861601134,-0.1376638798282743,-0.9229028641281177,0
1.1200857709840581,0.11548878590608666,0.07702443884718116,-0.7619904406262747,1.6010856398987934,-1.0168195708197483,1.9801211224784288,0.7842102292025894,0
1.908373347531523,0.18852074747202635,0.704077221374246,0.9148186990390852,0.32608186333076616,-0.12253853064692877,2.0010258495036193,-0.6546410426061109,1
0.9180854185294454,0.532802762661712,0.4883034786713197,0.6383964359461128,-0.968041175781089,1.0047738658540268,-0.27984989695633367,1.1427805154337192,0
1.0527745725827993,0.27619455895832584,0.7179145219326717,0.5289973711165306,0.01845480913922176,-0.5067728259949895,-0.8442832874588453,1.8372660293391627,0
1.5503063580138905,-0.3163651911722148,0.8014346744306349,0.7980183560714479,0.12759462307952069,0.9751501132779016,-0.7769341631538328,1.073898859264086,1
0.1760340510228193,0.2517804784709585,-0.45252273474258536,1.1890970564412313,1.6368516781055824,-0.3446868975190834,-0.7800828353059251,-0.5608226105782805,1
0.5793248331141776,0.7507208066991804,-0.21738581656712092,2.932736546242644,-0.2297780894049387,0.7221983992912663,-0.24439902893534235,0.6801781813507662,0
-0.6257486998149131,0.7943496338599209,-0.30422048544444913,0.5759037549251788,-0.8250455317733477,-0.31066697378987845,0.9630319662499217,0.9292510492782662,0
-1.020102378482032,0.02310337234401788,0.38435046031330605,1.7604746392479038,0.44123438773429074,-0.41333670827105345,-0.22762478935181407,0.24684109076158664,0
1.4831443039091783,-0.4831146952110859,0.6038259291234862,1.0928055679944157,1.7756967767526988,0.9746284599679443,0.2791712547492611,0.40496771726767306,1
-0.8567306874080198,0.2681187547660433,0.37508553328214395,0.8529895878847736,0.31916030170585574,-1.4300181563485401,0.39445026045967824,0.04756529734328979,0
-0.3373046101999415,0.9800839003510553,1.2852334818540412,0.004644035112110744,-0.3826826409199626,0.1619650422767847,1.1043526545576603,-0.6860522554218048,0
1.2222764924713387,-0.4868863204519861,0.941045915017731,-0.21334722001212322,-1.3212528121266391,1.5431038754440014,-0.27325026639558825,-1.5005797101125586,1
1.8194397170513783,0.35349492778047464,0.6007713659587115,0.036337559865152295,-0.2820147222994963,1.218292637136587,0.48943413460996144,-0.0891058803626639,1
0.826976673323879,-0.5377812668283448,-0.4177444882165998,-1.444155412855432,-0.23967302872927562,1.3159645165227443,-1.3782378070509211,-0.9141161765921441,1
-0.3363929054792344,0.9637192805364427,-0.504563077903763,-0.07824245649764773,-1.0894684513260617,0.3755845491949803,0.09295803594769943,-0.5501132400000839,0
1.9544363394272612,0.221880992060285,0.9952277930089787,1.2536874176386086,0.3820473671945825,-0.7026489919840437,-1.0379205793210111,0.9902971288895046,1
0.013485097347942065,0.9095181954822034,-0.02161170264126343,0.21484867792539833,-0.9590292930550901,0.5492645917896483,0.46958159020767587,0.1862186639919909,0
0.7968551722088744,-0.5695208171210325,-0.11015762986405112,0.6694642567604933,0.7843317364513642,0.8559282585973614,-1.845335144442186,0.941417900499471,1
1.96699006319835,0.2432505074566531,0.5286717148436199,0.23697554609736826,0.2888446229832029,0.8699209515325619,0.9205016928039406,0.6042004097272461,1
-0.406339664713491,0.8876003590223787,-0.16183322447022006,0.9174102376249302,-1.5717732088901486,-0.4249330694600423,0.9907382504457356,1.0372117688762956,0
0.17987044729062188,-0.03915732288279905,2.9755932277127393,0.6343615737248671,-0.8924771908867561,0.23815973543455815,0.25593762182110014,0.3584611801492787,1
-0.4760995956553689,0.8808353726272988,-0.5920515715382325,1.6588639609721778,-0.8415243861027486,-0.20279704926448772,1.5768485322728372,-1.616405235536428,0
-0.9281995240657746,0.42567551666796155,-0.0074962662210867675,1.9437469744841132,-1.0482049378415321,-0.3216365978227625,-0.03543055520798687,-0.8471040523043404,0
-0.015546351060499758,0.8872361571272802,0.7673239830712066,0.6397067567250209,1.2749378874297899,1.959885263347793,0.9997308355264194,0.1051064689161432,0
0.33042319144296783,1.0145108795315203,0.3762008983006191,0.28218182127530317,1.362171527858669,1.3581125486853198,-1.6832178501384962,0.5593857390416317,0
0.09877365539821899,0.9710946468395856,0.607657686920449,0.6761193642205341,1.0281840465769605,0.135014788699273,-0.09356027160372925,-0.9195060345769859,0
0.9184198894654749,-0.5173640687334841,-0.2297194897562927,-0.11385219104591954,1.5399335967106735,0.5418787970396435,0.940787981828064,0.7374387338445427,1
0.2115622938662744,0.07826466347114482,1.3822240533125372,-0.17723200555096363,0.42377824770727734,0.584260675367424,0.7161200071960088,-0.2208328654896718,1
0.5855834810784297,0.897848740308899,0.7309790333765548,0.6216670843265217,0.8591703659305524,0.4787483241141277,0.2774305213702182,-0.6848950239324505,0
0.7103567852442738,0.6490243304023267,-0.558161141616814,-2.2560683847319347,-0.481003954553424,1.0559013940566797,1.0483622450725383,0.5905122049418507,0
-1.1371130802619849,0.19247458994634242,0.7103135496640149,-0.9308994670112161,0.2580730931593552,-1.7244058942739404,1.1215029286974556,0.29035282235813303,0
0.8480557853661022,-0.4487808835607621,0.6548038235909074,-0.26299757281205816,0.7739595462181696,-0.22196584566829308,-1.3564095496649133,-0.2341034665203797,1
-0.009576465006796334,0.20303968587248614,-0.018004095297087176,-1.1567494611382516,-0.7317326869599723,-0.38547704312980924,-0.5811923421992158,0.3019081387927406,1
0.11359207912822449,0.21925917351918112,-1.459933074137599,1.7231026619234031,0.9683137386084096,0.5116037984014522,-0.012288648936156709,-0.4577631211568313,1
0.06419031147760998,0.08504764917769649,0.23687976369454483,-1.909382755873082,1.0091358428897024,-1.225065038503273,-0.13869938497367124,-0.675912467922413,1
-0.9562058255856696,0.23449549469380399,0.2459494624221206,1.0011654524059024,0.22927738809999776,0.11089663708821618,-0.6735208537316251,-0.7392777222131665,0
0.9300300275102192,0.7366218197097651,0.41033653650901836,-0.860107015731283,-0.7008603877611883,0.3473941180867804,0.016129322993043625,-0.7229957521445939,0
0.24496528777012222,0.9739551283749586,0.4266727068239011,-1.3643967666720793,1.4241830765549075,0.5876240427056922,-1.0887534936272785,0.3405826638487769,0
1.0150764099013085,-0.4313973210577874,-1.9463919926183504,3.452554935917287,0.4162772932232893,-1.897473424014566,0.43267705667595835,-0.9509825819140871,1
0.9978916893340082,0.09089596850194354,-0.5977921360967292,-0.986413589513381,0.4162433512192724,-0.8718020873112582,0.05405667951041537,-0.5330514591978077,0
0.0034737951275570916,0.39402944248555954,2.868717321070473,-0.19949110187288618,-0.7411466744234589,0.18045108922998288,0.6749539180369231,0.41911116455234815,1
0.8557372034209725,0.5025787047006993,0.20503587394909692,-1.3219016522383156,1.2823179352490668,-0.03637106348499971,1.186300716450835,-1.9184841863300688,0
0.16483609942498056,-0.11258020911674779,-0.024714351949096408,-0.3341792981224262,-0.02294539849895206,0.4566782460884005,0.6028730662472662,1.6177905634494292,1
0.8435858825407706,0.07075337498865505,-1.4054674363817912,-0.2220298546127015,-0.3456965911074532,-0.8429698826061506,1.0102769856100589,-0.21768216718843242,0
0.9295572012015962,0.249042258463816,-0.545337839689734,0.5151407442801037,-0.4047221636491756,-0.3153636854706936,1.5917849255375094,-2.233805435152623,0
1.691837520220201,-0.04078134346886418,0.30632874715542785,-1.4575206424285772,1.293619066415583,0.4088487545446157,-0.7229490449941511,-0.5220375666332744,1
0.7935133215105554,0.9044637303760064,0.21165699010942624,-0.43280926865590547,-1.196449573477738,1.1699329508428857,0.691361292331589,-1.2631080120315197,0
0.6112231281675075,-0.3786397318591515,0.7372343387637988,1.131609992893167,-1.9188167970382033,0.49089103518528543,0.9844843432141642,-1.2771622786204997,1
-0.5618232822593501,0.6771960700441657,-1.2282912396478856,0.6210836723581332,-0.04085597108097266,-0.37479203129206357,-0.3075637880809739,-0.0419030779362292,0
1.3108039867795802,-0.3281677983040523,0.00237065790807766,0.5179817690815923,1.1586513255771433,-1.7416826417249884,0.10910959092368241,0.21777614371771667,1
0.9128564877251721,-0.4344330595951065,-2.240406797994243,-0.26140007329743836,-0.7320974551638274,-0.22077413254019992,-2.230804056794343,-0.42166266686158377,1
-0.7702340310679151,0.7061792256267759,-1.527278082133609,1.4604673892596338,1.1058243156735477,-0.19145682529547678,0.3608158539091157,-0.40810602174597843,0
1.1922456703895228,-0.6321128097547298,-0.27080375559097614,-0.5042708913586951,-1.1334520091345806,-0.5542020758379559,0.37511453320568555,-1.0664547869858214,1
0.96023701483965,0.41301705629161983,-0.09031489940655117,-0.4161361448466699,-0.3766804899716753,-0.018452194413000837,0.20370921574187373,-0.4678190711308657,0
-0.41607866646755165,0.9848888750327773,0.5057701283621255,-1.205863865549745,0.8191495930122087,-0.5641305953392001,-0.44476425852213797,-0.5411995950428241,0
-0.784763033158188,0.6446329480914575,-0.5692924369147361,-1.2473012130651118,-1.0986829019529236,0.3485216129757032,-2.099661427515077,1.1827521766004114,0
1.5695365574385671,-0.3571363562674165,0.4339258676122128,1.2753357430874284,-0.09999574404929332,0.5893346281532326,-1.4856355686055234,0.37054994495993837,1
1.9492011356091759,0.14743533712748835,0.43935676263361806,0.22133765032880268,-0.020978060868016384,-0.7000252221502993,-0.9619876698633547,1.450761600727732,1
-0.01979221025226397,0.3509130222631931,-1.8564754329291857,-1.4655387679738763,0.5341458287557481,0.40659933901676387,0.05820435536482612,0.7994633863151961,1
0.4070335977828875,0.7221456631254033,-0.146655239210064,0.5715521246349133,1.9391299040816987,-0.61134187892803,-0.12795104058980394,-1.526584024709787,0
0.10417443943688401,0.939442035495866,2.189195855685639,-1.3864259636283807,0.5869594757421929,0.36521878305630073,-1.3672323475340808,-0.1495172062201832,0
1.5012233547271345,-0.46113095189460457,0.00500880134637351,0.49444658636300537,1.2971994587960007,0.6280858826085333,-1.289205644318567,-0.9622377496718608,1
0.6380421752480551,-0.6042790956467823,0.7787409691307856,-1.188472302484292,-0.47587269523873466,-0.8870278291353298,0.4173466926299049,0.08695346741338256,1
-0.3716467853889131,1.0338584235683732,-1.3240793456459257,-1.710215434626845,0.026390749465422015,-0.5280072428393788,1.2411167097741491,-0.2517694874121263,0
0.7733596365062776,-0.5546965056575265,0.9047820146230572,-0.1321672526625445,-0.3912618343042199,0.7302183468212222,-0.21596509726716034,-0.2406998468340693,1
0.3445281507876594,0.9024414108327008,-2.1901434420800294,0.1928113599611893,0.5320415307809198,0.8062012562513557,-0.5841075190352274,2.235331793750393,0
-0.8592193177066918,0.54579742979175,-0.19029774763257548,-0.6053527264908193,0.6407942104134532,-0.8476914600370089,-0.16581575390420386,-1.0953280426241998,0
0.6865243102132548,0.9158561761848295,0.37365113184888693,-0.16751824567824106,-1.4521257467438151,0.3356084511564164,0.00568481996801678,0.6436344781410853,0
0.20397385758646386,0.9298640775417057,1.1843213431509214,-0.04893157350499437,0.8800130516863458,-0.13277659589847463,-0.6149008361577051,-1.18953481739434,0
0.994716049814436,0.20324001411165737,-1.4309412924532907,-0.5190962647505845,0.509284046135076,0.20418865604354478,-1.2615481907515986,-0.6891774901542237,0
0.5741376938763363,0.8299834513800433,1.179024634384294,0.6313567945899422,0.1270482551904026,1.7431717221765233,0.12660175205325983,0.7520916598883284,0
-0.7567114590007207,0.41182535162450234,-0.8839342829573523,1.158617063354419,0.7943442872021578,0.6547382255429213,0.3605177026907514,1.5512633352066831,0
-0.7484215420115687,0.6411519932593757,2.4066449023107954,-0.8837675835265466,-1.083334394620733,-0.4239971893217874,-0.44560454020095536,0.05868403181962621,0
0.34100406327299676,-0.22850600292339673,0.024655450556629637,0.3811936615683705,0.7137004422611221,1.1165913390528452,0.06380689151169333,0.4445677019646693,1
0.5920656715008833,0.7736237317699518,0.3075829901931918,0.462901056038397,2.202932140679196,0.32048339072475446,-1.9545330244929213,-0.3776460608008127,0
-0.2773213639679,1.0822747542646727,-0.5134302661514604,-2.384669234989005,1.0331581642955734,-0.5420598942308993,0.718920402942987,-1.9129418182784292,0
2.007791596003365,0.5637404179515975,-0.10982782074199338,-0.8161060583396016,0.4899187150818699,0.4247628068164869,0.25394552535803233,-1.6113667953676711,1
-1.1095091785452809,0.18408207385124714,1.7269467280452937,0.026205757323259433,-0.9307994355240787,-0.5090688748215879,-0.5465744815411776,-0.48800418340673984,0
-0.03031658793578436,0.23129683701491463,-0.14830687055079406,-0.8104296433279767,-0.12198364840779231,-1.0713424350479486,-1.3097628595470938,0.8900848677846085,1
0.6680807186930331,-0.3991209943331653,-0.39687664277258267,0.9230734579893984,-0.001040058904854423,-0.37604747744002387,0.009157157640000161,0.013571760487848717,1
1.2675273749450928,-0.23172428485278262,1.6867892045458994,0.4158943604539635,-0.3097639807634867,-0.17715170391311788,1.3980551817704043,-1.1530802673652907,1
0.13940485520826007,0.1527868606627925,-0.9981000370628337,0.037280436432525196,-0.26195942120163057,-0.018057402576371864,-1.2154868533712235,0.659429027565973,1
0.8314300201878831,0.42717965590377666,1.8095646675812689,-0.2637752243846638,-0.795246391849951,1.3164321867783548,-0.24651867541188155,-1.3392810265991575,0
0.02997331334916048,0.01996037750750468,0.9976522159105533,-2.5106690851485562,-0.9126064661303266,-0.3716265163301381,-1.1380120908010116,-0.5271636682196017,1
0.8269599594012351,-0.627110285761521,1.439325833153316,1.087207140414003,-0.003324645925291451,-0.2661925673879443,1.5531541170842293,0.6636723438606196,1
-0.29528755476199303,0.9222667673149245,-0.3005519581081373,-1.9895229417187512,0.7012927402606827,0.16488016693703175,-1.3891543261679244,0.8924658328267205,0
0.607527135916839,0.6189536691253055,-0.583872764976748,0.3324888690573033,1.1343408531171766,-0.25143132540859137,-0.043017875662576234,-0.9011032563124233,0
2.004962975450275,0.3952240796459474,-0.7117132366797185,0.6806044889280043,-0.8546917131413915,-0.06868859056441926,0.5615852823337547,0.2013075370586859,1
0.30157296428365743,-0.1612797210580762,0.32088298303176943,0.38819552705737215,-0.32001276084291386,-0.33641452241086334,-1.7380906927642086,-1.014556365086635,1
-0.18195034097381635,0.900968165853592,-0.05943289105555902,-0.27747406981224787,0.11426618407769365,0.923719763889719,-1.4442981526454226,-0.17667438694265403,0
1.100049891439815,0.0017476464252530626,-2.098543162047104,-1.1154855361930545,1.8067168881926747,-2.0509303060997977,-0.7739880001100793,0.0022217620280400125,0
0.9241148112637454,-0.6191165182683058,1.0910368867304345,-1.0443871247127299,-1.3610007451375736,-0.19343369429164342,0.5789723864290386,1.3275667107266547,1
0.06299925608001847,-0.16101147174831112,0.38181083073522204,1.9315886634220223,1.5156757812696207,1.1145564812088709,-0.820958522970421,0.6966153489620771,1
1.1773552986999851,-0.5678697511374393,-0.3642744034612496,0.754922650692417,0.7031007479502661,-0.5472815677347951,-1.3072315246729085,-0.9210157899225102,1
-1.089622393720604,0.1470902171341874,0.06006986080832752,0.2559955271555718,0.45428219090755856,0.8233843114167348,-0.4011028199551561,0.946996093137182,0
0.9008417101085734,-0.09569190220253676,-0.04093666645068165,-0.17980757549795415,-0.9829013866960726,-1.4186407496338498,-2.1799029676231334,-0.19403347053688835,0
-0.9748292408182765,0.4162654240541868,-1.1776698136979962,0.7273674180531331,-0.3399831171620684,0.0529716865526651,-0.8470166986951192,-0.6640029009359366,0
1.4940756338358279,-0.2874920222446488,-0.05037111681919318,-1.3146741471125603,-0.5791118862332048,0.6284910068263858,0.41660880591778326,-0.6284775686358732,1
0.02766034681875705,0.10005964297506936,0.24623824876305303,0.835778708834975,-0.07178360428210051,-1.5668248521224768,-0.5071677176978656,-1.0219695376129487,1
2.064694221039512,0.07297307677863761,3.060418478756613,-0.11796439425636207,-0.7353764684321326,1.8454170218509554,-1.310119892231036,1.448144841115606,1
0.37768010331465424,0.8146860011583946,1.4597851942817688,-1.8016148608700233,-0.6497108264508044,-0.29258691866082664,-2.0122640947122137,0.577341526737243,0
1.2056972407118016,-0.38732608184407186,1.4623187683841476,-1.037368104634915,1.3146592646300346,0.18781574695455633,-1.273566887350828,0.40833361905343146,1
-0.9614374181348728,0.37988985889462457,1.6401019337999536,-0.5270282896836221,-0.23262664591481724,1.0254415072506484,-0.23455016432838288,0.02421190389036838,0
1.8742952851446557,0.112385183806161,-0.3247506845265924,-0.3371740836102802,-0.738547089653853,1.1006289053757923,-0.8326392035304768,-0.9480464506211908,1
0.6061562582606246,0.7234032794114853,0.8015592026674652,-2.6879172216453235,-0.7183362573717113,0.8507987908694117,-1.5846400722078655,-0.7373823469365869,0
2.1103945559227193,0.2905124123931417,0.10343554736263848,0.566092807815239,1.1145373171867208,0.2918212067736689,-1.1307964483147825,-0.7305196992807989,1
1.0200778670108808,0.24450119412957838,-1.4258856752573295,1.762335292651207,-0.11011880866407246,-1.2953526950708887,-0.4978718384623387,1.0856398940829803,0
-0.698474826547411,0.6403292197656629,-0.8120572138509887,2.1361190442948326,0.5599459688847457,2.1605071436597765,-0.2607306714203152,-0.49977376675261115,0
0.5477201981531936,-0.4466103409438955,1.0234273412235755,0.24515836892528123,0.2001054882656736,1.6168283266715,-0.8360191955791471,-0.0864107240568318,1
0.4419563664286529,0.8440065844981414,-0.5149896516387502,2.175698591091068,0.7963192800727947,-0.7788100752238314,0.4934391130179687,1.6540410069591187,0
-0.315902350128197,0.9457714131508468,-0.017713795487796787,-0.19893881498856125,1.8484466613603119,0.5516761957482265,0.08422312455217751,0.515142848034668,0
-0.7648501069174778,0.7508056545240936,-0.03495797476563061,2.5178426587115514,0.6911369469214416,-0.07429129420861105,-0.1618717085553754,0.9528012431202364,0
0.2462208269920668,1.013044539049133,-0.0705928761848072,-1.5887741975859526,-0.46356248939477984,0.7420789459675373,0.0054608631974657875,1.6508801931139008,0
0.7991362430027833,0.4899248608427469,0.43779519579739357,0.6472039342836744,1.1084192801584352,0.6212524850606674,-0.3602403382901459,0.2682246018168639,0
0.2615304411076829,0.9296336015009731,0.5951168415423532,0.34035708308324886,-0.30545842152968367,-1.2820455360192073,-1.9860712813396013,0.7746408902764496,0
-0.9534868283551288,0.32008212432579863,-0.4461329588574247,0.4344315345950268,0.9863060918349459,-0.5543413414658124,0.6808841373455223,-0.6660719807065278,0
0.8372513150805306,0.5544451353699877,0.009081481548115635,-0.7553860725420392,-2.0581197037560384,-0.31205956477011637,0.31944618156997817,-1.3880741007983528,0
-0.8596500789631534,0.4245663935070881,-0.7204614873978242,1.4583011592161637,-0.7218307206055922,-0.7811584229848456,-1.462942650114616,0.9407679548810238,0
1.5447557679122959,-0.19871581732111696,-1.2498175512385266,-0.6586597022227406,-0.24282094945753194,-1.3636995514724513,-0.6581096933343468,-0.9384470406559527,1
0.6091426552552215,-0.42586519919438753,-0.4244600310861195,-0.5690712036301131,2.069728411578411,1.2952819300419922,-1.137431823901188,-0.09114699726620812,1
0.5072224454752639,0.7371295102201084,-0.016250888933139838,0.9311253375668482,-1.6110492760370847,-0.5092717911977934,0.06641760737210942,1.264325936460531,0
1.1508877372080375,-0.589413935539411,0.5311577538234814,-0.9006556293834519,-1.6123916887208358,0.6758671220428684,0.04567694015887239,1.3148295402130998,1
-0.11345327559042806,0.8110185374039773,-0.7543636154009523,0.6797166852534982,0.06345128989529611,-0.6660060293345185,-1.7392729344612954,1.7176977730947118,1
0.2293285519564659,0.056995543155174744,-0.4375722792792832,1.714910028572951,0.5475479272165522,-0.5914310395935373,0.10495452416932474,0.979814071927177,1
0.5683450842868926,-0.5400772460133529,0.39837995421996075,0.6160114648568925,1.1252396623081653,0.2574397782790518,-0.7081919136708403,0.5401982894053541,1
1.9082185429068026,-0.2809855945230718,1.349349355723331,-0.40405592610596486,0.3208393922900114,1.1832143280136205,-0.969062975621368,-1.7706829516985734,1
1.1519062492999668,-0.517415119522029,1.6349638457221838,1.090458239703154,0.7399549559472931,1.1893095668459037,0.9352529045688875,0.8879783350265664,1
0.42257395182513835,0.667370836536768,0.8466202785037148,-0.488574728921731,0.9649204281045808,1.5991332443470632,-0.1291987308342029,1.0425139354471118,0
-0.7214773724153336,0.6436201999914453,2.2366295905645606,1.682487929121548,-0.9589579317003241,0.778240472194258,0.5708024561909474,-0.6865928051120685,0
-0.9710661972649257,0.6731176082474305,0.6640640219252099,-0.40855203863292167,0.6324184770853056,-0.4809943718882865,-0.38029529201820483,0.49542644606993336,0
0.9551309582463695,0.3864063756305591,-0.4485754565398233,0.808590055804265,0.7889100530518088,0.24258284557018836,-1.926606068199243,0.4210062388665791,0
-0.4177010175374915,0.9491310246809912,-2.0103990077791276,0.10657462366858945,-1.197670889366608,0.02303590549031895,1.2252204409180858,-0.7374122521395928,0
0.8994792828096392,-0.49027669177480737,-0.18864953545744723,1.1142325988133932,-1.5396987446227355,-0.15653976333253042,-0.8589628140781659,0.4446315996046198,1
0.3889897857279422,-0.2176594175817222,-0.10812656856986308,2.3346919255391922,0.0702619765898983,-0.5992407020788311,-1.7091955525013598,0.4688915395483113,1
0.060642712073169194,0.8199782264825167,-0.8165115039195592,0.2385666260411877,0.03076230024485294,0.5212282162947951,-0.4012987579561783,1.1334653234802508,0
1.6932126287043612,0.13436320708799887,0.23273166811606105,0.6982542990279934,-0.4335389134964056,1.121527714221319,-1.0683642700655898,-1.1101153417096739,1
0.4845677672528845,-0.4285071640930624,0.726038219201923,0.01821373393827545,0.17371384249124203,0.12914898780069917,0.18541527504111527,1.0956608241279149,1
-0.9631292304110088,0.4085843801312905,0.190763261668198,-0.9119485422229013,-0.8035946794887532,-1.2070347154963725,-0.37353671845879377,-0.7691381801159971,0
1.1449094750861473,0.11894365400007874,0.28726641171943246,0.4790536713961897,-0.3496204288552495,0.012808461906546172,1.0525861850013045,0.17924988467499783,0
1.8692992227543708,-0.3773543904127511,-0.19079670447764313,1.5384771739078815,-0.6353987990926907,-1.9011409981337992,-0.926650787097643,1.4856534470747258,1
0.1729484906121701,-0.22541561958584594,-0.8560326615245015,0.40672525930845493,0.03041417056280601,-1.0308272061356578,0.23537503112373226,0.9371337545720887,1
1.8360087624272807,0.1452895362747255,-1.3821590943052051,0.6421845369283693,-0.06472548741842427,-0.1702648989280617,0.09829829996114328,0.2586073107814503,1
-0.9810016070177261,0.28909721738978267,1.314306216719825,-0.9234770956264148,1.1771481378800088,-0.7027377738479811,0.7233126422336587,-0.6235621103064595,0
-1.031029159678909,0.1894442868002076,-0.779049741237335,-0.1973548531695779,0.9023022011610424,0.8273002840001679,1.052312741898579,-0.4420067417803969,0
0.17046557727130146,0.7649924989316202,0.2853192629021683,0.8252220242138694,-1.495951859237008,-0.8261241917884419,-0.9473195265359456,-0.17241784197455806,0
1.031982670951972,0.5618882938752138,1.1882414624137614,2.4786760206607568,0.34329684634723084,2.957006489025487,0.1406795770922777,0.9379914388313901,0
0.5845665659142909,-0.42146409983557653,0.43939126887224805,0.40399857592721605,-0.9507523195354913,-0.7593816729216906,-1.6693738933701507,-0.6332542889414261,1
1.7057991305431643,-0.23234102714156274,1.0207136038012237,-0.7145139011009451,-0.0814224271763772,-0.5244868371631995,0.9522814049449739,-0.20955210405832406,1
0.9537761181379963,0.7439834089340291,0.2667797522311986,-1.4155052303043623,0.3482345752622107,-0.9348786006354827,0.4102141535791416,0.0985387549868925,0
0.2899749077803481,-0.037264661423539194,1.328202759819882,0.109626782758198,-0.04357185059472437,-0.18846068857333953,0.02967001000734412,0.7650501329082011,1
1.6933081999889201,-0.14170902976422556,-0.46552522745745134,-0.38242540142939846,-0.8632163018510475,1.5777485689363,-1.1035258712165257,-0.256740078745244,1
0.8452086005227516,-0.44732509273019666,0.8627850203989813,1.0529270060531617,-0.20391800019499798,0.04141637279224404,0.44781247836229005,0.031092702311066714,1
0.08851071303107255,0.3888495471384684,0.7017584188628206,-0.04619270083915113,-0.3481163616320406,-1.3226292241448327,0.3789334185430094,-0.39566415182180037,1
0.7857941603750096,-0.6006304007639514,1.8972035069011972,-0.954370645875325,0.1870354977423222,-0.9587138991163859,-0.7135335117540886,0.045507422357029544,1
0.4093475163438351,-0.28898569712406197,-0.7916414907988355,0.02479450742105855,-0.26127878988192255,0.12846569595812526,-1.3499776498327707,0.5475895893795871,1
1.8142471463524288,0.30457253279212904,0.7510401022127229,-0.7254536793739599,-0.4576503367797253,1.5496611053926195,-1.455704669811982,-0.9062805317503732,1
-0.010402171710927065,0.9566675065853095,-0.7400372100121184,1.0004198356613323,0.0017544515150017014,-1.123038629248277,-1.5232004326471749,1.6234732338573126,0
1.2976849585186196,-0.3247498713309065,0.07919090267532704,1.5497729807419005,-0.014533390637643464,-1.5120316744052273,0.15031666110179354,0.02676192017882983,1
1.7917334439253205,-0.1687863796978652,-0.35124950722886994,0.740316638837329,-0.693482255741987,1.3334559697063266,1.3165241684063993,-1.0978826721645991,1
0.9959422551270424,0.413670182282413,1.7408954922892774,-1.7192006373080435,0.3012075334599364,1.3130252584528812,0.5123693734225558,1.4781540117510246,0
0.3746244912673299,-0.0517127787817757,-0.7037731403803538,0.5678732532565443,1.2394688393909603,-0.31982767052927275,-0.09706645236227991,-0.9655097766833369,1
0.1145946633661258,1.073842442216893,-1.5749817957090289,-2.830978020643185,-0.15216883719177668,-1.4685713695927418,-0.35745917313798425,-0.3173317987004933,0
0.38453102550644447,0.8052295121406846,0.18471368499517712,-0.7411689627350885,-0.23422367125286117,-0.18519319531184497,-0.6358866849804632,-1.3068270702680063,0
1.3806946583611144,-0.43392890751466945,0.3238411874434598,0.13126730076738916,-0.005135854499029794,-1.2272874971619623,-0.45562648958400576,-1.03472004103761,1
1.8629803447152635,0.3731221998357691,0.00549602506994672,0.16136636825877246,0.15736632112889146,-2.7901572156616776,-0.1361099383841122,-0.8554883788594914,1
