1,22.08,11.46,2,4,4.1,1.585,0,0.1,0.2,1.1,2.1,100,1213,0.3
0.0,22.67,7.0,2.0,8.0,4.0,0.165,0.0,0.0,0.0,0.0,2.0,160.0,1.0,0.0
0.0,29.58,1.75,1.0,4.0,4.0,1.25,0.0,0.0,0.0,1.0,2.0,280.0,1.0,0.0
0.0,21.67,11.5,1.0,5.0,3.0,0.0,1.0,1.0,11.0,1.0,2.0,0.0,1.0,1.0
1.0,20.17,8.17,2.0,6.0,4.0,1.96,1.0,1.0,14.0,0.0,2.0,60.0,159.0,1.0
0.0,15.83,0.585,2.0,8.0,8.0,1.5,1.0,1.0,2.0,0.0,2.0,100.0,1.0,1.0
1.0,17.42,6.5,2.0,3.0,4.0,0.125,0.0,0.0,0.0,0.0,2.0,60.0,101.0,0.0
0.0,58.67,4.46,2.0,11.0,8.0,3.04,1.0,1.0,6.0,0.0,2.0,43.0,561.0,1.0
1.0,27.83,1.0,1.0,2.0,8.0,3.0,0.0,0.0,0.0,0.0,2.0,176.0,538.0,0.0
0.0,55.75,7.08,2.0,4.0,8.0,6.75,1.0,1.0,3.0,1.0,2.0,100.0,51.0,0.0
1.0,33.5,1.75,2.0,14.0,8.0,4.5,1.0,1.0,4.0,1.0,2.0,253.0,858.0,1.0
1.0,41.42,5.0,2.0,11.0,8.0,5.0,1.0,1.0,6.0,1.0,2.0,470.0,1.0,1.0
1.0,20.67,1.25,1.0,8.0,8.0,1.375,1.0,1.0,3.0,1.0,2.0,140.0,211.0,0.0
1.0,34.92,5.0,2.0,14.0,8.0,7.5,1.0,1.0,6.0,1.0,2.0,0.0,1001.0,1.0
1.0,58.58,2.71,2.0,8.0,4.0,2.415,0.0,0.0,0.0,1.0,2.0,320.0,1.0,0.0
1.0,48.08,6.04,2.0,4.0,4.0,0.04,0.0,0.0,0.0,0.0,2.0,0.0,2691.0,1.0
1.0,29.58,4.5,2.0,9.0,4.0,7.5,1.0,1.0,2.0,1.0,2.0,330.0,1.0,1.0
0.0,18.92,9.0,2.0,6.0,4.0,0.75,1.0,1.0,2.0,0.0,2.0,88.0,592.0,1.0
1.0,20.0,1.25,1.0,4.0,4.0,0.125,0.0,0.0,0.0,0.0,2.0,140.0,5.0,0.0
0.0,22.42,5.665,2.0,11.0,4.0,2.585,1.0,1.0,7.0,0.0,2.0,129.0,3258.0,1.0
0.0,28.17,0.585,2.0,6.0,4.0,0.04,0.0,0.0,0.0,0.0,2.0,260.0,1005.0,0.0
0.0,19.17,0.585,1.0,6.0,4.0,0.585,1.0,0.0,0.0,1.0,2.0,160.0,1.0,0.0
1.0,41.17,1.335,2.0,2.0,4.0,0.165,0.0,0.0,0.0,0.0,2.0,168.0,1.0,0.0
1.0,41.58,1.75,2.0,4.0,4.0,0.21,1.0,0.0,0.0,0.0,2.0,160.0,1.0,0.0
1.0,19.5,9.585,2.0,6.0,4.0,0.79,0.0,0.0,0.0,0.0,2.0,80.0,351.0,0.0
1.0,32.75,1.5,2.0,13.0,8.0,5.5,1.0,1.0,3.0,1.0,2.0,0.0,1.0,1.0
1.0,22.5,0.125,1.0,4.0,4.0,0.125,0.0,0.0,0.0,0.0,2.0,200.0,71.0,0.0
1.0,33.17,3.04,1.0,8.0,8.0,2.04,1.0,1.0,1.0,1.0,2.0,180.0,18028.0,1.0
0.0,30.67,12.0,2.0,8.0,4.0,2.0,1.0,1.0,1.0,0.0,2.0,220.0,20.0,1.0
1.0,23.08,2.5,2.0,8.0,4.0,1.085,1.0,1.0,11.0,1.0,2.0,60.0,2185.0,1.0
1.0,27.0,0.75,2.0,8.0,8.0,4.25,1.0,1.0,3.0,1.0,2.0,312.0,151.0,1.0
0.0,20.42,10.5,1.0,14.0,8.0,0.0,0.0,0.0,0.0,1.0,2.0,154.0,33.0,0.0
1.0,52.33,1.375,1.0,8.0,8.0,9.46,1.0,0.0,0.0,1.0,2.0,200.0,101.0,0.0
1.0,23.08,11.5,2.0,9.0,8.0,2.125,1.0,1.0,11.0,1.0,2.0,290.0,285.0,1.0
1.0,42.83,1.25,2.0,7.0,4.0,13.875,0.0,1.0,1.0,1.0,2.0,352.0,113.0,0.0
1.0,74.83,19.0,1.0,1.0,1.0,0.04,0.0,1.0,2.0,0.0,2.0,0.0,352.0,0.0
1.0,25.0,12.5,2.0,6.0,4.0,3.0,1.0,0.0,0.0,1.0,1.0,20.0,1.0,1.0
1.0,39.58,13.915,2.0,9.0,4.0,8.625,1.0,1.0,6.0,1.0,2.0,70.0,1.0,1.0
0.0,47.75,8.0,2.0,8.0,4.0,7.875,1.0,1.0,6.0,1.0,2.0,0.0,1261.0,1.0
0.0,47.42,3.0,2.0,14.0,4.0,13.875,1.0,1.0,2.0,1.0,2.0,519.0,1705.0,1.0
1.0,23.17,0.0,2.0,13.0,4.0,0.085,1.0,0.0,0.0,0.0,2.0,0.0,1.0,1.0
1.0,22.58,1.5,1.0,6.0,4.0,0.54,0.0,0.0,0.0,1.0,2.0,120.0,68.0,0.0
1.0,26.75,1.125,2.0,14.0,8.0,1.25,1.0,0.0,0.0,0.0,2.0,0.0,5299.0,1.0
1.0,63.33,0.54,2.0,8.0,4.0,0.585,1.0,1.0,3.0,1.0,2.0,180.0,1.0,0.0
1.0,23.75,0.415,1.0,8.0,4.0,0.04,0.0,1.0,2.0,0.0,2.0,128.0,7.0,0.0
0.0,20.75,10.25,2.0,11.0,4.0,0.71,1.0,1.0,2.0,1.0,2.0,49.0,1.0,1.0
0.0,24.5,1.75,1.0,8.0,4.0,0.165,0.0,0.0,0.0,0.0,2.0,132.0,1.0,0.0
1.0,16.17,0.04,2.0,8.0,4.0,0.04,0.0,0.0,0.0,0.0,2.0,0.0,1.0,1.0
0.0,29.5,2.0,1.0,10.0,8.0,2.0,0.0,0.0,0.0,0.0,2.0,256.0,18.0,0.0
0.0,52.83,15.0,2.0,8.0,4.0,5.5,1.0,1.0,14.0,0.0,2.0,0.0,2201.0,1.0
1.0,32.33,3.5,2.0,4.0,4.0,0.5,0.0,0.0,0.0,1.0,2.0,232.0,1.0,0.0
1.0,21.08,4.125,1.0,3.0,8.0,0.04,0.0,0.0,0.0,0.0,2.0,140.0,101.0,0.0
1.0,28.17,0.125,1.0,4.0,4.0,0.085,0.0,0.0,0.0,0.0,2.0,216.0,2101.0,0.0
1.0,19.0,1.75,1.0,8.0,4.0,2.335,0.0,0.0,0.0,1.0,2.0,112.0,7.0,0.0
1.0,27.58,3.25,1.0,11.0,8.0,5.085,0.0,1.0,2.0,1.0,2.0,369.0,2.0,0.0
1.0,27.83,1.5,2.0,9.0,4.0,2.0,1.0,1.0,11.0,1.0,2.0,434.0,36.0,1.0
1.0,40.0,6.5,2.0,6.0,5.0,3.5,1.0,1.0,1.0,0.0,2.0,0.0,501.0,1.0
0.0,37.33,2.5,2.0,3.0,8.0,0.21,0.0,0.0,0.0,0.0,2.0,260.0,247.0,0.0
1.0,42.5,4.915,1.0,9.0,4.0,3.165,1.0,0.0,0.0,1.0,2.0,52.0,1443.0,1.0
1.0,56.75,12.25,2.0,7.0,4.0,1.25,1.0,1.0,4.0,1.0,2.0,200.0,1.0,1.0
1.0,43.17,5.0,2.0,3.0,5.0,2.25,0.0,0.0,0.0,1.0,2.0,141.0,1.0,0.0
0.0,23.75,0.71,2.0,9.0,4.0,0.25,0.0,1.0,1.0,1.0,2.0,240.0,5.0,0.0
1.0,18.5,2.0,2.0,3.0,4.0,1.5,1.0,1.0,2.0,0.0,2.0,120.0,301.0,1.0
0.0,40.83,3.5,2.0,3.0,5.0,0.5,0.0,0.0,0.0,0.0,1.0,1160.0,1.0,0.0
0.0,24.5,0.5,2.0,11.0,8.0,1.5,1.0,0.0,0.0,0.0,2.0,280.0,825.0,1.0
1.0,42.0,9.79,2.0,14.0,8.0,7.96,1.0,1.0,8.0,0.0,2.0,0.0,1.0,1.0
0.0,19.5,0.165,2.0,11.0,4.0,0.04,0.0,0.0,0.0,1.0,2.0,380.0,1.0,0.0
1.0,21.5,11.5,2.0,3.0,4.0,0.5,1.0,0.0,0.0,1.0,2.0,100.0,69.0,0.0
1.0,31.25,2.835,2.0,1.0,1.0,0.0,0.0,1.0,5.0,0.0,2.0,176.0,147.0,0.0
1.0,27.25,1.585,2.0,13.0,8.0,1.835,1.0,1.0,12.0,1.0,2.0,583.0,714.0,1.0
1.0,48.75,26.335,1.0,1.0,1.0,0.0,1.0,0.0,0.0,1.0,2.0,0.0,1.0,0.0
0.0,30.42,1.375,2.0,9.0,8.0,0.04,0.0,1.0,3.0,0.0,2.0,0.0,34.0,0.0
1.0,29.42,1.25,2.0,9.0,4.0,1.75,0.0,0.0,0.0,0.0,2.0,200.0,1.0,0.0
1.0,28.25,5.04,1.0,8.0,5.0,1.5,1.0,1.0,8.0,1.0,2.0,144.0,8.0,1.0
1.0,40.25,21.5,2.0,10.0,9.0,20.0,1.0,1.0,11.0,0.0,2.0,0.0,1201.0,1.0
1.0,36.5,4.25,2.0,11.0,4.0,3.5,0.0,0.0,0.0,0.0,2.0,454.0,51.0,0.0
1.0,25.58,0.335,2.0,4.0,8.0,3.5,0.0,0.0,0.0,1.0,2.0,340.0,1.0,0.0
1.0,29.83,3.5,2.0,8.0,4.0,0.165,0.0,0.0,0.0,0.0,2.0,216.0,1.0,0.0
1.0,23.08,0.0,2.0,4.0,4.0,1.0,0.0,1.0,11.0,0.0,1.0,0.0,1.0,0.0
0.0,32.17,1.46,2.0,9.0,4.0,1.085,1.0,1.0,16.0,0.0,2.0,120.0,2080.0,1.0
1.0,25.17,3.5,2.0,13.0,4.0,0.625,1.0,1.0,7.0,0.0,2.0,0.0,7060.0,1.0
0.0,35.17,3.75,2.0,1.0,1.0,0.0,0.0,1.0,6.0,0.0,2.0,0.0,201.0,0.0
0.0,18.58,10.0,2.0,2.0,4.0,0.415,0.0,0.0,0.0,0.0,2.0,80.0,43.0,0.0
1.0,39.92,5.0,2.0,3.0,5.0,0.21,0.0,0.0,0.0,0.0,2.0,550.0,1.0,0.0
1.0,23.42,1.0,2.0,8.0,4.0,0.5,0.0,0.0,0.0,1.0,1.0,280.0,1.0,0.0
1.0,37.58,0.0,2.0,8.0,4.0,0.0,0.0,0.0,0.0,0.0,3.0,184.0,1.0,1.0
0.0,24.75,13.665,2.0,11.0,8.0,1.5,0.0,0.0,0.0,0.0,2.0,280.0,2.0,0.0
0.0,47.0,13.0,2.0,3.0,5.0,5.165,1.0,1.0,9.0,1.0,2.0,0.0,1.0,1.0
1.0,34.17,5.25,2.0,9.0,4.0,0.085,0.0,0.0,0.0,1.0,2.0,290.0,7.0,1.0
1.0,22.17,0.585,1.0,1.0,1.0,0.0,0.0,0.0,0.0,0.0,2.0,100.0,1.0,0.0
1.0,27.75,1.29,2.0,4.0,8.0,0.25,0.0,0.0,0.0,1.0,1.0,140.0,1.0,0.0
1.0,42.75,4.085,2.0,6.0,4.0,0.04,0.0,0.0,0.0,0.0,2.0,108.0,101.0,0.0
1.0,28.67,14.5,2.0,2.0,4.0,0.125,0.0,0.0,0.0,0.0,2.0,0.0,287.0,0.0
1.0,36.25,5.0,2.0,8.0,5.0,2.5,1.0,1.0,6.0,0.0,2.0,0.0,368.0,1.0
0.0,18.17,10.0,1.0,11.0,8.0,0.165,0.0,0.0,0.0,0.0,2.0,340.0,1.0,0.0
1.0,21.25,1.5,2.0,9.0,4.0,1.5,0.0,0.0,0.0,0.0,2.0,150.0,9.0,1.0
0.0,38.92,1.665,2.0,6.0,4.0,0.25,0.0,0.0,0.0,0.0,2.0,0.0,391.0,0.0
1.0,31.83,0.04,1.0,7.0,4.0,0.04,0.0,0.0,0.0,0.0,2.0,0.0,1.0,0.0
0.0,17.33,9.5,2.0,6.0,4.0,1.75,0.0,1.0,10.0,1.0,2.0,0.0,11.0,0.0
0.0,20.42,0.835,2.0,11.0,4.0,1.585,1.0,1.0,1.0,0.0,2.0,0.0,1.0,1.0
0.0,39.08,4.0,2.0,8.0,4.0,3.0,0.0,0.0,0.0,0.0,2.0,480.0,1.0,0.0
1.0,38.67,0.21,2.0,4.0,4.0,0.085,1.0,0.0,0.0,1.0,2.0,280.0,1.0,1.0
1.0,27.67,13.75,2.0,9.0,4.0,5.75,1.0,0.0,0.0,1.0,2.0,487.0,501.0,1.0
1.0,27.75,0.585,1.0,13.0,4.0,0.25,1.0,1.0,2.0,0.0,2.0,260.0,501.0,1.0
1.0,19.0,0.0,1.0,1.0,1.0,0.0,0.0,1.0,4.0,0.0,2.0,45.0,2.0,0.0
0.0,25.0,0.875,2.0,14.0,8.0,1.04,1.0,0.0,0.0,1.0,2.0,160.0,5861.0,1.0
1.0,27.67,2.0,2.0,14.0,8.0,1.0,1.0,1.0,4.0,0.0,2.0,140.0,7545.0,1.0
1.0,22.25,9.0,2.0,6.0,4.0,0.085,0.0,0.0,0.0,0.0,2.0,0.0,1.0,0.0
0.0,49.83,13.585,2.0,4.0,8.0,8.5,1.0,0.0,0.0,1.0,2.0,0.0,1.0,1.0
1.0,32.33,2.5,2.0,8.0,4.0,1.25,0.0,0.0,0.0,1.0,2.0,280.0,1.0,0.0
1.0,38.25,10.125,1.0,4.0,4.0,0.125,0.0,0.0,0.0,0.0,2.0,160.0,1.0,0.0
1.0,47.33,6.5,2.0,8.0,4.0,1.0,0.0,0.0,0.0,1.0,2.0,0.0,229.0,0.0
1.0,27.83,4.0,1.0,3.0,8.0,5.75,1.0,1.0,2.0,1.0,2.0,75.0,1.0,0.0
0.0,35.75,0.915,2.0,6.0,4.0,0.75,1.0,1.0,4.0,0.0,2.0,0.0,1584.0,1.0
1.0,33.58,0.25,2.0,3.0,5.0,4.0,0.0,0.0,0.0,1.0,1.0,420.0,1.0,0.0
1.0,34.08,0.08,1.0,7.0,5.0,0.04,1.0,1.0,1.0,1.0,2.0,280.0,2001.0,1.0
0.0,20.75,10.335,2.0,13.0,8.0,0.335,1.0,1.0,1.0,1.0,2.0,80.0,51.0,1.0
1.0,33.17,1.0,2.0,14.0,4.0,0.75,1.0,1.0,7.0,1.0,2.0,340.0,4072.0,1.0
1.0,22.75,11.0,2.0,11.0,4.0,2.5,1.0,1.0,7.0,1.0,2.0,100.0,810.0,1.0
1.0,48.75,8.5,2.0,8.0,8.0,12.5,1.0,1.0,9.0,0.0,2.0,181.0,1656.0,1.0
1.0,40.58,5.0,2.0,8.0,4.0,5.0,1.0,1.0,7.0,0.0,2.0,0.0,3066.0,1.0
1.0,20.67,0.835,1.0,8.0,4.0,2.0,0.0,0.0,0.0,1.0,1.0,240.0,1.0,0.0
0.0,38.75,1.5,2.0,1.0,1.0,0.0,0.0,0.0,0.0,0.0,2.0,76.0,1.0,0.0
0.0,57.08,19.5,2.0,8.0,4.0,5.5,1.0,1.0,7.0,0.0,2.0,0.0,3001.0,1.0
0.0,31.25,3.75,2.0,13.0,8.0,0.625,1.0,1.0,9.0,1.0,2.0,181.0,1.0,1.0
1.0,22.0,0.79,2.0,9.0,4.0,0.29,0.0,1.0,1.0,0.0,2.0,420.0,284.0,0.0
0.0,58.33,10.0,2.0,11.0,4.0,4.0,1.0,1.0,14.0,0.0,2.0,0.0,1603.0,1.0
1.0,28.92,0.375,2.0,8.0,4.0,0.29,0.0,0.0,0.0,0.0,2.0,220.0,141.0,0.0
0.0,46.0,4.0,2.0,5.0,3.0,0.0,1.0,0.0,0.0,0.0,2.0,100.0,961.0,1.0
1.0,21.0,3.0,1.0,2.0,4.0,1.085,1.0,1.0,8.0,1.0,2.0,160.0,2.0,1.0
0.0,24.75,12.5,2.0,6.0,4.0,1.5,1.0,1.0,12.0,1.0,2.0,120.0,568.0,1.0
0.0,20.83,0.5,1.0,10.0,2.0,1.0,0.0,0.0,0.0,0.0,2.0,260.0,1.0,0.0
1.0,24.58,13.5,1.0,1.0,1.0,0.0,0.0,0.0,0.0,0.0,2.0,184.0,1.0,0.0
0.0,26.5,2.71,1.0,8.0,4.0,0.085,0.0,0.0,0.0,0.0,1.0,80.0,1.0,0.0
1.0,40.92,0.835,2.0,1.0,1.0,0.0,1.0,0.0,0.0,0.0,2.0,130.0,2.0,0.0
0.0,38.33,4.415,2.0,8.0,4.0,0.125,0.0,0.0,0.0,0.0,2.0,160.0,1.0,0.0
1.0,19.58,0.585,2.0,1.0,1.0,0.0,0.0,1.0,3.0,0.0,2.0,350.0,770.0,0.0
1.0,39.25,9.5,2.0,7.0,4.0,6.5,1.0,1.0,14.0,0.0,2.0,240.0,4608.0,1.0
1.0,25.75,0.5,2.0,8.0,4.0,1.46,1.0,1.0,5.0,1.0,2.0,312.0,1.0,1.0
0.0,46.08,3.0,2.0,8.0,4.0,2.375,1.0,1.0,8.0,1.0,2.0,396.0,4160.0,1.0
1.0,19.67,10.0,1.0,4.0,8.0,0.835,1.0,0.0,0.0,1.0,2.0,140.0,1.0,0.0
0.0,22.25,1.25,1.0,1.0,1.0,3.25,0.0,0.0,0.0,0.0,2.0,280.0,1.0,0.0
1.0,18.83,3.54,1.0,1.0,1.0,0.0,0.0,0.0,0.0,1.0,2.0,180.0,2.0,0.0
1.0,64.08,20.0,2.0,14.0,8.0,17.5,1.0,1.0,9.0,1.0,2.0,0.0,1001.0,1.0
0.0,16.5,1.25,2.0,11.0,4.0,0.25,0.0,1.0,1.0,0.0,2.0,108.0,99.0,0.0
0.0,68.67,15.0,2.0,10.0,9.0,0.0,1.0,1.0,14.0,0.0,2.0,0.0,3377.0,1.0
1.0,76.75,22.29,2.0,10.0,9.0,12.75,1.0,1.0,1.0,1.0,2.0,0.0,110.0,1.0
0.0,15.92,2.875,2.0,11.0,4.0,0.085,0.0,0.0,0.0,0.0,2.0,120.0,1.0,0.0
1.0,34.83,4.0,2.0,2.0,5.0,12.5,1.0,0.0,0.0,1.0,2.0,184.0,1.0,0.0
0.0,47.42,8.0,2.0,10.0,5.0,6.5,1.0,1.0,6.0,0.0,2.0,375.0,51101.0,1.0
1.0,23.17,0.0,2.0,8.0,4.0,0.0,0.0,0.0,0.0,0.0,3.0,184.0,1.0,1.0
1.0,45.17,1.5,2.0,8.0,4.0,2.5,1.0,0.0,0.0,1.0,2.0,140.0,1.0,0.0
1.0,15.17,7.0,2.0,10.0,4.0,1.0,0.0,0.0,0.0,0.0,2.0,600.0,1.0,0.0
1.0,18.83,0.415,1.0,8.0,4.0,0.165,0.0,1.0,1.0,0.0,2.0,200.0,2.0,0.0
1.0,52.5,6.5,2.0,4.0,4.0,6.29,1.0,1.0,15.0,0.0,2.0,0.0,11203.0,1.0
1.0,19.17,0.0,1.0,7.0,5.0,0.0,0.0,0.0,0.0,1.0,1.0,500.0,2.0,1.0
1.0,18.0,0.165,2.0,11.0,7.0,0.21,0.0,0.0,0.0,0.0,2.0,200.0,41.0,1.0
1.0,37.5,0.835,2.0,10.0,4.0,0.04,0.0,0.0,0.0,0.0,2.0,120.0,6.0,0.0
1.0,22.67,1.585,1.0,9.0,4.0,3.085,1.0,1.0,6.0,0.0,2.0,80.0,1.0,1.0
1.0,47.83,4.165,2.0,14.0,5.0,0.085,0.0,0.0,0.0,1.0,2.0,520.0,1.0,0.0
1.0,34.08,2.5,2.0,8.0,4.0,1.0,0.0,0.0,0.0,0.0,2.0,460.0,17.0,0.0
0.0,33.08,1.625,2.0,2.0,4.0,0.54,0.0,0.0,0.0,1.0,2.0,0.0,1.0,0.0
1.0,43.08,0.375,1.0,8.0,4.0,0.375,1.0,1.0,8.0,1.0,2.0,300.0,163.0,1.0
1.0,34.5,4.04,1.0,3.0,5.0,8.5,1.0,1.0,7.0,1.0,2.0,195.0,1.0,1.0
1.0,42.75,3.0,2.0,3.0,5.0,1.0,1.0,0.0,0.0,0.0,2.0,0.0,201.0,0.0
1.0,18.25,0.165,2.0,2.0,4.0,0.25,0.0,0.0,0.0,1.0,1.0,280.0,1.0,0.0
1.0,23.08,2.5,2.0,1.0,1.0,0.085,0.0,0.0,0.0,1.0,2.0,100.0,4209.0,0.0
0.0,22.5,8.46,1.0,14.0,4.0,2.46,0.0,0.0,0.0,0.0,2.0,164.0,1.0,1.0
1.0,17.92,0.205,2.0,6.0,4.0,0.04,0.0,0.0,0.0,0.0,2.0,280.0,751.0,0.0
1.0,18.42,10.415,1.0,6.0,4.0,0.125,1.0,0.0,0.0,0.0,2.0,120.0,376.0,0.0
0.0,27.67,1.5,2.0,7.0,4.0,2.0,1.0,0.0,0.0,0.0,1.0,368.0,1.0,0.0
0.0,18.92,9.25,1.0,8.0,4.0,1.0,1.0,1.0,4.0,1.0,2.0,80.0,501.0,1.0
1.0,22.67,0.75,2.0,3.0,4.0,1.585,0.0,1.0,1.0,1.0,2.0,400.0,10.0,0.0
1.0,62.5,12.75,1.0,8.0,8.0,5.0,1.0,0.0,0.0,0.0,2.0,112.0,1.0,0.0
0.0,23.5,9.0,2.0,11.0,4.0,8.5,1.0,1.0,5.0,1.0,2.0,120.0,1.0,1.0
1.0,35.25,3.165,2.0,14.0,8.0,3.75,1.0,0.0,0.0,1.0,2.0,680.0,1.0,0.0
0.0,56.83,4.25,1.0,1.0,1.0,5.0,0.0,0.0,0.0,1.0,2.0,0.0,5.0,0.0
0.0,53.33,0.165,2.0,1.0,1.0,0.0,0.0,0.0,0.0,1.0,1.0,62.0,28.0,0.0
1.0,41.17,4.04,2.0,13.0,8.0,7.0,1.0,1.0,8.0,0.0,2.0,320.0,1.0,1.0
1.0,42.17,5.04,2.0,11.0,8.0,12.75,1.0,0.0,0.0,1.0,2.0,92.0,1.0,1.0
1.0,41.17,1.25,1.0,9.0,4.0,0.25,0.0,0.0,0.0,0.0,2.0,0.0,196.0,0.0
0.0,33.75,0.75,2.0,4.0,5.0,1.0,1.0,1.0,3.0,1.0,2.0,212.0,1.0,0.0
1.0,25.67,12.5,2.0,13.0,4.0,1.21,1.0,1.0,67.0,1.0,2.0,140.0,259.0,1.0
1.0,24.33,6.625,1.0,2.0,4.0,5.5,1.0,0.0,0.0,1.0,1.0,100.0,1.0,1.0
1.0,23.33,11.625,1.0,9.0,4.0,0.835,1.0,0.0,0.0,1.0,2.0,160.0,301.0,1.0
1.0,30.67,2.5,2.0,13.0,8.0,2.25,0.0,0.0,0.0,1.0,1.0,340.0,1.0,0.0
1.0,37.17,4.0,2.0,8.0,5.0,5.0,1.0,0.0,0.0,1.0,1.0,280.0,1.0,0.0
1.0,26.25,1.54,2.0,9.0,4.0,0.125,0.0,0.0,0.0,0.0,2.0,100.0,1.0,0.0
0.0,29.75,0.665,2.0,9.0,4.0,0.25,0.0,0.0,0.0,1.0,2.0,300.0,1.0,0.0
0.0,23.0,1.835,2.0,5.0,3.0,0.0,0.0,1.0,1.0,0.0,2.0,200.0,54.0,0.0
1.0,17.25,3.0,2.0,4.0,4.0,0.04,0.0,0.0,0.0,1.0,2.0,160.0,41.0,0.0
1.0,29.25,14.79,2.0,6.0,4.0,5.04,1.0,1.0,5.0,1.0,2.0,168.0,1.0,1.0
0.0,28.58,3.54,2.0,3.0,5.0,0.5,1.0,0.0,0.0,1.0,2.0,171.0,1.0,0.0
1.0,34.58,0.0,2.0,8.0,4.0,0.0,0.0,0.0,0.0,0.0,3.0,184.0,1.0,0.0
1.0,23.42,0.585,2.0,8.0,8.0,0.085,1.0,0.0,0.0,0.0,2.0,180.0,1.0,0.0
1.0,25.0,11.25,2.0,8.0,4.0,2.5,1.0,1.0,17.0,0.0,2.0,200.0,1209.0,1.0
0.0,18.75,7.5,2.0,11.0,4.0,2.71,1.0,1.0,5.0,0.0,2.0,184.0,26727.0,1.0
1.0,17.08,0.25,2.0,11.0,4.0,0.335,0.0,1.0,4.0,0.0,2.0,160.0,9.0,0.0
0.0,16.08,0.335,2.0,1.0,1.0,0.0,0.0,1.0,1.0,0.0,2.0,160.0,127.0,0.0
1.0,32.92,2.5,2.0,6.0,4.0,1.75,0.0,1.0,2.0,1.0,2.0,720.0,1.0,0.0
0.0,20.33,10.0,2.0,8.0,8.0,1.0,1.0,1.0,4.0,0.0,2.0,50.0,1466.0,1.0
0.0,21.75,1.75,1.0,5.0,3.0,0.0,0.0,0.0,0.0,0.0,2.0,160.0,1.0,0.0
1.0,33.17,1.04,2.0,12.0,8.0,6.5,1.0,0.0,0.0,1.0,2.0,164.0,31286.0,1.0
0.0,25.33,2.085,2.0,8.0,8.0,2.75,1.0,0.0,0.0,1.0,2.0,360.0,2.0,0.0
0.0,24.75,3.0,2.0,11.0,8.0,1.835,1.0,1.0,19.0,0.0,2.0,0.0,501.0,1.0
1.0,30.83,0.0,2.0,9.0,4.0,1.25,1.0,1.0,1.0,0.0,2.0,202.0,1.0,1.0
1.0,20.75,5.085,1.0,5.0,4.0,0.29,0.0,0.0,0.0,0.0,2.0,140.0,185.0,0.0
0.0,40.33,8.125,1.0,4.0,4.0,0.165,0.0,1.0,2.0,0.0,2.0,184.0,19.0,0.0
1.0,29.42,1.25,2.0,8.0,8.0,0.25,0.0,1.0,2.0,1.0,2.0,400.0,109.0,0.0
1.0,40.92,0.5,1.0,7.0,4.0,0.5,0.0,0.0,0.0,1.0,2.0,130.0,1.0,0.0
0.0,29.5,0.46,2.0,4.0,4.0,0.54,1.0,1.0,4.0,0.0,2.0,380.0,501.0,1.0
1.0,54.42,0.5,1.0,4.0,8.0,3.96,1.0,0.0,0.0,0.0,2.0,180.0,315.0,1.0
1.0,34.0,5.5,1.0,8.0,4.0,1.5,0.0,0.0,0.0,1.0,2.0,60.0,1.0,0.0
1.0,25.0,12.0,2.0,4.0,4.0,2.25,1.0,1.0,2.0,1.0,2.0,120.0,6.0,0.0
0.0,26.58,2.54,1.0,1.0,1.0,0.0,0.0,0.0,0.0,1.0,2.0,180.0,61.0,0.0
0.0,33.08,4.625,2.0,11.0,8.0,1.625,1.0,1.0,2.0,0.0,2.0,0.0,1.0,1.0
1.0,33.67,2.165,2.0,8.0,4.0,1.5,0.0,0.0,0.0,0.0,3.0,120.0,1.0,0.0
1.0,36.17,5.5,2.0,3.0,5.0,5.0,0.0,0.0,0.0,0.0,2.0,210.0,688.0,0.0
1.0,19.5,0.29,2.0,4.0,4.0,0.29,0.0,0.0,0.0,0.0,2.0,280.0,365.0,0.0
1.0,24.17,0.875,2.0,11.0,4.0,4.625,1.0,1.0,2.0,1.0,2.0,520.0,2001.0,1.0
0.0,30.5,6.5,2.0,8.0,5.0,4.0,1.0,1.0,7.0,1.0,2.0,0.0,3066.0,1.0
1.0,20.0,7.0,2.0,8.0,4.0,0.5,0.0,0.0,0.0,0.0,2.0,0.0,1.0,0.0
1.0,25.33,0.58,2.0,8.0,4.0,0.29,1.0,1.0,7.0,1.0,2.0,96.0,5125.0,1.0
1.0,29.58,4.75,2.0,7.0,4.0,2.0,0.0,1.0,1.0,1.0,2.0,460.0,69.0,0.0
1.0,43.17,2.25,2.0,3.0,5.0,0.75,1.0,0.0,0.0,0.0,2.0,560.0,1.0,0.0
1.0,28.75,1.165,2.0,4.0,4.0,0.5,1.0,0.0,0.0,0.0,1.0,280.0,1.0,0.0
1.0,31.57,3.0,1.0,3.0,5.0,7.0,0.0,0.0,0.0,0.0,2.0,0.0,2.0,0.0
1.0,20.25,9.96,2.0,10.0,2.0,0.0,1.0,0.0,0.0,0.0,2.0,0.0,1.0,1.0
1.0,45.0,8.5,2.0,13.0,8.0,14.0,1.0,1.0,1.0,1.0,2.0,88.0,2001.0,1.0
0.0,22.83,2.29,2.0,11.0,8.0,2.29,1.0,1.0,7.0,1.0,2.0,140.0,2385.0,1.0
0.0,20.67,3.0,2.0,11.0,4.0,0.165,1.0,1.0,3.0,0.0,2.0,100.0,7.0,1.0
1.0,27.83,1.5,2.0,9.0,4.0,2.25,0.0,1.0,1.0,1.0,2.0,100.0,4.0,0.0
1.0,40.92,2.25,1.0,14.0,8.0,10.0,1.0,0.0,0.0,1.0,2.0,176.0,1.0,0.0
1.0,56.42,28.0,1.0,8.0,4.0,28.5,1.0,1.0,40.0,0.0,2.0,0.0,16.0,1.0
0.0,64.08,0.165,2.0,1.0,1.0,0.0,1.0,1.0,1.0,0.0,2.0,232.0,101.0,1.0
0.0,22.42,11.25,1.0,14.0,8.0,0.75,1.0,1.0,4.0,0.0,2.0,0.0,322.0,1.0
0.0,24.33,2.5,1.0,3.0,5.0,4.5,0.0,0.0,0.0,0.0,2.0,200.0,457.0,0.0
0.0,69.5,6.0,2.0,1.0,1.0,0.0,0.0,0.0,0.0,0.0,1.0,0.0,1.0,0.0
1.0,35.58,0.75,2.0,4.0,4.0,1.5,0.0,0.0,0.0,1.0,2.0,231.0,1.0,0.0
1.0,48.33,12.0,2.0,7.0,4.0,16.0,1.0,0.0,0.0,0.0,1.0,110.0,1.0,1.0
0.0,28.08,15.0,1.0,10.0,9.0,0.0,1.0,0.0,0.0,0.0,2.0,0.0,13213.0,1.0
1.0,35.17,2.5,2.0,4.0,4.0,4.5,1.0,1.0,7.0,0.0,2.0,150.0,1271.0,1.0
1.0,49.5,7.585,2.0,3.0,5.0,7.585,1.0,1.0,15.0,1.0,2.0,0.0,5001.0,1.0
1.0,80.25,5.5,2.0,8.0,4.0,0.54,1.0,0.0,0.0,0.0,2.0,0.0,341.0,0.0
1.0,29.25,13.0,2.0,2.0,8.0,0.5,0.0,0.0,0.0,0.0,2.0,228.0,1.0,0.0
0.0,16.92,0.5,2.0,3.0,4.0,0.165,0.0,1.0,6.0,1.0,2.0,240.0,36.0,0.0
0.0,16.0,0.165,2.0,6.0,4.0,1.0,0.0,1.0,2.0,1.0,2.0,320.0,2.0,0.0
1.0,60.08,14.5,2.0,1.0,1.0,18.0,1.0,1.0,15.0,1.0,2.0,0.0,1001.0,1.0
1.0,28.0,2.0,2.0,4.0,8.0,4.165,1.0,1.0,2.0,1.0,2.0,181.0,1.0,1.0
1.0,41.5,1.54,2.0,3.0,5.0,3.5,0.0,0.0,0.0,0.0,2.0,216.0,1.0,1.0
1.0,24.08,9.0,2.0,6.0,4.0,0.25,0.0,0.0,0.0,1.0,2.0,0.0,1.0,0.0
1.0,24.5,13.335,1.0,6.0,4.0,0.04,0.0,0.0,0.0,1.0,2.0,120.0,476.0,0.0
1.0,34.75,15.0,2.0,12.0,7.0,5.375,1.0,1.0,9.0,1.0,2.0,0.0,135.0,1.0
1.0,33.67,1.25,2.0,9.0,4.0,1.165,0.0,0.0,0.0,0.0,2.0,120.0,1.0,0.0
0.0,40.83,10.0,2.0,11.0,8.0,1.75,1.0,0.0,0.0,0.0,2.0,29.0,838.0,1.0
1.0,20.42,1.835,2.0,8.0,4.0,2.25,1.0,1.0,1.0,0.0,2.0,100.0,151.0,1.0
1.0,37.5,1.125,1.0,2.0,4.0,1.5,0.0,0.0,0.0,1.0,2.0,431.0,1.0,1.0
1.0,48.5,4.25,2.0,7.0,4.0,0.125,1.0,0.0,0.0,1.0,2.0,225.0,1.0,1.0
1.0,23.0,0.75,2.0,7.0,4.0,0.5,0.0,0.0,0.0,1.0,1.0,320.0,1.0,0.0
1.0,35.0,3.375,2.0,8.0,8.0,8.29,0.0,0.0,0.0,1.0,2.0,0.0,1.0,0.0
1.0,16.33,2.75,2.0,6.0,4.0,0.665,0.0,1.0,1.0,0.0,2.0,80.0,22.0,0.0
1.0,22.67,10.5,2.0,11.0,8.0,1.335,1.0,0.0,0.0,0.0,2.0,100.0,1.0,1.0
0.0,21.75,11.75,2.0,8.0,4.0,0.25,0.0,0.0,0.0,1.0,2.0,180.0,1.0,0.0
0.0,25.08,2.54,1.0,6.0,4.0,0.25,1.0,0.0,0.0,1.0,2.0,370.0,1.0,1.0
1.0,36.33,2.125,1.0,9.0,4.0,0.085,1.0,1.0,1.0,0.0,2.0,50.0,1188.0,1.0
0.0,28.58,3.75,2.0,8.0,4.0,0.25,0.0,1.0,1.0,1.0,2.0,40.0,155.0,0.0
1.0,22.17,12.125,2.0,8.0,4.0,3.335,0.0,1.0,2.0,1.0,2.0,180.0,174.0,0.0
1.0,34.17,1.54,2.0,13.0,4.0,1.54,1.0,1.0,1.0,1.0,2.0,520.0,50001.0,1.0
1.0,35.0,2.5,2.0,3.0,4.0,1.0,0.0,0.0,0.0,1.0,2.0,210.0,1.0,0.0
1.0,28.58,3.625,2.0,6.0,4.0,0.25,0.0,0.0,0.0,1.0,2.0,100.0,1.0,0.0
0.0,19.17,5.415,2.0,3.0,8.0,0.29,0.0,0.0,0.0,0.0,2.0,80.0,485.0,0.0
1.0,23.25,1.0,2.0,8.0,4.0,0.835,1.0,0.0,0.0,0.0,1.0,300.0,1.0,1.0
1.0,16.5,0.125,2.0,8.0,4.0,0.165,0.0,0.0,0.0,0.0,2.0,132.0,1.0,0.0
0.0,20.08,0.125,2.0,11.0,4.0,1.0,0.0,1.0,1.0,0.0,2.0,240.0,769.0,1.0
1.0,22.33,11.0,2.0,9.0,4.0,2.0,1.0,1.0,1.0,0.0,2.0,80.0,279.0,1.0
1.0,34.0,5.085,1.0,3.0,5.0,1.085,0.0,0.0,0.0,1.0,2.0,480.0,1.0,0.0
0.0,57.08,0.335,2.0,3.0,5.0,1.0,1.0,0.0,0.0,1.0,2.0,252.0,2198.0,0.0
1.0,16.25,0.835,2.0,7.0,4.0,0.085,1.0,0.0,0.0,0.0,1.0,200.0,1.0,0.0
1.0,32.83,2.5,2.0,13.0,8.0,2.75,1.0,1.0,6.0,0.0,2.0,160.0,2073.0,1.0
1.0,48.25,25.085,2.0,9.0,4.0,1.75,1.0,1.0,3.0,0.0,2.0,120.0,15.0,1.0
1.0,34.17,2.75,2.0,3.0,5.0,2.5,0.0,0.0,0.0,1.0,2.0,232.0,201.0,0.0
1.0,18.33,1.21,1.0,10.0,2.0,0.0,0.0,0.0,0.0,0.0,2.0,100.0,1.0,0.0
1.0,44.25,0.5,2.0,7.0,4.0,10.75,1.0,0.0,0.0,0.0,1.0,400.0,1.0,0.0
1.0,38.92,1.75,2.0,4.0,4.0,0.5,0.0,0.0,0.0,1.0,2.0,300.0,3.0,0.0
1.0,31.58,0.75,1.0,6.0,4.0,3.5,0.0,0.0,0.0,1.0,2.0,320.0,1.0,0.0
1.0,25.08,1.71,2.0,14.0,4.0,1.665,1.0,1.0,1.0,1.0,2.0,395.0,21.0,1.0
1.0,65.42,11.0,2.0,10.0,9.0,20.0,1.0,1.0,7.0,1.0,2.0,22.0,1.0,1.0
1.0,41.33,0.0,2.0,8.0,5.0,15.0,1.0,0.0,0.0,0.0,2.0,0.0,1.0,1.0
1.0,31.25,1.125,2.0,1.0,1.0,0.0,0.0,1.0,1.0,0.0,2.0,96.0,20.0,0.0
0.0,36.75,4.71,2.0,1.0,1.0,0.0,0.0,0.0,0.0,0.0,2.0,160.0,1.0,0.0
1.0,32.33,7.5,2.0,10.0,5.0,1.585,1.0,0.0,0.0,1.0,1.0,420.0,1.0,0.0
0.0,31.92,3.125,2.0,1.0,1.0,3.04,0.0,1.0,2.0,1.0,2.0,200.0,5.0,0.0
1.0,24.83,2.75,2.0,8.0,4.0,2.25,1.0,1.0,6.0,0.0,2.0,184.0,601.0,1.0
1.0,21.92,0.54,1.0,14.0,4.0,0.04,1.0,1.0,1.0,1.0,2.0,840.0,60.0,1.0
1.0,34.25,3.0,2.0,13.0,8.0,7.415,1.0,0.0,0.0,1.0,2.0,0.0,1.0,1.0
1.0,51.83,3.0,1.0,1.0,1.0,1.5,0.0,0.0,0.0,0.0,2.0,180.0,5.0,0.0
0.0,31.57,1.5,2.0,1.0,1.0,0.0,0.0,1.0,2.0,1.0,2.0,200.0,106.0,0.0
1.0,38.42,0.705,2.0,8.0,4.0,0.375,0.0,1.0,2.0,0.0,2.0,225.0,501.0,0.0
1.0,39.17,1.71,2.0,14.0,4.0,0.125,1.0,1.0,5.0,1.0,2.0,480.0,1.0,1.0
1.0,18.17,2.46,2.0,8.0,7.0,0.96,0.0,1.0,2.0,1.0,2.0,160.0,588.0,0.0
1.0,39.0,5.0,2.0,13.0,4.0,3.5,1.0,1.0,10.0,1.0,2.0,0.0,1.0,1.0
1.0,20.0,11.045,2.0,8.0,4.0,2.0,0.0,0.0,0.0,1.0,2.0,136.0,1.0,0.0
1.0,32.75,2.335,2.0,2.0,8.0,5.75,0.0,0.0,0.0,1.0,2.0,292.0,1.0,0.0
1.0,18.58,5.71,2.0,2.0,4.0,0.54,0.0,0.0,0.0,0.0,2.0,120.0,1.0,0.0
0.0,15.83,7.625,2.0,11.0,4.0,0.125,0.0,1.0,1.0,1.0,2.0,0.0,161.0,0.0
1.0,39.33,5.875,2.0,13.0,8.0,10.0,1.0,1.0,14.0,1.0,2.0,399.0,1.0,1.0
0.0,19.58,0.665,2.0,9.0,4.0,1.665,0.0,0.0,0.0,0.0,2.0,220.0,6.0,0.0
1.0,21.33,10.5,2.0,8.0,4.0,3.0,1.0,0.0,0.0,1.0,2.0,0.0,1.0,1.0
0.0,22.67,0.75,2.0,8.0,4.0,2.0,0.0,1.0,2.0,1.0,2.0,200.0,395.0,0.0
1.0,25.67,3.25,2.0,8.0,8.0,2.29,0.0,1.0,1.0,1.0,2.0,416.0,22.0,0.0
1.0,21.08,10.085,1.0,10.0,8.0,1.25,0.0,0.0,0.0,0.0,2.0,260.0,1.0,0.0
0.0,49.0,1.5,2.0,5.0,3.0,0.0,1.0,0.0,0.0,1.0,2.0,100.0,28.0,0.0
1.0,20.67,5.29,2.0,11.0,4.0,0.375,1.0,1.0,1.0,0.0,2.0,160.0,1.0,0.0
0.0,19.67,0.21,2.0,11.0,8.0,0.29,1.0,1.0,11.0,0.0,2.0,80.0,100.0,1.0
1.0,21.83,0.25,2.0,2.0,8.0,0.665,1.0,0.0,0.0,1.0,2.0,0.0,1.0,1.0
1.0,26.83,0.54,2.0,4.0,1.0,0.0,0.0,0.0,0.0,0.0,2.0,100.0,1.0,0.0
0.0,38.58,5.0,2.0,13.0,4.0,13.5,1.0,0.0,0.0,1.0,2.0,980.0,1.0,0.0
0.0,50.08,12.54,2.0,6.0,4.0,2.29,1.0,1.0,3.0,1.0,2.0,156.0,1.0,1.0
0.0,15.75,0.375,2.0,8.0,4.0,1.0,0.0,0.0,0.0,0.0,2.0,120.0,19.0,0.0
0.0,24.5,12.75,2.0,8.0,5.0,4.75,1.0,1.0,2.0,0.0,2.0,73.0,445.0,1.0
1.0,21.0,4.79,1.0,9.0,4.0,2.25,1.0,1.0,1.0,1.0,2.0,80.0,301.0,1.0
1.0,22.08,11.0,2.0,13.0,4.0,0.665,1.0,0.0,0.0,0.0,2.0,100.0,1.0,1.0
1.0,54.58,9.415,2.0,1.0,1.0,14.415,1.0,1.0,11.0,1.0,2.0,30.0,301.0,1.0
1.0,18.08,5.5,2.0,4.0,4.0,0.5,1.0,0.0,0.0,0.0,2.0,80.0,1.0,1.0
1.0,36.67,4.415,1.0,4.0,4.0,0.25,1.0,1.0,10.0,1.0,2.0,320.0,1.0,1.0
1.0,38.17,10.125,2.0,14.0,4.0,2.5,1.0,1.0,6.0,0.0,2.0,520.0,197.0,1.0
1.0,21.83,1.54,2.0,4.0,4.0,0.085,0.0,0.0,0.0,1.0,2.0,356.0,1.0,0.0
0.0,51.92,6.5,2.0,3.0,5.0,3.085,0.0,0.0,0.0,1.0,2.0,73.0,1.0,0.0
1.0,22.17,2.25,2.0,3.0,4.0,0.125,0.0,0.0,0.0,0.0,2.0,160.0,11.0,0.0
1.0,52.42,1.5,2.0,2.0,4.0,3.75,0.0,0.0,0.0,1.0,2.0,0.0,351.0,0.0
0.0,60.92,5.0,2.0,6.0,4.0,4.0,1.0,1.0,4.0,0.0,2.0,0.0,100.0,1.0
1.0,20.17,5.625,2.0,9.0,4.0,1.71,1.0,0.0,0.0,0.0,1.0,120.0,1.0,1.0
1.0,23.25,4.0,2.0,8.0,5.0,0.25,1.0,0.0,0.0,1.0,2.0,160.0,1.0,1.0
1.0,36.17,0.42,1.0,9.0,4.0,0.29,0.0,0.0,0.0,1.0,2.0,309.0,3.0,0.0
0.0,42.25,1.75,1.0,8.0,4.0,0.0,0.0,0.0,0.0,1.0,2.0,150.0,2.0,0.0
1.0,23.58,0.835,2.0,3.0,8.0,0.085,0.0,0.0,0.0,1.0,2.0,220.0,6.0,0.0
0.0,36.0,1.0,2.0,8.0,4.0,2.0,1.0,1.0,11.0,0.0,2.0,0.0,457.0,1.0
1.0,39.58,5.0,2.0,1.0,1.0,0.0,0.0,1.0,2.0,0.0,2.0,17.0,2.0,0.0
0.0,18.83,4.415,1.0,8.0,8.0,3.0,1.0,0.0,0.0,0.0,2.0,240.0,1.0,1.0
1.0,27.25,0.625,2.0,6.0,4.0,0.455,1.0,0.0,0.0,1.0,2.0,200.0,1.0,0.0
1.0,32.42,3.0,2.0,2.0,4.0,0.165,0.0,0.0,0.0,1.0,2.0,120.0,1.0,0.0
1.0,19.42,1.5,1.0,13.0,4.0,2.0,1.0,0.0,0.0,1.0,2.0,100.0,21.0,0.0
0.0,22.58,10.75,2.0,11.0,4.0,0.415,1.0,1.0,5.0,1.0,2.0,0.0,561.0,1.0
1.0,39.92,6.21,2.0,11.0,4.0,0.04,1.0,1.0,1.0,0.0,2.0,200.0,301.0,1.0
1.0,22.67,0.165,2.0,8.0,3.0,2.25,0.0,0.0,0.0,1.0,1.0,0.0,1.0,1.0
0.0,23.42,0.79,1.0,11.0,4.0,1.5,1.0,1.0,2.0,1.0,2.0,80.0,401.0,1.0
0.0,30.0,5.29,2.0,10.0,2.0,2.25,1.0,1.0,5.0,1.0,2.0,99.0,501.0,1.0
0.0,40.33,7.54,1.0,11.0,8.0,8.0,1.0,1.0,14.0,0.0,2.0,0.0,2301.0,1.0
0.0,36.75,5.125,2.0,10.0,4.0,5.0,1.0,0.0,0.0,1.0,2.0,0.0,4001.0,1.0
1.0,31.0,2.085,2.0,8.0,4.0,0.085,0.0,0.0,0.0,0.0,2.0,300.0,1.0,0.0
0.0,25.17,2.875,2.0,14.0,8.0,0.875,1.0,0.0,0.0,0.0,2.0,360.0,1.0,1.0
1.0,27.42,12.5,2.0,6.0,5.0,0.25,0.0,0.0,0.0,1.0,2.0,720.0,1.0,0.0
1.0,31.57,4.0,2.0,14.0,4.0,5.0,1.0,1.0,3.0,1.0,2.0,290.0,2280.0,1.0
1.0,34.08,6.5,2.0,6.0,4.0,0.125,1.0,0.0,0.0,1.0,2.0,443.0,1.0,0.0
1.0,22.08,2.335,2.0,4.0,4.0,0.75,0.0,0.0,0.0,0.0,2.0,180.0,1.0,0.0
1.0,31.08,3.085,2.0,8.0,4.0,2.5,0.0,1.0,2.0,1.0,2.0,160.0,42.0,0.0
1.0,31.57,0.5,2.0,8.0,5.0,0.835,1.0,0.0,0.0,1.0,1.0,320.0,1.0,0.0
1.0,16.0,3.125,2.0,9.0,4.0,0.085,0.0,1.0,1.0,0.0,2.0,0.0,7.0,0.0
1.0,27.25,1.665,2.0,13.0,8.0,5.085,1.0,1.0,9.0,0.0,2.0,399.0,828.0,1.0
1.0,25.17,3.0,2.0,8.0,4.0,1.25,0.0,1.0,1.0,0.0,2.0,0.0,23.0,0.0
1.0,67.75,5.5,2.0,10.0,9.0,13.0,1.0,1.0,1.0,1.0,2.0,0.0,1.0,1.0
0.0,18.83,9.5,2.0,9.0,4.0,1.625,1.0,1.0,6.0,1.0,2.0,40.0,601.0,1.0
0.0,27.25,0.29,2.0,7.0,8.0,0.125,0.0,1.0,1.0,1.0,2.0,272.0,109.0,0.0
0.0,19.58,0.665,1.0,8.0,4.0,1.0,0.0,1.0,1.0,0.0,2.0,2000.0,3.0,0.0
1.0,30.75,1.585,2.0,2.0,4.0,0.585,0.0,0.0,0.0,1.0,1.0,0.0,1.0,0.0
0.0,50.25,0.835,2.0,6.0,4.0,0.5,0.0,0.0,0.0,1.0,2.0,240.0,118.0,0.0
1.0,31.08,1.5,1.0,9.0,4.0,0.04,0.0,0.0,0.0,0.0,1.0,160.0,1.0,0.0
1.0,51.58,15.0,2.0,8.0,4.0,8.5,1.0,1.0,9.0,0.0,2.0,0.0,1.0,1.0
0.0,36.58,0.29,2.0,1.0,1.0,0.0,0.0,1.0,10.0,0.0,2.0,200.0,19.0,0.0
1.0,33.58,2.75,2.0,7.0,4.0,4.25,1.0,1.0,6.0,0.0,2.0,204.0,1.0,1.0
0.0,20.83,3.0,2.0,6.0,4.0,0.04,1.0,0.0,0.0,0.0,2.0,100.0,1.0,1.0
1.0,36.17,18.125,2.0,9.0,4.0,0.085,0.0,0.0,0.0,0.0,2.0,320.0,3553.0,0.0
1.0,50.75,0.585,2.0,1.0,1.0,0.0,0.0,0.0,0.0,0.0,2.0,145.0,1.0,0.0
0.0,23.58,0.83,2.0,11.0,4.0,0.415,0.0,1.0,1.0,1.0,2.0,200.0,12.0,0.0
1.0,35.17,4.5,2.0,14.0,8.0,5.75,0.0,0.0,0.0,1.0,1.0,711.0,1.0,1.0
0.0,58.42,21.0,2.0,3.0,5.0,10.0,1.0,1.0,13.0,0.0,2.0,0.0,6701.0,1.0
1.0,28.25,0.875,2.0,7.0,4.0,0.96,1.0,1.0,3.0,1.0,2.0,396.0,1.0,1.0
1.0,31.57,0.625,2.0,4.0,4.0,0.25,0.0,0.0,0.0,0.0,2.0,380.0,2011.0,0.0
0.0,31.75,3.0,1.0,5.0,3.0,0.0,0.0,0.0,0.0,0.0,2.0,160.0,21.0,0.0
1.0,19.42,6.5,2.0,9.0,8.0,1.46,1.0,1.0,7.0,0.0,2.0,80.0,2955.0,1.0
1.0,39.08,6.0,2.0,7.0,4.0,1.29,1.0,1.0,5.0,1.0,2.0,108.0,1098.0,1.0
1.0,17.08,3.29,2.0,3.0,4.0,0.335,0.0,0.0,0.0,1.0,2.0,140.0,3.0,0.0
1.0,44.83,7.0,1.0,8.0,4.0,1.625,0.0,0.0,0.0,0.0,2.0,160.0,3.0,0.0
1.0,16.25,0.0,1.0,6.0,4.0,0.25,0.0,0.0,0.0,0.0,2.0,60.0,1.0,0.0
0.0,41.17,6.5,2.0,11.0,4.0,0.5,1.0,1.0,3.0,1.0,2.0,145.0,1.0,1.0
1.0,28.92,15.0,2.0,8.0,8.0,5.335,1.0,1.0,11.0,0.0,2.0,0.0,2284.0,1.0
0.0,26.17,2.0,2.0,5.0,3.0,0.0,0.0,0.0,0.0,1.0,2.0,276.0,2.0,0.0
1.0,38.58,3.335,2.0,9.0,4.0,4.0,1.0,1.0,14.0,0.0,2.0,383.0,1345.0,1.0
1.0,25.17,6.0,2.0,8.0,4.0,1.0,1.0,1.0,3.0,0.0,2.0,0.0,1.0,1.0
0.0,28.17,0.375,2.0,11.0,4.0,0.585,1.0,1.0,4.0,0.0,2.0,80.0,1.0,1.0
1.0,73.42,17.75,2.0,1.0,1.0,0.0,1.0,0.0,0.0,1.0,2.0,0.0,1.0,1.0
1.0,22.5,11.5,1.0,7.0,4.0,1.5,0.0,0.0,0.0,1.0,2.0,0.0,4001.0,0.0
0.0,27.17,1.25,2.0,1.0,1.0,0.0,0.0,1.0,1.0,0.0,2.0,92.0,301.0,0.0
0.0,19.17,8.585,2.0,13.0,8.0,0.75,1.0,1.0,7.0,0.0,2.0,96.0,1.0,1.0
0.0,25.58,0.0,2.0,8.0,4.0,0.0,0.0,0.0,0.0,0.0,3.0,184.0,1.0,1.0
1.0,31.57,0.04,1.0,2.0,4.0,4.25,0.0,0.0,0.0,1.0,2.0,460.0,1.0,0.0
0.0,22.5,8.5,2.0,11.0,4.0,1.75,1.0,1.0,10.0,0.0,2.0,80.0,991.0,0.0
0.0,22.92,1.25,2.0,11.0,4.0,0.25,0.0,0.0,0.0,1.0,2.0,120.0,810.0,0.0
1.0,23.25,12.625,2.0,8.0,4.0,0.125,0.0,1.0,2.0,0.0,2.0,0.0,5553.0,0.0
0.0,29.5,1.085,1.0,14.0,4.0,1.0,0.0,0.0,0.0,0.0,2.0,280.0,14.0,0.0
0.0,32.0,6.0,2.0,2.0,4.0,1.25,0.0,0.0,0.0,0.0,2.0,272.0,1.0,0.0
1.0,27.0,1.5,1.0,9.0,4.0,0.375,1.0,0.0,0.0,1.0,2.0,260.0,1066.0,1.0
1.0,19.33,10.915,2.0,8.0,5.0,0.585,0.0,1.0,2.0,1.0,2.0,200.0,8.0,0.0
1.0,35.75,2.415,2.0,9.0,4.0,0.125,0.0,1.0,2.0,0.0,2.0,220.0,2.0,0.0
1.0,18.83,0.0,2.0,11.0,4.0,0.665,0.0,0.0,0.0,0.0,2.0,160.0,2.0,0.0
0.0,28.75,3.75,2.0,8.0,4.0,1.085,1.0,1.0,1.0,1.0,2.0,371.0,1.0,1.0
1.0,34.42,4.25,2.0,3.0,5.0,3.25,1.0,1.0,2.0,0.0,2.0,274.0,611.0,1.0
0.0,33.25,3.0,1.0,6.0,4.0,2.0,0.0,0.0,0.0,0.0,2.0,180.0,1.0,0.0
1.0,53.92,9.625,2.0,10.0,4.0,8.665,1.0,1.0,5.0,0.0,2.0,0.0,1.0,1.0
1.0,25.25,1.0,2.0,6.0,4.0,0.5,0.0,0.0,0.0,0.0,2.0,200.0,1.0,0.0
1.0,32.42,2.165,1.0,4.0,1.0,0.0,0.0,0.0,0.0,0.0,2.0,120.0,1.0,0.0
0.0,21.08,5.0,1.0,1.0,1.0,0.0,0.0,0.0,0.0,0.0,2.0,0.0,1.0,0.0
0.0,56.5,16.0,2.0,5.0,1.0,0.0,1.0,1.0,15.0,0.0,2.0,0.0,248.0,1.0
1.0,32.25,0.165,1.0,8.0,8.0,3.25,1.0,1.0,1.0,1.0,2.0,432.0,8001.0,1.0
0.0,20.5,11.835,2.0,8.0,8.0,6.0,1.0,0.0,0.0,0.0,2.0,340.0,1.0,1.0
0.0,30.25,5.5,2.0,4.0,4.0,5.5,0.0,0.0,0.0,1.0,1.0,100.0,1.0,0.0
0.0,24.58,0.67,2.0,6.0,8.0,1.75,1.0,0.0,0.0,0.0,2.0,400.0,1.0,0.0
1.0,23.17,11.125,2.0,14.0,8.0,0.46,1.0,1.0,1.0,0.0,2.0,100.0,1.0,1.0
0.0,31.57,11.25,2.0,1.0,1.0,0.0,0.0,0.0,0.0,0.0,2.0,184.0,5201.0,0.0
0.0,32.33,0.54,2.0,13.0,4.0,0.04,1.0,0.0,0.0,0.0,2.0,440.0,11178.0,1.0
1.0,23.92,1.5,2.0,2.0,8.0,1.875,1.0,1.0,6.0,0.0,2.0,200.0,328.0,1.0
1.0,36.75,0.125,1.0,8.0,4.0,1.5,0.0,0.0,0.0,1.0,2.0,232.0,114.0,1.0
1.0,29.83,1.25,1.0,4.0,4.0,0.25,0.0,0.0,0.0,0.0,2.0,224.0,1.0,0.0
0.0,24.08,0.5,2.0,11.0,8.0,1.25,1.0,1.0,1.0,0.0,2.0,0.0,679.0,1.0
1.0,21.17,0.25,1.0,8.0,8.0,0.25,0.0,0.0,0.0,0.0,2.0,280.0,205.0,0.0
1.0,31.42,15.5,2.0,8.0,4.0,0.5,1.0,0.0,0.0,0.0,2.0,120.0,1.0,0.0
1.0,22.83,3.0,2.0,7.0,4.0,1.29,1.0,1.0,1.0,0.0,2.0,260.0,801.0,1.0
1.0,37.5,1.75,1.0,8.0,5.0,0.25,1.0,0.0,0.0,1.0,2.0,164.0,401.0,0.0
0.0,24.83,4.5,2.0,9.0,4.0,1.0,0.0,0.0,0.0,1.0,2.0,360.0,7.0,0.0
1.0,36.33,3.79,2.0,9.0,4.0,1.165,1.0,0.0,0.0,1.0,2.0,200.0,1.0,0.0
0.0,47.25,0.75,2.0,11.0,8.0,2.75,1.0,1.0,1.0,0.0,2.0,333.0,893.0,1.0
1.0,32.08,4.0,1.0,13.0,4.0,1.5,0.0,0.0,0.0,1.0,2.0,120.0,1.0,0.0
0.0,30.58,10.665,2.0,11.0,8.0,0.085,0.0,1.0,12.0,1.0,2.0,129.0,4.0,0.0
1.0,27.83,1.54,2.0,9.0,4.0,3.75,1.0,1.0,5.0,1.0,2.0,100.0,4.0,1.0
1.0,54.83,15.5,2.0,10.0,9.0,0.0,1.0,1.0,20.0,0.0,2.0,152.0,131.0,0.0
1.0,16.08,0.75,2.0,8.0,4.0,1.75,1.0,1.0,5.0,1.0,2.0,352.0,691.0,1.0
1.0,24.58,12.5,2.0,9.0,4.0,0.875,1.0,0.0,0.0,1.0,2.0,260.0,1.0,0.0
1.0,32.67,5.5,2.0,11.0,8.0,5.5,1.0,1.0,12.0,1.0,2.0,408.0,1001.0,1.0
1.0,30.17,0.5,2.0,8.0,4.0,1.75,1.0,1.0,11.0,0.0,2.0,32.0,541.0,1.0
1.0,22.25,0.46,2.0,4.0,4.0,0.125,0.0,0.0,0.0,1.0,2.0,280.0,56.0,0.0
1.0,41.75,0.96,2.0,14.0,4.0,2.5,1.0,0.0,0.0,0.0,2.0,510.0,601.0,1.0
1.0,36.67,2.0,2.0,3.0,4.0,0.25,0.0,0.0,0.0,1.0,2.0,221.0,1.0,0.0
1.0,25.83,12.835,2.0,13.0,4.0,0.5,0.0,0.0,0.0,0.0,2.0,0.0,3.0,0.0
1.0,29.92,1.835,2.0,8.0,8.0,4.335,1.0,0.0,0.0,0.0,2.0,260.0,201.0,1.0
1.0,20.08,0.25,2.0,11.0,4.0,0.125,0.0,0.0,0.0,0.0,2.0,200.0,1.0,0.0
1.0,19.67,0.375,2.0,11.0,4.0,2.0,1.0,1.0,2.0,1.0,2.0,80.0,1.0,1.0
1.0,51.42,0.04,2.0,14.0,8.0,0.04,1.0,0.0,0.0,0.0,2.0,0.0,3001.0,1.0
1.0,62.75,7.0,2.0,10.0,9.0,0.0,0.0,0.0,0.0,0.0,2.0,0.0,13.0,0.0
1.0,40.58,3.29,2.0,7.0,4.0,3.5,0.0,0.0,0.0,1.0,1.0,400.0,1.0,0.0
0.0,16.33,0.21,2.0,6.0,4.0,0.125,0.0,0.0,0.0,0.0,2.0,200.0,2.0,0.0
1.0,29.5,0.58,2.0,9.0,4.0,0.29,0.0,1.0,1.0,0.0,2.0,340.0,2804.0,0.0
1.0,34.0,4.5,2.0,6.0,4.0,1.0,1.0,0.0,0.0,1.0,2.0,240.0,1.0,0.0
0.0,71.58,0.0,2.0,8.0,4.0,0.0,0.0,0.0,0.0,0.0,3.0,184.0,1.0,1.0
1.0,42.0,0.205,2.0,3.0,8.0,5.125,1.0,0.0,0.0,0.0,2.0,400.0,1.0,1.0
0.0,22.5,11.0,1.0,11.0,4.0,3.0,1.0,0.0,0.0,1.0,2.0,268.0,1.0,0.0
1.0,24.42,2.0,2.0,10.0,2.0,0.165,0.0,1.0,2.0,0.0,2.0,320.0,1301.0,0.0
1.0,44.33,0.5,2.0,3.0,8.0,5.0,1.0,0.0,0.0,1.0,2.0,320.0,1.0,1.0
0.0,23.0,11.75,2.0,14.0,8.0,0.5,1.0,1.0,2.0,1.0,2.0,300.0,552.0,1.0
1.0,34.42,1.335,2.0,3.0,5.0,0.125,0.0,0.0,0.0,1.0,2.0,440.0,4501.0,0.0
1.0,23.08,11.5,2.0,3.0,4.0,3.5,1.0,1.0,9.0,0.0,2.0,56.0,743.0,1.0
1.0,25.92,0.875,2.0,4.0,4.0,0.375,0.0,1.0,2.0,1.0,2.0,174.0,4.0,0.0
0.0,17.58,9.0,2.0,6.0,4.0,1.375,1.0,0.0,0.0,1.0,2.0,0.0,1.0,1.0
1.0,20.42,1.085,2.0,11.0,4.0,1.5,0.0,0.0,0.0,0.0,2.0,108.0,8.0,0.0
1.0,31.67,16.165,2.0,2.0,4.0,3.0,1.0,1.0,9.0,0.0,2.0,250.0,731.0,1.0
0.0,57.58,2.0,2.0,1.0,1.0,6.5,0.0,1.0,1.0,0.0,2.0,0.0,11.0,0.0
1.0,59.67,1.54,2.0,11.0,4.0,0.125,1.0,0.0,0.0,1.0,2.0,260.0,1.0,1.0
0.0,65.17,14.0,2.0,1.0,1.0,0.0,1.0,1.0,11.0,1.0,2.0,0.0,1401.0,1.0
1.0,30.08,1.04,1.0,3.0,5.0,0.5,1.0,1.0,10.0,1.0,2.0,132.0,29.0,0.0
1.0,48.58,6.5,2.0,11.0,8.0,6.0,1.0,0.0,0.0,1.0,2.0,350.0,1.0,1.0
0.0,23.58,11.5,1.0,4.0,8.0,3.0,0.0,0.0,0.0,1.0,2.0,20.0,17.0,0.0
1.0,20.17,9.25,2.0,8.0,4.0,1.665,1.0,1.0,3.0,1.0,2.0,40.0,29.0,1.0
1.0,48.17,7.625,2.0,9.0,8.0,15.5,1.0,1.0,12.0,0.0,2.0,0.0,791.0,1.0
1.0,23.25,1.5,2.0,11.0,4.0,2.375,1.0,1.0,3.0,1.0,2.0,0.0,583.0,1.0
1.0,32.25,14.0,1.0,1.0,1.0,0.0,0.0,1.0,2.0,0.0,2.0,160.0,2.0,0.0
1.0,33.58,0.335,1.0,13.0,4.0,0.085,0.0,0.0,0.0,0.0,2.0,180.0,1.0,0.0
1.0,23.58,0.46,1.0,9.0,4.0,2.625,1.0,1.0,6.0,1.0,2.0,208.0,348.0,0.0
1.0,16.92,0.335,1.0,4.0,4.0,0.29,0.0,0.0,0.0,0.0,1.0,200.0,1.0,0.0
0.0,20.83,8.5,2.0,8.0,4.0,0.165,0.0,0.0,0.0,0.0,2.0,0.0,352.0,0.0
0.0,60.58,16.5,2.0,11.0,4.0,11.0,1.0,0.0,0.0,1.0,2.0,21.0,10562.0,1.0
1.0,31.57,5.0,1.0,6.0,4.0,8.5,1.0,0.0,0.0,0.0,2.0,0.0,1.0,0.0
0.0,25.0,12.33,2.0,13.0,8.0,3.5,1.0,1.0,6.0,0.0,2.0,400.0,459.0,1.0
1.0,21.5,9.75,2.0,8.0,4.0,0.25,1.0,0.0,0.0,0.0,2.0,140.0,1.0,0.0
1.0,20.42,0.0,2.0,8.0,4.0,0.0,0.0,0.0,0.0,0.0,3.0,184.0,1.0,0.0
0.0,25.25,13.5,1.0,1.0,1.0,2.0,0.0,1.0,1.0,1.0,2.0,200.0,2.0,0.0
1.0,42.83,4.625,2.0,11.0,4.0,4.58,1.0,0.0,0.0,0.0,1.0,0.0,1.0,1.0
1.0,26.67,1.75,1.0,8.0,4.0,1.0,1.0,1.0,5.0,1.0,2.0,160.0,5778.0,1.0
1.0,57.83,7.04,2.0,7.0,4.0,14.0,1.0,1.0,6.0,1.0,2.0,360.0,1333.0,1.0
1.0,55.92,11.5,2.0,1.0,1.0,5.0,1.0,1.0,5.0,0.0,2.0,0.0,8852.0,1.0
1.0,51.33,10.0,2.0,3.0,5.0,0.0,1.0,1.0,11.0,0.0,2.0,0.0,1250.0,1.0
1.0,39.83,0.5,2.0,7.0,4.0,0.25,1.0,0.0,0.0,0.0,1.0,288.0,1.0,0.0
1.0,27.58,2.04,1.0,6.0,4.0,2.0,1.0,1.0,3.0,1.0,2.0,370.0,561.0,1.0
1.0,30.17,6.5,2.0,13.0,4.0,3.125,1.0,1.0,8.0,0.0,2.0,330.0,1201.0,1.0
1.0,51.83,2.04,1.0,1.0,1.0,1.5,0.0,0.0,0.0,0.0,2.0,120.0,2.0,0.0
0.0,25.0,11.0,1.0,6.0,4.0,4.5,1.0,0.0,0.0,0.0,2.0,120.0,1.0,0.0
1.0,29.67,0.75,1.0,8.0,4.0,0.04,0.0,0.0,0.0,0.0,2.0,240.0,1.0,0.0
0.0,33.67,0.375,2.0,13.0,4.0,0.375,0.0,0.0,0.0,0.0,2.0,300.0,45.0,1.0
1.0,25.75,0.75,2.0,8.0,5.0,0.25,1.0,0.0,0.0,0.0,2.0,349.0,24.0,1.0
0.0,28.67,1.04,2.0,8.0,4.0,2.5,1.0,1.0,5.0,1.0,2.0,300.0,1431.0,1.0
0.0,18.08,0.375,3.0,13.0,1.0,10.0,0.0,0.0,0.0,1.0,1.0,300.0,1.0,1.0
1.0,20.42,7.0,2.0,8.0,4.0,1.625,1.0,1.0,3.0,0.0,2.0,200.0,1392.0,1.0
1.0,17.5,22.0,3.0,1.0,7.0,0.0,0.0,0.0,0.0,1.0,3.0,450.0,100001.0,1.0
1.0,18.08,6.75,1.0,7.0,4.0,0.04,0.0,0.0,0.0,0.0,2.0,140.0,1.0,0.0
1.0,47.67,2.5,2.0,7.0,5.0,2.5,1.0,1.0,12.0,1.0,2.0,410.0,2511.0,1.0
1.0,57.42,8.5,2.0,10.0,8.0,7.0,1.0,1.0,3.0,0.0,2.0,0.0,1.0,1.0
1.0,13.75,4.0,1.0,9.0,4.0,1.75,1.0,1.0,2.0,1.0,2.0,120.0,1001.0,1.0
1.0,19.33,9.5,2.0,11.0,4.0,1.0,1.0,0.0,0.0,1.0,2.0,60.0,401.0,1.0
0.0,21.92,11.665,2.0,4.0,8.0,0.085,0.0,0.0,0.0,0.0,2.0,320.0,6.0,0.0
1.0,17.58,10.0,2.0,9.0,8.0,0.165,0.0,1.0,1.0,0.0,2.0,120.0,2.0,0.0
1.0,34.83,2.5,1.0,9.0,4.0,3.0,0.0,0.0,0.0,0.0,1.0,200.0,1.0,0.0
1.0,29.17,3.5,2.0,9.0,4.0,3.5,1.0,1.0,3.0,1.0,2.0,329.0,1.0,0.0
1.0,21.42,0.75,1.0,12.0,7.0,0.75,0.0,0.0,0.0,1.0,2.0,132.0,3.0,0.0
1.0,18.17,10.25,2.0,8.0,8.0,1.085,0.0,0.0,0.0,0.0,2.0,320.0,14.0,0.0
1.0,28.0,3.0,2.0,9.0,4.0,0.75,0.0,0.0,0.0,1.0,2.0,300.0,68.0,0.0
0.0,45.83,10.5,2.0,11.0,4.0,5.0,1.0,1.0,7.0,1.0,2.0,0.0,1.0,1.0
1.0,22.75,11.5,2.0,3.0,4.0,0.415,0.0,0.0,0.0,0.0,2.0,0.0,1.0,0.0
0.0,31.57,3.5,2.0,2.0,4.0,3.0,1.0,0.0,0.0,1.0,2.0,300.0,1.0,0.0
0.0,20.42,7.5,2.0,4.0,4.0,1.5,1.0,1.0,1.0,0.0,2.0,160.0,235.0,1.0
0.0,21.25,2.335,2.0,3.0,5.0,0.5,1.0,1.0,4.0,0.0,1.0,80.0,1.0,1.0
1.0,26.67,4.25,2.0,13.0,4.0,4.29,1.0,1.0,1.0,1.0,2.0,120.0,1.0,1.0
0.0,27.33,1.665,2.0,1.0,1.0,0.0,0.0,0.0,0.0,0.0,2.0,340.0,2.0,0.0
1.0,42.08,1.04,2.0,9.0,4.0,5.0,1.0,1.0,6.0,1.0,2.0,500.0,10001.0,1.0
0.0,18.25,10.0,2.0,9.0,4.0,1.0,0.0,1.0,1.0,0.0,2.0,120.0,2.0,0.0
0.0,28.5,1.0,2.0,11.0,4.0,1.0,1.0,1.0,2.0,1.0,2.0,167.0,501.0,0.0
0.0,21.5,6.0,2.0,6.0,4.0,2.5,1.0,1.0,3.0,0.0,2.0,80.0,919.0,1.0
1.0,21.83,11.0,2.0,14.0,4.0,0.29,1.0,1.0,6.0,0.0,2.0,121.0,1.0,1.0
1.0,21.92,0.5,2.0,8.0,4.0,0.125,0.0,0.0,0.0,0.0,2.0,360.0,1.0,0.0
1.0,32.67,9.0,1.0,9.0,8.0,5.25,1.0,0.0,0.0,1.0,2.0,154.0,1.0,1.0
0.0,45.33,1.0,2.0,11.0,4.0,0.125,0.0,0.0,0.0,1.0,2.0,263.0,1.0,0.0
0.0,23.58,0.585,1.0,1.0,1.0,0.125,0.0,0.0,0.0,0.0,2.0,120.0,88.0,0.0
0.0,17.92,0.54,2.0,8.0,4.0,1.75,0.0,1.0,1.0,1.0,2.0,80.0,6.0,0.0
1.0,33.0,2.5,1.0,9.0,4.0,7.0,0.0,0.0,0.0,1.0,2.0,280.0,1.0,0.0
0.0,22.67,0.335,2.0,11.0,4.0,0.75,0.0,0.0,0.0,0.0,1.0,160.0,1.0,0.0
1.0,34.67,1.08,2.0,7.0,4.0,1.165,0.0,0.0,0.0,0.0,1.0,28.0,1.0,0.0
1.0,29.67,1.415,2.0,9.0,8.0,0.75,1.0,1.0,1.0,0.0,2.0,240.0,101.0,1.0
1.0,31.83,2.5,2.0,6.0,4.0,7.5,1.0,0.0,0.0,1.0,2.0,523.0,1.0,0.0
0.0,20.67,1.835,2.0,11.0,4.0,2.085,1.0,1.0,5.0,0.0,2.0,220.0,2504.0,1.0
1.0,33.75,2.75,2.0,3.0,5.0,0.0,0.0,0.0,0.0,0.0,2.0,180.0,1.0,0.0
1.0,22.08,0.83,2.0,8.0,8.0,2.165,0.0,0.0,0.0,1.0,2.0,128.0,1.0,1.0
0.0,35.42,12.0,2.0,11.0,8.0,14.0,1.0,1.0,8.0,0.0,2.0,0.0,6591.0,1.0
1.0,31.92,4.46,2.0,13.0,8.0,6.04,1.0,1.0,3.0,0.0,2.0,311.0,301.0,1.0
0.0,22.67,0.79,2.0,3.0,4.0,0.085,0.0,0.0,0.0,0.0,2.0,144.0,1.0,0.0
1.0,26.67,14.585,2.0,3.0,5.0,0.0,0.0,0.0,0.0,1.0,2.0,178.0,1.0,0.0
1.0,44.0,2.0,2.0,7.0,4.0,1.75,1.0,1.0,2.0,1.0,2.0,0.0,16.0,1.0
1.0,30.17,1.085,1.0,8.0,4.0,0.04,0.0,0.0,0.0,0.0,2.0,170.0,180.0,0.0
1.0,37.75,7.0,2.0,11.0,8.0,11.5,1.0,1.0,7.0,1.0,2.0,300.0,6.0,0.0
1.0,17.08,0.085,1.0,8.0,4.0,0.04,0.0,0.0,0.0,0.0,2.0,140.0,723.0,0.0
1.0,49.17,2.29,2.0,1.0,1.0,0.29,0.0,0.0,0.0,0.0,2.0,200.0,4.0,0.0
1.0,22.92,0.17,2.0,7.0,4.0,0.085,0.0,0.0,0.0,0.0,1.0,0.0,1.0,0.0
0.0,34.83,1.25,1.0,3.0,8.0,0.5,0.0,0.0,0.0,1.0,2.0,160.0,1.0,0.0
1.0,44.25,11.0,1.0,2.0,4.0,1.5,1.0,0.0,0.0,0.0,1.0,0.0,1.0,0.0
1.0,59.5,2.75,2.0,9.0,4.0,1.75,1.0,1.0,5.0,1.0,2.0,60.0,59.0,1.0
1.0,25.5,0.375,2.0,7.0,4.0,0.25,1.0,1.0,3.0,0.0,2.0,260.0,15109.0,1.0
0.0,41.58,1.04,2.0,6.0,4.0,0.665,0.0,0.0,0.0,0.0,2.0,240.0,238.0,0.0
1.0,49.58,19.0,2.0,1.0,1.0,0.0,1.0,1.0,1.0,0.0,2.0,94.0,1.0,0.0
0.0,33.92,1.585,1.0,1.0,1.0,0.0,1.0,0.0,0.0,0.0,2.0,320.0,1.0,0.0
1.0,19.17,4.0,1.0,3.0,4.0,1.0,0.0,0.0,0.0,1.0,2.0,360.0,1001.0,0.0
0.0,24.5,2.415,1.0,8.0,4.0,0.0,0.0,0.0,0.0,0.0,2.0,120.0,1.0,0.0
1.0,23.33,1.5,2.0,8.0,8.0,1.415,1.0,0.0,0.0,0.0,2.0,422.0,201.0,1.0
1.0,69.17,9.0,2.0,1.0,1.0,4.0,0.0,1.0,1.0,0.0,2.0,70.0,7.0,0.0
1.0,47.67,0.29,2.0,8.0,5.0,15.0,1.0,1.0,20.0,0.0,2.0,0.0,15001.0,1.0
0.0,33.25,2.5,1.0,8.0,4.0,2.5,0.0,0.0,0.0,1.0,2.0,0.0,3.0,0.0
1.0,43.25,3.0,2.0,11.0,8.0,6.0,1.0,1.0,11.0,0.0,2.0,80.0,1.0,1.0
1.0,23.0,0.625,1.0,6.0,4.0,0.125,1.0,0.0,0.0,0.0,2.0,180.0,2.0,0.0
1.0,34.75,2.5,2.0,13.0,5.0,0.5,0.0,0.0,0.0,0.0,2.0,348.0,1.0,0.0
1.0,56.58,18.5,2.0,2.0,5.0,15.0,1.0,1.0,17.0,1.0,2.0,0.0,1.0,1.0
0.0,44.17,6.665,2.0,11.0,4.0,7.375,1.0,1.0,3.0,1.0,2.0,0.0,1.0,1.0
0.0,44.33,0.0,2.0,8.0,4.0,2.5,1.0,0.0,0.0,0.0,2.0,0.0,1.0,1.0
1.0,34.25,1.75,2.0,9.0,5.0,0.25,1.0,0.0,0.0,1.0,2.0,163.0,1.0,0.0
0.0,45.0,4.585,2.0,4.0,8.0,1.0,0.0,0.0,0.0,1.0,1.0,240.0,1.0,0.0
1.0,30.58,2.71,1.0,7.0,4.0,0.125,0.0,0.0,0.0,1.0,1.0,80.0,1.0,0.0
1.0,27.67,0.75,2.0,11.0,8.0,0.165,0.0,0.0,0.0,1.0,2.0,220.0,252.0,0.0
1.0,19.42,7.25,2.0,7.0,4.0,0.04,0.0,1.0,1.0,0.0,2.0,100.0,2.0,0.0
0.0,41.33,1.0,2.0,3.0,5.0,2.25,1.0,0.0,0.0,1.0,2.0,0.0,301.0,1.0
0.0,23.5,1.5,2.0,9.0,4.0,0.875,0.0,0.0,0.0,1.0,2.0,160.0,1.0,0.0
1.0,31.67,0.83,2.0,14.0,4.0,1.335,1.0,1.0,8.0,1.0,2.0,303.0,3291.0,1.0
0.0,17.83,11.0,2.0,14.0,8.0,1.0,1.0,1.0,11.0,0.0,2.0,0.0,3001.0,1.0
0.0,33.17,2.25,1.0,13.0,4.0,3.5,0.0,0.0,0.0,1.0,2.0,200.0,142.0,0.0
0.0,52.5,7.0,2.0,6.0,8.0,3.0,0.0,0.0,0.0,0.0,2.0,0.0,1.0,0.0
0.0,25.42,1.125,2.0,11.0,4.0,1.29,1.0,1.0,2.0,0.0,2.0,200.0,1.0,0.0
1.0,40.58,1.5,2.0,3.0,5.0,0.0,0.0,0.0,0.0,0.0,1.0,300.0,1.0,0.0
1.0,23.92,0.585,1.0,13.0,8.0,0.125,0.0,0.0,0.0,0.0,2.0,240.0,2.0,0.0
1.0,56.0,12.5,2.0,4.0,8.0,8.0,1.0,0.0,0.0,1.0,2.0,24.0,2029.0,1.0
0.0,28.5,3.04,1.0,14.0,8.0,2.54,1.0,1.0,1.0,0.0,2.0,70.0,1.0,1.0
1.0,32.08,4.0,2.0,7.0,4.0,2.5,1.0,0.0,0.0,1.0,2.0,360.0,1.0,1.0
1.0,21.17,0.875,1.0,8.0,8.0,0.25,0.0,0.0,0.0,0.0,2.0,280.0,205.0,0.0
1.0,34.17,9.17,2.0,8.0,4.0,4.5,1.0,1.0,12.0,1.0,2.0,0.0,222.0,1.0
1.0,43.25,25.21,2.0,11.0,8.0,0.21,1.0,1.0,1.0,0.0,2.0,760.0,91.0,0.0
0.0,38.25,6.0,2.0,4.0,4.0,1.0,1.0,0.0,0.0,1.0,2.0,0.0,1.0,1.0
1.0,37.42,2.04,2.0,9.0,4.0,0.04,1.0,0.0,0.0,1.0,2.0,400.0,5801.0,1.0
1.0,29.83,2.04,1.0,14.0,8.0,0.04,0.0,0.0,0.0,0.0,2.0,128.0,2.0,0.0
1.0,37.33,2.665,2.0,13.0,4.0,0.165,0.0,0.0,0.0,1.0,2.0,0.0,502.0,0.0
1.0,31.33,19.5,2.0,8.0,4.0,7.0,1.0,1.0,16.0,0.0,2.0,0.0,5001.0,1.0
1.0,36.08,2.54,2.0,1.0,1.0,0.0,0.0,0.0,0.0,0.0,2.0,0.0,1001.0,0.0
1.0,20.5,2.415,2.0,8.0,4.0,2.0,1.0,1.0,11.0,1.0,2.0,200.0,3001.0,1.0
1.0,47.17,5.835,2.0,9.0,4.0,5.5,0.0,0.0,0.0,0.0,2.0,465.0,151.0,0.0
1.0,22.0,7.835,1.0,3.0,5.0,0.165,0.0,0.0,0.0,1.0,2.0,184.0,1.0,0.0
1.0,20.5,10.0,1.0,8.0,4.0,2.5,1.0,0.0,0.0,0.0,1.0,40.0,1.0,1.0
1.0,34.92,2.5,2.0,9.0,4.0,0.0,1.0,0.0,0.0,1.0,2.0,239.0,201.0,1.0
1.0,24.08,0.875,2.0,7.0,4.0,0.085,0.0,1.0,4.0,0.0,2.0,254.0,1951.0,0.0
1.0,37.33,6.5,2.0,7.0,8.0,4.25,1.0,1.0,12.0,1.0,2.0,93.0,1.0,1.0
0.0,20.75,9.54,2.0,3.0,4.0,0.04,0.0,0.0,0.0,0.0,2.0,200.0,1001.0,0.0
1.0,36.67,3.25,2.0,11.0,8.0,9.0,1.0,0.0,0.0,1.0,2.0,102.0,640.0,1.0
1.0,22.58,10.04,2.0,14.0,4.0,0.04,1.0,1.0,9.0,0.0,2.0,60.0,397.0,1.0
0.0,26.92,13.5,2.0,11.0,8.0,5.0,1.0,1.0,2.0,0.0,2.0,0.0,5001.0,1.0
0.0,46.67,0.46,2.0,13.0,8.0,0.415,1.0,1.0,11.0,1.0,2.0,440.0,7.0,1.0
0.0,52.17,0.0,1.0,1.0,1.0,0.0,0.0,0.0,0.0,0.0,2.0,0.0,1.0,0.0
1.0,39.17,2.5,1.0,3.0,8.0,10.0,0.0,0.0,0.0,1.0,1.0,200.0,1.0,0.0
1.0,39.17,1.625,2.0,8.0,4.0,1.5,1.0,1.0,10.0,0.0,2.0,186.0,4701.0,1.0
0.0,27.67,2.04,2.0,9.0,4.0,0.25,0.0,0.0,0.0,1.0,2.0,180.0,51.0,0.0
1.0,19.17,9.5,2.0,9.0,4.0,1.5,1.0,0.0,0.0,0.0,2.0,120.0,2207.0,1.0
1.0,39.5,4.25,2.0,8.0,5.0,6.5,1.0,1.0,16.0,0.0,2.0,117.0,1211.0,1.0
1.0,36.42,0.75,1.0,2.0,4.0,0.585,0.0,0.0,0.0,0.0,2.0,240.0,4.0,0.0
1.0,26.17,0.25,2.0,3.0,5.0,0.0,1.0,0.0,0.0,1.0,2.0,0.0,1.0,1.0
1.0,39.42,1.71,1.0,7.0,4.0,0.165,0.0,0.0,0.0,0.0,1.0,400.0,1.0,0.0
1.0,41.92,0.42,2.0,8.0,8.0,0.21,1.0,1.0,6.0,0.0,2.0,220.0,949.0,1.0
1.0,21.33,7.5,2.0,6.0,4.0,1.415,1.0,1.0,1.0,0.0,2.0,80.0,9801.0,1.0
0.0,20.08,1.25,2.0,8.0,4.0,0.0,0.0,0.0,0.0,0.0,2.0,0.0,1.0,0.0
0.0,27.58,3.0,2.0,7.0,4.0,2.79,0.0,1.0,1.0,1.0,2.0,280.0,11.0,0.0
1.0,21.58,0.79,1.0,13.0,4.0,0.665,0.0,0.0,0.0,0.0,2.0,160.0,1.0,0.0
1.0,28.25,5.125,2.0,14.0,4.0,4.75,1.0,1.0,2.0,0.0,2.0,420.0,8.0,1.0
1.0,26.92,2.25,2.0,3.0,5.0,0.5,0.0,0.0,0.0,1.0,2.0,640.0,4001.0,0.0
0.0,18.42,9.25,2.0,11.0,4.0,1.21,1.0,1.0,4.0,0.0,2.0,60.0,541.0,1.0
0.0,23.25,5.875,2.0,11.0,4.0,3.17,1.0,1.0,10.0,0.0,2.0,120.0,246.0,1.0
1.0,23.58,1.79,2.0,8.0,4.0,0.54,0.0,0.0,0.0,1.0,2.0,136.0,2.0,0.0
1.0,28.33,5.0,2.0,9.0,4.0,11.0,1.0,0.0,0.0,1.0,2.0,70.0,1.0,1.0
1.0,25.67,2.21,1.0,6.0,4.0,4.0,1.0,0.0,0.0,0.0,2.0,188.0,1.0,0.0
0.0,28.58,1.665,2.0,11.0,4.0,2.415,1.0,0.0,0.0,1.0,2.0,440.0,1.0,0.0
1.0,22.92,3.165,1.0,8.0,4.0,0.165,0.0,0.0,0.0,0.0,2.0,160.0,1059.0,0.0
0.0,24.5,1.04,1.0,1.0,1.0,0.5,1.0,1.0,3.0,0.0,2.0,180.0,148.0,0.0
1.0,24.75,0.54,2.0,7.0,4.0,1.0,0.0,0.0,0.0,1.0,2.0,120.0,2.0,0.0
1.0,32.0,1.75,1.0,10.0,8.0,0.04,1.0,0.0,0.0,1.0,2.0,393.0,1.0,1.0
1.0,48.08,3.75,2.0,3.0,5.0,1.0,0.0,0.0,0.0,0.0,2.0,100.0,3.0,0.0
0.0,28.42,3.5,2.0,9.0,4.0,0.835,1.0,0.0,0.0,0.0,1.0,280.0,1.0,1.0
1.0,25.42,0.54,2.0,9.0,4.0,0.165,0.0,1.0,1.0,0.0,2.0,272.0,445.0,0.0
1.0,18.58,10.29,2.0,1.0,1.0,0.415,0.0,0.0,0.0,0.0,2.0,80.0,1.0,0.0
1.0,21.67,1.165,1.0,4.0,4.0,2.5,1.0,1.0,1.0,0.0,2.0,180.0,21.0,0.0
1.0,24.58,1.25,2.0,8.0,4.0,0.25,0.0,0.0,0.0,0.0,2.0,110.0,1.0,0.0
1.0,16.33,4.085,2.0,3.0,8.0,0.415,0.0,0.0,0.0,1.0,2.0,120.0,1.0,0.0
1.0,26.75,2.0,2.0,2.0,4.0,0.75,0.0,0.0,0.0,1.0,2.0,80.0,1.0,0.0
1.0,48.17,3.5,2.0,6.0,4.0,3.5,1.0,0.0,0.0,0.0,1.0,230.0,1.0,1.0
1.0,23.5,2.75,2.0,1.0,1.0,4.5,0.0,0.0,0.0,0.0,2.0,160.0,26.0,0.0
0.0,41.0,2.04,1.0,11.0,8.0,0.125,1.0,1.0,23.0,1.0,2.0,455.0,1237.0,1.0
1.0,35.17,25.125,2.0,14.0,8.0,1.625,1.0,1.0,1.0,1.0,2.0,515.0,501.0,1.0
1.0,23.75,12.0,2.0,8.0,4.0,2.085,0.0,0.0,0.0,0.0,1.0,80.0,1.0,0.0
1.0,18.67,5.0,2.0,11.0,4.0,0.375,1.0,1.0,2.0,0.0,2.0,0.0,39.0,0.0
1.0,30.33,0.5,2.0,2.0,8.0,0.085,0.0,0.0,0.0,1.0,1.0,252.0,1.0,0.0
0.0,19.75,0.75,2.0,8.0,4.0,0.795,1.0,1.0,5.0,1.0,2.0,140.0,6.0,0.0
1.0,26.17,0.835,2.0,13.0,4.0,1.165,0.0,0.0,0.0,0.0,2.0,100.0,1.0,0.0
1.0,28.75,1.5,1.0,8.0,4.0,1.5,1.0,0.0,0.0,1.0,2.0,0.0,226.0,0.0
1.0,28.67,9.335,2.0,11.0,8.0,5.665,1.0,1.0,6.0,0.0,2.0,381.0,169.0,1.0
1.0,26.0,1.0,2.0,11.0,4.0,1.75,1.0,0.0,0.0,1.0,2.0,280.0,1.0,1.0
1.0,23.5,3.165,1.0,4.0,4.0,0.415,0.0,1.0,1.0,1.0,2.0,280.0,81.0,0.0
1.0,26.33,13.0,2.0,10.0,2.0,0.0,0.0,0.0,0.0,1.0,2.0,140.0,1111.0,0.0
1.0,54.33,6.75,2.0,8.0,8.0,2.625,1.0,1.0,11.0,1.0,2.0,0.0,285.0,1.0
1.0,31.57,0.375,2.0,2.0,4.0,0.875,1.0,0.0,0.0,1.0,1.0,928.0,1.0,0.0
0.0,25.25,12.5,2.0,2.0,4.0,1.0,0.0,0.0,0.0,1.0,2.0,180.0,1063.0,0.0
1.0,33.17,3.165,1.0,14.0,4.0,3.165,1.0,1.0,3.0,1.0,2.0,380.0,1.0,1.0
1.0,39.5,1.625,2.0,8.0,4.0,1.5,0.0,0.0,0.0,0.0,2.0,0.0,317.0,0.0
0.0,17.67,0.0,1.0,5.0,1.0,0.0,0.0,0.0,0.0,0.0,2.0,86.0,1.0,0.0
1.0,23.92,0.665,2.0,8.0,4.0,0.165,0.0,0.0,0.0,0.0,2.0,100.0,1.0,1.0
1.0,26.67,2.71,1.0,13.0,4.0,5.25,1.0,1.0,1.0,0.0,2.0,211.0,1.0,1.0
0.0,22.5,0.415,2.0,3.0,4.0,0.335,0.0,0.0,0.0,1.0,1.0,144.0,1.0,0.0
1.0,39.92,0.54,1.0,6.0,4.0,0.5,1.0,1.0,3.0,0.0,2.0,200.0,1001.0,1.0
0.0,26.08,8.665,2.0,6.0,4.0,1.415,1.0,0.0,0.0,0.0,2.0,160.0,151.0,1.0
1.0,20.0,0.0,2.0,2.0,4.0,0.5,0.0,0.0,0.0,0.0,2.0,144.0,1.0,0.0
1.0,31.57,4.0,1.0,3.0,4.0,0.085,0.0,0.0,0.0,1.0,2.0,411.0,1.0,0.0
1.0,26.75,4.5,1.0,8.0,5.0,2.5,0.0,0.0,0.0,0.0,2.0,200.0,1211.0,0.0
0.0,24.92,1.25,2.0,1.0,1.0,0.0,1.0,0.0,0.0,0.0,2.0,80.0,1.0,0.0
0.0,32.25,1.5,2.0,8.0,4.0,0.25,0.0,0.0,0.0,1.0,2.0,372.0,123.0,0.0
1.0,17.67,4.46,2.0,8.0,4.0,0.25,0.0,0.0,0.0,0.0,1.0,80.0,1.0,0.0
0.0,37.75,5.5,2.0,11.0,4.0,0.125,1.0,0.0,0.0,1.0,2.0,228.0,1.0,1.0
1.0,22.67,2.54,1.0,8.0,8.0,2.585,1.0,0.0,0.0,0.0,2.0,0.0,1.0,1.0
0.0,17.92,10.21,2.0,1.0,1.0,0.0,0.0,0.0,0.0,0.0,2.0,0.0,51.0,0.0
1.0,24.42,12.335,2.0,11.0,8.0,1.585,1.0,0.0,0.0,1.0,2.0,120.0,1.0,1.0
0.0,25.75,0.5,2.0,8.0,8.0,0.875,1.0,0.0,0.0,1.0,2.0,491.0,1.0,1.0
1.0,26.17,12.5,1.0,4.0,8.0,1.25,0.0,0.0,0.0,1.0,2.0,0.0,18.0,0.0
0.0,22.75,6.165,2.0,6.0,4.0,0.165,0.0,0.0,0.0,0.0,2.0,220.0,1001.0,0.0
1.0,23.0,0.75,2.0,7.0,4.0,0.5,1.0,0.0,0.0,1.0,1.0,320.0,1.0,0.0
1.0,25.67,0.29,1.0,8.0,4.0,1.5,0.0,0.0,0.0,1.0,2.0,160.0,1.0,0.0
1.0,48.58,0.205,1.0,4.0,4.0,0.25,1.0,1.0,11.0,0.0,2.0,380.0,2733.0,1.0
1.0,21.17,0.0,2.0,8.0,4.0,0.5,0.0,0.0,0.0,1.0,1.0,0.0,1.0,0.0
1.0,35.25,16.5,1.0,8.0,4.0,4.0,1.0,0.0,0.0,0.0,2.0,80.0,1.0,0.0
0.0,22.92,11.585,2.0,13.0,4.0,0.04,1.0,0.0,0.0,0.0,2.0,80.0,1350.0,1.0
0.0,48.17,1.335,2.0,3.0,7.0,0.335,0.0,0.0,0.0,0.0,2.0,0.0,121.0,0.0
1.0,43.0,0.29,1.0,13.0,8.0,1.75,1.0,1.0,8.0,0.0,2.0,100.0,376.0,1.0
1.0,31.57,10.5,2.0,14.0,4.0,6.5,1.0,0.0,0.0,0.0,2.0,0.0,1.0,1.0
1.0,20.67,0.415,2.0,8.0,4.0,0.125,0.0,0.0,0.0,0.0,2.0,0.0,45.0,0.0
0.0,18.83,9.54,2.0,6.0,4.0,0.085,1.0,0.0,0.0,0.0,2.0,100.0,1.0,1.0
0.0,27.42,14.5,2.0,14.0,8.0,3.085,1.0,1.0,1.0,0.0,2.0,120.0,12.0,1.0
1.0,41.0,0.04,2.0,10.0,4.0,0.04,0.0,1.0,1.0,0.0,1.0,560.0,1.0,1.0
,,,,,,,,,,,,,,
,,,,,,,,,,,,,,
,,,,,,,,,,,,,,
,,,,,,,,,,,,,,
,,,,,,,,,,,,,,
,,,,,,,,,,,,,,
,,,,,,,,,,,,,,
,,,,,,,,,,,,,,
,,,,,,,,,,,,,,
,,,,,,,,,,,,,,
,,,,,,,,,,,,,,
,,,,,,,,,,,,,,
,,,,,,,,,,,,,,
,,,,,,,,,,,,,,
,,,,,,,,,,,,,,
,,,,,,,,,,,,,,
,,,,,,,,,,,,,,
,,,,,,,,,,,,,,
,,,,,,,,,,,,,,
,,,,,,,,,,,,,,
,,,,,,,,,,,,,,
,,,,,,,,,,,,,,
,,,,,,,,,,,,,,
,,,,,,,,,,,,,,
,,,,,,,,,,,,,,
,,,,,,,,,,,,,,
,,,,,,,,,,,,,,
,,,,,,,,,,,,,,
,,,,,,,,,,,,,,
,,,,,,,,,,,,,,
,,,,,,,,,,,,,,
,,,,,,,,,,,,,,
,,,,,,,,,,,,,,
,,,,,,,,,,,,,,
,,,,,,,,,,,,,,
,,,,,,,,,,,,,,
,,,,,,,,,,,,,,
,,,,,,,,,,,,,,
,,,,,,,,,,,,,,
,,,,,,,,,,,,,,
,,,,,,,,,,,,,,
,,,,,,,,,,,,,,
,,,,,,,,,,,,,,
,,,,,,,,,,,,,,
,,,,,,,,,,,,,,
,,,,,,,,,,,,,,
,,,,,,,,,,,,,,
,,,,,,,,,,,,,,
,,,,,,,,,,,,,,
,,,,,,,,,,,,,,
,,,,,,,,,,,,,,
,,,,,,,,,,,,,,
,,,,,,,,,,,,,,
,,,,,,,,,,,,,,
,,,,,,,,,,,,,,
,,,,,,,,,,,,,,
,,,,,,,,,,,,,,
,,,,,,,,,,,,,,
,,,,,,,,,,,,,,
,,,,,,,,,,,,,,
,,,,,,,,,,,,,,
,,,,,,,,,,,,,,
,,,,,,,,,,,,,,
,,,,,,,,,,,,,,
,,,,,,,,,,,,,,
,,,,,,,,,,,,,,
,,,,,,,,,,,,,,
,,,,,,,,,,,,,,
0.4047389724648134,20.595251395970408,4.328830679517135,1.4047389724648134,10.0,2.0,0.5952610275351866,0.4047389724648134,0.0,0.0,0.0,2.0,154.76786715914852,1.0,0.4047389724648134
1.0,26.884858809111723,0.9264354290724295,2.0,10.50630647984283,4.0,0.9807437565661647,0.27707705779524117,0.0,0.0,0.0,1.7229229422047587,149.87387040314343,1.0,0.0
0.5025911199406136,42.84159357208242,0.9205186547308147,1.4974088800593863,5.5129555997030675,4.497408880059386,1.2512955599703068,1.0,0.0,0.0,1.0,2.0,125.34703777496539,1206.8903114771101,0.0
1.0,23.182872470171716,0.6051321774806964,2.0,6.4205287099227855,4.0,0.9001531907156851,0.6051321774806964,0.39486782251930364,4.34354604771234,0.0,1.0,181.53965324420892,1.0,0.6051321774806964
0.6414662249712485,35.85313898882664,3.368270200230012,2.0,7.358533775028752,4.0,6.954919991320666,0.6414662249712485,0.0,0.0,0.0,1.3585337750287514,256.5864899884994,126.84535503509179,0.0
0.4812637460810867,40.28708975845552,5.813861439502646,2.0,6.187362539189134,4.631153777432393,0.04409258158310764,0.0,0.5187362539189133,6.22483504702696,0.5187362539189133,2.0,136.7002199372974,2.55620876175674,0.0
1.0,32.253444114365195,2.0605510582984308,2.0,3.215416147892926,4.0,0.8115108705936895,0.0,0.0,0.0,1.0,2.0,225.07913035250485,12.84788813411094,0.0
1.0,22.67,4.701588710514447,1.271556370667644,8.814669112002932,8.0,2.245554536665445,1.0,0.0,0.0,0.0,2.0,27.155637066764417,1.0,1.0
0.10857294160370468,22.198793433439924,0.7999435531377042,1.8914270583962953,8.21714588320741,3.7828541167925906,1.7828541167925906,0.0,0.8914270583962953,1.7828541167925906,0.8914270583962953,2.0,189.1427058396295,352.2222610081404,0.0
0.9872659759050144,20.9860576997056,2.4410410792742456,2.0,8.038202072284957,4.050936096379942,2.013243385058785,1.0,1.0,10.936329879525072,0.9872659759050144,2.0,198.00075821708725,2969.928981208235,1.0
0.6822750677437779,17.240299092156995,3.103671239902082,2.0,8.317724932256223,4.0,0.6288784010940843,0.3177249322562221,0.3177249322562221,1.9063495935373327,0.3177249322562221,2.0,102.76930623242757,191.63495935373325,0.3177249322562221
1.0,27.98058583506807,1.4293280537026656,2.0,9.966345045389545,4.0,1.0309484800526971,0.48317252269477184,1.0,2.0,0.48317252269477184,2.0,152.35584682273193,1.5168274773052282,0.48317252269477184
0.06613213574386956,40.040423352994544,0.9504008981920978,2.0,2.9338678642561304,5.198396407231609,2.1451805648459668,1.0,0.0,0.0,1.0,2.0,0.0,281.16035927683913,1.0
1.0,23.332011747965097,1.0499234114455054,1.1499617057227527,10.650344648495224,6.700076588554494,1.0124329850148173,0.0,0.0,0.0,1.0,2.0,146.99617057227528,32.69241773310503,0.0
0.5246701441467633,29.708926665550436,8.338094046774867,1.4753298558532366,5.197361153174106,2.5740104324402897,0.4380995703625473,0.5246701441467633,0.0,0.0,0.5246701441467633,2.0,160.0,158.40104324402898,0.5246701441467633
0.8213852532057583,38.55285667789501,3.2296955046735265,1.8213852532057584,3.5358442403827253,4.821385253205758,3.678614746794242,0.17861474679424172,0.0,0.0,0.0,2.0,198.85298430775282,1.0,0.8213852532057583
0.0,19.460072500448618,11.509779227668389,2.0,10.336915729328947,8.0,4.0525702255592115,1.0,0.38948595488815774,4.284345503769735,0.0,2.0,207.57477533802637,1169.4578646644732,1.0
1.0,24.336314739470026,7.356373513570382,2.0,8.0,4.0,0.7050920708769929,0.4345258957880097,1.0,3.3035776873640295,0.4345258957880097,2.0,135.57207948585904,3140.51222658497,0.4345258957880097
0.904194758312084,34.85863296451427,4.368267792679116,2.0,12.754531858057092,7.329363308184588,5.4903677950257475,0.0,0.09580524168791604,0.19161048337583209,1.0,1.095805241687916,662.0435214974749,1.3832209667516642,0.904194758312084
1.0,30.305821035903406,2.329537427176588,1.538239147681052,8.385282556956843,3.076478295362104,1.8838370168836818,0.0,0.0,0.0,0.538239147681052,1.461760852318948,261.4717443043156,1.0,0.0
0.0,29.02834845254546,6.775339590521232,2.0,13.0,6.14147706918318,2.04802896029936,0.5353692672957951,0.5353692672957951,3.212215603774771,0.0,2.0,353.5369267295795,266.6428766604592,1.0
0.973487086899325,27.339451055792047,14.370643097581043,2.0,3.0,5.0,0.08179233691558253,0.0,0.0,0.0,1.0,2.0,175.21614412442912,1.0,0.0
1.0,24.08162957278804,1.043594828956286,2.0,4.869215513131142,4.0,0.6304493536195357,0.0,0.0,0.0,1.0,1.521797414478143,41.743793158251435,1.0,0.0
0.5767679903353109,32.112642676749445,2.5580800241617228,1.423232009664689,8.576767990335311,4.0,1.485984025369809,0.5767679903353109,0.0,0.0,0.5767679903353109,2.0,353.1110421262316,615.2579097071061,0.5767679903353109
1.0,27.195178887497924,3.021644614559208,1.0,11.845760686817748,6.308478626364504,5.1547752566624645,0.4228803434088739,1.0,1.577119656591126,0.5771196565911261,2.0,302.1849057413979,1.577119656591126,0.4228803434088739
0.261174302436445,19.362040602696034,1.517637573159447,2.0,7.738825697563555,4.0,1.261174302436445,0.0,0.261174302436445,0.261174302436445,0.261174302436445,2.0,208.7992628283913,32.05871512182225,0.0
1.0,33.83135761944905,1.6452960772624325,1.8110406801574137,12.110406801574136,4.0,0.6555203400787067,1.0,1.0,7.566877959527759,1.0,2.0,336.22081360314826,3302.7466089208306,1.0
1.0,27.79963211296205,1.3990889225554644,1.4719850947508222,8.0,4.0,0.6111019646484949,0.0,0.5280149052491778,1.0560298104983556,0.4719850947508222,2.0,199.74173440212496,4.168089431495067,0.0
0.0,16.597028489597776,0.46547366002202756,2.0,1.3041344056457518,1.2128940839520261,0.049421840917434665,0.030413440564575178,1.0,1.0304134405645753,0.0,2.0,155.13384950966798,123.16790648886352,0.030413440564575178
0.0,24.23336296601031,0.9770621634709922,2.0,5.385310817354961,4.0,0.20555028389503432,0.0,0.5229378365290078,3.137627019174047,1.0,2.0,302.972205578171,77.50440822197632,0.0
1.0,37.468341083389,0.34199024166699415,1.264078066664047,6.4155316000157185,5.056312266656188,0.4515826393325737,1.0,0.735921933335953,5.887375466687624,1.0,2.0,220.7765800007859,120.21935320042438,1.0
1.0,53.995743869666015,7.472829369330746,2.0,7.43720138316237,4.0,12.743046023408187,1.0,1.0,6.109300345790592,1.0,2.0,331.58191009444596,1275.83591915152,1.0
1.0,28.912133789074232,1.6494232973873169,1.4488811990499335,10.6932871942996,5.795524796199734,1.705349248475253,0.4488811990499334,0.5511188009500666,1.1022376019001332,0.4488811990499334,2.0,375.7824218755632,4.3067128057004,0.0
0.0,21.185555485752865,7.37889695782065,2.0,10.378896957820649,5.988276087678139,0.5976552175356278,0.5976552175356278,0.5976552175356278,6.574207392891905,0.4023447824643722,2.0,111.04715996016674,1794.3679973893477,0.5976552175356278
0.9152948269899177,24.033513806221812,2.6239733388395132,2.0,3.6776413840806583,4.0,0.7391125043230966,0.08470517301008229,0.08470517301008229,0.2541155190302469,0.08470517301008229,2.0,146.44717231838683,10.152948269899177,0.08470517301008229
1.0,22.327992837392888,9.469662802434064,2.0,7.956604148983601,4.0,0.39103651580329596,0.9566041489836012,0.0,0.0,0.043395851016398757,1.9566041489836012,151.28292126426368,1.0,0.0
0.09117334648871778,24.10494660587474,3.8433534550206394,2.0,6.091173346488717,4.0,0.1503197492513485,1.0,0.09117334648871778,0.3646933859548711,0.09117334648871778,2.0,109.11733464887178,1.0,1.0
1.0,26.540259017494314,1.576178311139259,2.0,11.0,7.457432191617264,4.23082896431575,0.4574321916172639,0.0,0.0,0.4574321916172639,2.0,155.17164522150813,315.0018827787411,1.0
1.0,21.937828979086476,1.410550403084441,2.0,7.1906218639249415,4.0,1.1382721909101643,0.5953109319624708,1.0,3.381243727849883,0.5953109319624708,2.0,218.11213621529322,9.498470428788115,0.5953109319624708
1.0,56.901660451102934,3.1080075924689776,2.0,8.045313086749394,4.159114485541767,1.8295572427708837,0.8408855144582321,0.8408855144582321,4.204427572291161,1.0,2.0,72.8882733288832,49.77135983857747,0.8408855144582321
0.6904695682500073,27.14879131268752,5.559599965124916,1.6904695682500073,3.071408704750022,5.833286977750051,3.494866615261266,0.6904695682500073,1.0,1.6904695682500073,1.0,2.0,186.88107820324984,1.3095304317499927,0.6904695682500073
0.682029103919234,35.8913087466567,4.327612295201865,2.0,9.728116415676936,5.271883584323064,0.06702752616686511,0.682029103919234,1.0,1.0,0.317970896080766,2.0,222.89390451781514,239.94958795249295,0.682029103919234
1.0,39.96233218114777,4.414713962053026,1.8559684671596068,10.567905401478821,4.0,3.944100782509665,0.855968467159607,0.0,0.0,0.0,1.1440315328403932,23.045045254462888,153.38536174513587,0.855968467159607
1.0,31.899026095428425,2.180345985297418,2.0,11.821552019529651,8.0,2.1607760097648256,1.0,1.0,4.526940024412063,0.0,2.0,183.568959609407,1492.025145628118,1.0
0.16782498360034548,24.21054813382118,1.0908623934022457,2.0,7.160875081998273,4.0,0.020978122950043185,0.0,0.0,0.0,0.0,2.8321750163996544,163.18970203355715,17.78249836003455,0.8321750163996545
0.7839802099402202,19.475659471762956,2.660302311975742,2.0,4.728158320478238,4.0,0.38900494751494497,0.21601979005977978,0.21601979005977978,0.8640791602391191,0.7839802099402202,2.0,127.03881259641321,2.56796041988044,0.21601979005977978
1.0,42.76557424825061,4.830011105807092,1.9408734281068145,3.3547594313591125,4.940873428106815,2.121990971851253,0.05912657189318549,0.05912657189318549,0.05912657189318549,0.9408734281068145,2.0,135.61948195772013,71.18324083721117,0.05912657189318549
1.0,48.08622291045016,3.663858131031306,2.0,7.971225636466842,4.246403204558355,2.6585330564332166,0.7535967954416447,0.0,0.0,0.2464032045583553,1.2464032045583553,301.45692932192304,1.0,0.7535967954416447
1.0,28.70465193254308,1.4261935681385423,2.0,3.0,4.300530474728241,1.4091896722839792,0.300530474728241,0.699469525271759,0.699469525271759,0.699469525271759,2.0,279.7878101087036,67.40132067309403,0.0
1.0,31.311986208354448,0.41196988295567477,1.107505746518981,2.752540225632868,4.0,4.169370690110764,0.10750574651898115,0.10750574651898115,0.32251723955694345,1.0,2.0,445.9167472060135,1.0,0.0
1.0,24.034827106553493,1.2227004408058013,1.0,7.759248084951373,4.0,2.340548850970824,0.7518496169902747,0.7518496169902747,4.511097701941648,0.0,2.0,113.74845208932263,522.1158043204231,0.7518496169902747
0.1034134604580339,35.61094562751529,5.197788446412474,2.0,11.759038474503594,7.276105776793763,0.5603665872137288,1.0,0.8965865395419661,8.069278855877695,1.0,2.0,162.28216365709585,1.0,1.0
0.8690838926412937,57.712389833237914,1.4511761072165958,2.0,7.476335570565174,4.0,0.7047882382332162,1.0,1.0,2.7381677852825876,0.8690838926412937,2.0,177.38167785282587,31.634369121937272,0.1309161073587063
0.5429067948209979,28.00009129408095,2.3430827782665924,1.5429067948209978,7.085813589641996,4.0,1.2073560795613432,0.0,0.0,0.0,0.5429067948209979,2.0,156.1121010278761,1.5429067948209978,0.0
0.0,17.343084001926734,1.515889090276928,2.0,11.0,4.0,0.3865376409530171,0.028744766516424658,1.0,1.172468599098548,0.028744766516424658,2.0,104.89556521622613,96.18301288139038,0.028744766516424658
1.0,37.36984256475296,9.353426568707684,1.5457948500743408,4.908410299851319,4.0,0.04,0.0,0.0,0.0,0.4542051499256592,2.0,54.5046179910791,1684.935592914665,0.5457948500743408
1.0,31.07620085234867,2.6228378584615095,2.0,9.966027881025592,5.694873074871767,3.731117477415339,1.0,1.0,4.271154806153826,1.0,2.0,228.2075655876951,424.7182687179417,1.0
1.0,21.41983727849271,0.749965131105581,1.0000929837184502,11.999907016281549,6.999721048844648,0.7501162296480629,9.29837184503457e-05,9.29837184503457e-05,0.0001859674369006914,1.0,2.0,131.9951648466406,2.999814032563099,9.29837184503457e-05
0.6843105397213088,24.49026603565868,0.5026560822317206,2.0,8.947068380836074,4.0,0.4352171517281979,0.6843105397213088,0.6843105397213088,4.790173778049162,0.6843105397213088,1.684310539721309,116.20412545783623,3507.4072055319866,0.6843105397213088
0.0,31.112798558377463,5.218385592259136,2.0,8.02951624715687,5.6236129977254965,5.706409362061983,0.4059032494313741,0.4059032494313741,3.247225995450993,0.0,2.0,154.46515514784272,3272.3755513236556,0.4059032494313741
1.0,30.955843330138897,5.393083756055998,2.0,5.740424549858908,5.740424549858908,5.461422472810497,0.4351061374647269,0.4351061374647269,3.9159552371825423,0.5648938625352731,2.0,169.13722888675926,743.696412005534,0.4351061374647269
0.61109325881905,27.277893817676173,1.7883906391908497,2.0,9.3334404470857,5.5556269647238,0.8541599720571438,0.38890674118095003,0.38890674118095003,3.50016067062855,1.0,2.0,143.72331121203797,1.61109325881905,0.38890674118095003
1.0,25.522093776683256,1.9475870378794413,2.0,8.0,4.0,0.6975870378794413,0.0,0.0,0.0,1.0,2.0,167.96131472484444,1.7780464255219135,0.0
0.21534360268145314,29.534875599221387,1.6345897516759083,1.784656397318547,7.430687205362906,4.0,1.5876170008650172,1.0,0.21534360268145314,0.21534360268145314,0.0,1.215343602681453,299.5207343472979,256.6128563828849,0.21534360268145314
0.18359066259648593,23.005866050637135,4.1508931854912525,1.1835906625964858,1.1835906625964858,1.550771987789458,0.1606418297719252,0.18359066259648593,0.0,0.0,0.18359066259648593,1.8164093374035142,170.37213488953896,1.0,0.0
0.5328311886027617,30.960944661623806,9.167854202336635,1.4671688113972383,6.934337622794477,4.0,0.07970934896876526,0.0,0.0,0.0,0.5328311886027617,2.0,138.68675245588952,254.0948145863118,0.0
1.0,33.28588301363669,8.63803832685544,2.0,7.419979484110295,3.751419778904412,4.5,0.9171399263014707,0.9171399263014707,11.005679115617648,0.9171399263014707,2.0,13.257611791764692,205.75942555508826,0.9171399263014707
1.0,26.24256105741898,1.5463388172697434,2.0,8.994761308041534,4.0,0.13613222041173964,0.005238691958465713,0.005238691958465713,0.03143215175079428,0.0,2.0,100.44005012451112,4.143215175079428,0.005238691958465713
0.5021247130836828,18.468328875288037,1.5437429571539545,2.0,9.493625860748951,4.0,1.2542494261673656,0.5021247130836828,1.0,1.0,0.0,2.0,103.98300229533054,125.11048508035151,0.5021247130836828
1.0,35.67489696235973,0.15932640605492548,1.137305624219702,8.0,4.0,1.3338601946941606,0.0,0.0,0.0,0.8626943757802981,2.0,230.35233250936358,117.70725185393195,0.8626943757802981
1.0,32.88672384265431,9.68565387744178,2.0,12.331597002943466,6.2245373294087125,4.260165161894644,1.0,1.0,6.0,0.0,2.0,442.69732780304724,181.428238694139,1.0
1.0,62.320287928402394,17.580395901553295,2.0,8.280935767307788,4.920503874704194,17.7199640089497,1.0,1.0,11.639568107396405,1.0,2.0,0.0,1001.0,1.0
1.0,35.53053896369684,16.74549137300782,2.0,6.844100450276048,4.231179909944791,7.135240247317703,1.0,1.0,15.76882009005521,0.23117990994479043,2.0,0.0,5001.0,1.0
1.0,35.42837230590241,1.0162151707486546,2.0,7.467569658502691,5.870278634010763,9.374642036911602,0.4675696585026907,1.0,1.9351393170053814,1.0,2.0,333.29721365989235,130.76764702310226,0.4675696585026907
1.0,32.68807450173769,3.197013883145032,2.0,4.0,4.0,0.610176769765443,0.0,0.0,0.0,1.0,2.0,231.88982323023455,1.0,0.0
1.0,30.557500529533534,9.641203431309911,2.0,4.094135620873274,2.856481372523964,1.8564813725239644,0.6188271241746548,0.3811728758253452,0.7623457516506904,0.6188271241746548,1.3811728758253452,18.856481372523966,1.3811728758253452,0.6188271241746548
1.0,41.50557888376693,4.920006450869218,2.0,11.78999677456539,8.0,4.518756047689893,0.6050016127173047,0.0,0.0,1.0,1.6050016127173046,346.050016127173,1.0,0.6050016127173047
1.0,30.099750957060436,1.9589651339884613,2.0,8.0,4.0,0.17212087512318347,0.11616116683091127,0.0,0.0,0.0,1.8838388331690887,300.0,1.0,0.11616116683091127
1.0,53.86136811265924,12.15194741932682,2.0,4.213124584079088,2.730144006811816,15.404783989782276,1.0,1.0,12.775529134099093,1.0,2.0,0.0,1001.0,1.0
1.0,38.03366984161932,0.9655742712752176,2.0,5.731405255380879,5.014875795695297,1.6454542190810337,0.7462810510761757,0.0,0.0,0.2537189489238243,1.2537189489238243,289.0148757956953,1.0,0.0
0.36211376359255554,31.023739463351614,1.568686094845131,2.0,6.551544945629778,4.0,3.224227527185111,1.0,1.0,5.724227527185111,0.6378862364074445,2.0,245.68293546111667,1373.0617978251912,1.0
0.635189906404532,29.293109105521626,1.3560050989168946,1.3648100935954681,8.540759625618128,8.0,0.6638252600482503,1.0,0.0,0.0,0.635189906404532,2.0,395.5536706551683,1.0,0.635189906404532
0.44027243850059294,31.05611775136655,6.462451946505336,2.0,5.641634631003558,8.0,1.0531217197286356,0.44027243850059294,0.44027243850059294,4.842996823506523,0.44027243850059294,2.0,273.2081731550178,263.73035266302253,0.44027243850059294
1.0,27.72157008179131,3.5107928070073697,1.652276257323507,6.261381286617535,6.609105029294028,1.523269147398333,0.0,0.652276257323507,0.652276257323507,1.0,2.0,414.2613812866175,14.697801403793648,0.0
1.0,34.62868249577548,4.087810768558519,2.0,5.381628492395858,8.0,7.910484870141798,0.3757364991550953,0.3757364991550953,2.630155494085667,1.0,2.0,295.00589199324077,2.8786824957754766,0.0
1.0,30.904648846844818,0.04665552927801325,1.9813377882887946,9.0,4.0,1.2826588704946094,0.9813377882887947,0.9813377882887947,0.9813377882887947,0.0,1.9813377882887946,201.9626755765776,1.0,0.9813377882887947
1.0,38.052627882461174,6.282017209009646,2.0,7.597213126000971,8.0,5.519077892752064,1.0,0.8506967184997573,10.208360621997087,1.0,2.0,92.85069671849976,1.0,1.0
0.349097198347905,19.179062607434428,6.671753716933974,1.650902801652095,9.254514008260475,4.0,0.5494152887599637,0.650902801652095,0.650902801652095,1.30180560330419,0.650902801652095,2.0,52.840069181826955,1.0,0.650902801652095
1.0,34.02196358657692,4.447871234390216,2.0,5.972197991674782,4.0,1.0069505020813045,0.9860989958373908,0.0,0.0,1.0,2.0,239.8748909625365,1.0,0.0
1.0,25.75137945131402,2.2026653713407964,1.034926803139064,5.930146393721872,4.139707212556256,4.005762922517945,1.0,0.03492680313906393,0.06985360627812787,0.03492680313906393,2.0,187.75551237802657,1.0,0.03492680313906393
1.0,24.755045880235794,0.5904503745240186,2.0,7.638198501903926,4.0,1.1126705618277688,0.6381985019039257,0.6381985019039257,3.1909925095196283,1.0,1.6381985019039256,314.89441198476857,1.0,0.6381985019039257
0.0176468906258751,33.267646890625876,2.5088234453129377,1.017646890625875,8.088234453129376,4.0705875625035,2.586734467426176,0.0176468906258751,0.0,0.0,1.0,2.0,0.0,2.96470621874825,0.0176468906258751
0.2735905115141033,48.97942408217046,3.6501720859182543,2.0,11.0,6.905637953943587,2.8580623098431213,1.0,1.0,5.17922846545769,0.2735905115141033,2.0,31.235608004893557,567.0189912533102,1.0
0.950183394880233,27.579627210490397,0.6803987988043538,1.0,12.501833948802329,4.0498166051197675,0.46172057175900993,0.950183394880233,0.950183394880233,1.900366789760466,0.0,2.0,257.011003692814,498.8080693747302,0.950183394880233
0.8024528648840957,45.03938568908288,8.753491304210574,2.0,4.580377080927234,5.592641405347713,7.074340655725388,1.0,1.0,12.431887243493245,0.8024528648840957,2.0,0.0,5001.0,1.0
1.0,39.10200733909285,1.6208488691235634,2.0,7.928428777992472,4.014314244401506,1.4803179139479297,0.9856857555984943,0.9856857555984943,9.856857555984943,0.014314244401505749,2.0,189.63581807798246,4698.1371511196985,0.9856857555984943
1.0,28.674977816215936,1.5973505911012578,1.7805725292104948,12.683435175262968,8.0,1.493711809276387,1.0,1.0,3.341717587631484,0.2194274707895053,2.0,204.07282147053553,7645.058926680014,1.0
0.9556956917414716,18.608293310098748,9.986798860681322,1.0443043082585284,6.088608616517057,4.0,0.2080705779847407,0.9556956917414716,0.04430430825852838,0.08860861651705676,0.04430430825852838,2.0,123.54434466068227,376.84178185691206,0.0
0.5252457000267293,24.080820024953223,7.04663697531407,2.0,10.848525799839624,5.899017199893082,0.5594001844755427,0.4747542999732707,0.5252457000267293,1.0504914000534586,0.4747542999732707,2.0,75.9606879957233,5699.224324391767,0.4747542999732707
1.0,40.36965700683131,0.3825777136786366,2.0,10.438499473508655,4.438499473508655,0.44670826167927746,0.10962486837716368,0.8903751316228363,0.8903751316228363,0.10962486837716368,1.1096248683771637,573.1549842052597,1.0,0.8903751316228363
1.0,25.405745102148405,1.854016097296861,2.0,6.744126175781222,4.0,0.4680157719726528,0.0,0.0,0.0,1.0,2.0,290.9765047031249,62.58590282187493,0.0
1.0,37.71881189637156,8.989344513316087,1.3542887490743787,9.354288749074378,5.771443745371894,7.140660437816251,1.0,1.0,4.542887490743787,0.0,2.0,32.285562546281064,1192.605753737967,1.0
1.0,22.94713676417084,11.734449490663856,2.0,6.91295113137251,3.5341219134453614,1.8256611984845845,0.0,0.0,0.0,0.0,1.155292695518213,80.0,1.0,0.0
0.8540909849250111,25.561995333969232,2.465144474768856,2.0,8.437727045224968,4.5836360602999555,0.977231461003198,1.0,1.0,6.270454924625056,0.8540909849250111,2.0,81.99273455280107,5106.907282130702,1.0
1.0,30.059096147838485,0.6026150955157252,1.589539617937099,4.462762292377405,6.358158471748396,0.06652928280716947,0.0,0.0,0.0,0.5895396179370992,1.410460382062901,247.0744754152452,1.0,0.0
0.7414462728231365,25.43025338003769,2.231104123736062,2.0,8.258553727176864,4.0,1.085,1.0,1.0,12.292768635884318,0.7414462728231365,2.0,75.5132236306118,2157.8518586464293,1.0
0.07603566613829327,36.304142664553176,1.418196163760613,2.0,7.847928667723414,4.076035666138293,2.11405349920744,1.0,1.0,10.239643338617068,0.0,2.0,0.0,460.3455693100849,1.0
0.6620769524803866,31.594807618799035,1.8941995884804463,1.6620769524803864,4.02753828511768,4.0,1.2321226360000597,0.0,0.0,0.0,1.0,1.3379230475196136,0.0,1.6758460950392269,0.0
0.5436243945963722,17.781611576600977,4.2082565899848206,2.0,7.456375605403628,5.825502421614511,0.7063083838892965,0.45637560540362776,1.0,1.4563756054036276,0.0,2.0,100.0,1.5436243945963724,0.45637560540362776
0.0,17.345997807873687,0.5130980292318409,2.0,3.3742294066240266,4.0,0.17030158326050704,0.0,1.0,5.6881421611466445,1.0,2.0,240.0,34.06648139910919,0.0
0.2500522358916544,22.39225187951464,0.7262283221049634,1.7499477641083456,10.249843292325037,4.0,0.3524869410270864,0.0,1.0,1.0,0.7499477641083456,2.0,200.0,9.499477641083455,0.0
1.0,31.938382503693585,3.5708087481532065,2.0,7.524085000820797,4.0,1.4759149991792029,0.0,0.475914999179203,0.475914999179203,0.475914999179203,2.0,460.0,41.74757995731856,0.0
1.0,19.66062999163457,1.0802695267547693,1.2380375655875793,9.52392486882484,2.4760751311751585,0.039276198321950596,0.0,0.0,0.0,0.0,2.0,100.0,1.0,0.23803756558757938
1.0,33.78786409407723,3.0405257898442546,2.0,10.837896840622982,4.639649473437164,1.2207010531256728,0.3603505265628364,0.0,0.0,0.3603505265628364,2.0,352.324206318754,1.0,0.3603505265628364
1.0,18.61158367391632,5.708311564601957,2.0,2.1390476210152523,4.0,0.5632408166554064,0.01986394585932172,0.0,0.0,0.0,1.9801360541406783,120.0,1.0,0.01986394585932172
0.27179548331885406,58.6135671172024,11.148658001371839,2.0,11.087181933275417,7.6410225834057295,0.36284697023067014,1.0,1.0,12.369227100086876,0.27179548331885406,2.0,82.35403144561278,3353.6255884345787,1.0
1.0,25.02380320654466,10.580531685601105,1.548419518399684,5.096839036799368,5.806321926401264,0.701580481600316,0.0,0.0,0.0,1.0,2.0,0.0,8.676868187205374,0.0
0.09037267935797688,44.19444098096303,0.4179736420306428,2.0,8.271118038073931,4.0,2.6879751730645918,1.0,0.0,0.0,0.0,1.9096273206420231,0.0,1.0,1.0
1.0,46.885203757728426,3.776741458379816,2.0,11.769794277899724,5.0,0.2198260731996985,0.20274597473638867,0.0,0.0,0.7972540252636113,2.0,528.1098389894555,1.0,0.0
1.0,40.49680624635655,3.6500855780057937,2.0,12.230925004857939,6.358766660189415,2.9997468671058494,1.0,1.0,5.589691665047353,1.0,2.0,474.10308334952646,1.0,1.0
1.0,47.14346272936863,1.3784722826056546,1.0,3.5773807171208265,2.2886903585604133,1.070436547146529,0.0,0.0,0.0,0.4295634528534711,2.0,124.2956345285347,1.570436547146529,0.0
1.0,32.24472764448471,6.445490965534634,1.644783698244411,8.0,4.0,3.4343510947332336,1.0,0.6447836982444112,7.7374043789329345,1.0,2.0,0.0,223.42086520702236,0.6447836982444112
0.09196256928443025,21.233577490704995,5.597756700348796,1.0919625692844304,1.1839251385688605,1.2758877078532906,0.03816446625303855,0.0,0.0,0.0,0.0,2.0,0.0,1.0,0.0
0.0,57.79528542778396,4.612450946501493,2.0,11.0,7.903051862320195,2.976377784647628,1.0,1.0,5.975762965580048,0.024237034419951287,2.0,41.957807519942094,561.0,1.0
0.11487378690501526,22.50687922259488,0.8715603887025609,2.0,3.689242721430092,4.0,0.2475464084705965,0.0,0.0,0.0,0.0,2.0,144.6892427214301,1.918990295240122,0.11487378690501526
1.0,36.59009604658711,1.339720869281448,2.0,4.711932236290332,5.8304542109677335,2.766874540080634,0.5423864472580665,0.0,0.0,0.4576135527419335,1.4576135527419334,289.83045421096773,1.0,0.0
1.0,33.831469615792166,2.068285426154965,2.0,9.0,4.0,1.2036136513923028,1.0,0.4542782516741517,0.4542782516741517,0.5457217483258483,2.0,200.9085565033483,1.0,0.4542782516741517
0.08158255805797554,33.125429941065256,0.5807912790289878,2.0,12.673669767768098,4.0,0.44464948796755865,1.0,0.08158255805797554,0.48949534834785324,0.08158255805797554,2.0,444.89495348347856,11081.977329165762,1.0
0.5367203551782799,23.425658845670593,1.6002891564515853,2.0,10.779677868930321,5.85311857928688,0.4724597336162901,0.4632796448217201,0.0,0.0,0.0,2.0,360.0,1.0,0.4632796448217201
0.1103535643383603,45.40734584858408,10.421648969319763,2.0,11.33106069301508,4.441414257353442,5.326646550441547,1.0,1.0,7.11035356433836,0.8896464356616397,2.0,0.0,1.0,1.0
0.9526475713433229,48.134418427463196,8.140831828639104,2.0,7.905295142686645,7.810590285373292,11.943608963284044,1.0,1.0,8.763237856716614,0.0,2.0,172.42921041314145,1652.5906251367192,1.0
0.7689994956000024,22.215770842347993,10.537998991200006,2.0,13.306998486800007,4.0,2.18651414112398,1.0,1.0,5.768999495600003,0.23100050439999764,2.0,120.7689994956,1.0,1.0
1.0,23.387872602923625,10.778947607531814,2.0,9.134149282319662,8.0,1.9935337033267306,0.9329253588401687,0.9329253588401687,10.262178947241855,1.0,2.0,285.3047751188118,282.7865368417256,0.9329253588401687
0.9026817373960403,32.63516445012733,2.448375775933613,2.0,2.0,7.610726949584161,5.4823747778391105,0.0973182626039597,0.0,0.0,1.0,2.0,292.7785461008317,1.0,0.0
0.482936266698489,36.359620031870165,3.1279748492485266,2.0,8.48293626669849,4.482936266698489,0.18536703333731114,0.482936266698489,0.0,0.0,0.482936266698489,2.0,161.44880880009546,1.0,0.0
0.0,30.30732645076963,7.822519700107527,2.0,8.278149625134409,5.822519700107527,2.1582775562298386,1.0,0.5443700749731181,1.633110224919354,0.0,2.0,56.76287382362902,882.0939760728226,1.0
1.0,47.378733313820774,3.929393803441197,2.0,3.2609364413690134,5.1957023310267605,1.2120108586123233,0.06523411034225335,0.06523411034225335,0.7828093241070402,0.06523411034225335,2.0,99.54336122760422,2.8695317793154933,0.06523411034225335
0.0,53.84364016948714,2.9658934291114005,2.0,4.334974157526386,5.665025842473614,1.9658934291114005,0.4449913858421284,0.4449913858421284,1.7799655433685135,0.0,2.0,0.0,111.6551808973153,0.4449913858421284
