timestamp,cycle,epochs,mean_accuracy,median_accuracy,max_accuracy,successful_count,failed_count,exceptional_models,excellent_models
2026-03-17T16:11:30.906418,1,,0.7150000000000001,0,0.7150000000000001,1,0,0,0
2026-03-17T16:11:42.288102,2,,0.7300000000000001,0,0.7300000000000001,1,0,0,0
2026-03-17T16:11:52.459006,3,,0.745,0,0.745,1,0,0,0
2026-03-17T16:35:40.047427,4,,0.76,0,0.76,1,0,0,0
2026-03-17T16:35:47.084797,5,,0.775,0,0.775,1,0,0,0
2026-03-17T16:46:59.551697,6,,0.79,0,0.79,1,0,0,0
2026-03-17T16:47:07.737300,7,,0.805,0,0.805,1,0,0,0
2026-03-17T16:47:14.825020,8,,0.8200000000000001,0,0.8200000000000001,1,0,0,0
2026-03-17T16:47:22.933459,9,,0.8350000000000001,0,0.8350000000000001,1,0,0,0
2026-03-17T16:47:31.035664,10,,0.8500000000000001,0,0.8500000000000001,1,0,0,0
2026-03-17T16:47:39.162356,11,,0.865,0,0.865,1,0,0,0
2026-03-17T16:47:46.418931,12,,0.88,0,0.88,1,0,0,0
2026-03-17T16:47:54.912350,13,,0.895,0,0.895,1,0,0,0
2026-03-17T16:48:03.274574,14,,0.91,0,0.91,1,0,0,0
2026-03-17T16:48:11.418026,15,,0.9249999999999999,0,0.9249999999999999,1,0,0,0
2026-03-17T16:48:18.857797,16,,0.94,0,0.94,1,0,0,0
2026-03-17T16:48:27.233883,17,,0.95,0,0.95,1,0,0,0
2026-03-17T16:48:35.634507,18,,0.95,0,0.95,1,0,0,0
2026-03-17T16:48:42.453285,19,,0.95,0,0.95,1,0,0,0
2026-03-17T16:48:50.632739,20,,0.95,0,0.95,1,0,0,0
2026-03-17T16:48:58.763120,21,,0.95,0,0.95,1,0,0,0
2026-03-17T16:49:06.911750,22,,0.95,0,0.95,1,0,0,0
2026-03-17T16:49:13.977411,23,,0.95,0,0.95,1,0,0,0
2026-03-17T16:49:22.157658,24,,0.95,0,0.95,1,0,0,0
2026-03-17T16:49:30.297932,25,,0.95,0,0.95,1,0,0,0
2026-03-17T16:49:38.408461,26,,0.95,0,0.95,1,0,0,0
2026-03-17T16:49:45.401415,27,,0.95,0,0.95,1,0,0,0
2026-03-17T16:49:53.605085,28,,0.95,0,0.95,1,0,0,0
2026-03-17T16:50:01.751317,29,,0.95,0,0.95,1,0,0,0
2026-03-17T16:50:09.877630,30,,0.95,0,0.95,1,0,0,0
2026-03-17T16:50:17.783624,31,,0.95,0,0.95,1,0,0,0
2026-03-17T16:50:26.619124,32,,0.95,0,0.95,1,0,0,0
2026-03-17T16:50:34.807100,33,,0.95,0,0.95,1,0,0,0
2026-03-17T16:50:42.962789,34,,0.95,0,0.95,1,0,0,0
2026-03-17T16:50:50.053578,35,,0.95,0,0.95,1,0,0,0
2026-03-17T16:50:58.267743,36,,0.95,0,0.95,1,0,0,0
2026-03-17T16:51:07.105285,37,,0.95,0,0.95,1,0,0,0
2026-03-17T16:51:15.351363,38,,0.95,0,0.95,1,0,0,0
2026-03-17T16:51:22.525534,39,,0.95,0,0.95,1,0,0,0
2026-03-17T16:51:30.669619,40,,0.95,0,0.95,1,0,0,0
2026-03-17T16:51:38.849992,41,,0.95,0,0.95,1,0,0,0
2026-03-17T16:51:47.067693,42,,0.95,0,0.95,1,0,0,0
2026-03-17T16:51:54.190540,43,,0.95,0,0.95,1,0,0,0
2026-03-17T16:52:02.378580,44,,0.95,0,0.95,1,0,0,0
2026-03-17T16:52:10.521775,45,,0.95,0,0.95,1,0,0,0
2026-03-17T16:52:18.661021,46,,0.95,0,0.95,1,0,0,0
2026-03-17T16:52:25.600807,47,,0.95,0,0.95,1,0,0,0
2026-03-17T16:52:33.780915,48,,0.95,0,0.95,1,0,0,0
2026-03-17T16:52:42.035436,49,,0.95,0,0.95,1,0,0,0
2026-03-17T16:52:50.294066,50,,0.95,0,0.95,1,0,0,0
2026-03-17T16:52:58.521220,51,,0.95,0,0.95,1,0,0,0
2026-03-17T16:53:06.640777,52,,0.95,0,0.95,1,0,0,0
2026-03-17T16:53:13.313022,53,,0.95,0,0.95,1,0,0,0
2026-03-17T16:53:21.436430,54,,0.95,0,0.95,1,0,0,0
2026-03-17T16:53:29.597694,55,,0.95,0,0.95,1,0,0,0
2026-03-17T16:53:38.829475,56,,0.95,0,0.95,1,0,0,0
2026-03-17T16:53:47.264500,57,,0.95,0,0.95,1,0,0,0
2026-03-17T16:53:56.280510,58,,0.95,0,0.95,1,0,0,0
2026-03-17T16:54:04.772385,59,,0.95,0,0.95,1,0,0,0
2026-03-17T16:54:13.579968,60,,0.95,0,0.95,1,0,0,0
2026-03-17T16:54:19.817472,61,,0.95,0,0.95,1,0,0,0
2026-03-17T16:54:28.100769,62,,0.95,0,0.95,1,0,0,0
2026-03-17T16:54:36.221535,63,,0.95,0,0.95,1,0,0,0
2026-03-17T16:54:43.619614,64,,0.95,0,0.95,1,0,0,0
2026-03-17T16:54:52.423552,65,,0.95,0,0.95,1,0,0,0
2026-03-17T16:55:01.103138,66,,0.95,0,0.95,1,0,0,0
2026-03-17T16:55:09.650189,67,,0.95,0,0.95,1,0,0,0
2026-03-17T16:55:17.930583,68,,0.95,0,0.95,1,0,0,0
2026-03-17T16:55:26.564268,69,,0.95,0,0.95,1,0,0,0
2026-03-17T16:55:35.078107,70,,0.95,0,0.95,1,0,0,0
2026-03-17T16:55:47.811386,71,,0.95,0,0.95,1,0,0,0
2026-03-17T16:56:04.790207,72,,0.95,0,0.95,1,0,0,0
2026-03-17T16:56:19.538877,73,,0.95,0,0.95,1,0,0,0
2026-03-17T16:56:34.656915,74,,0.95,0,0.95,1,0,0,0
2026-03-17T16:56:47.654772,75,,0.95,0,0.95,1,0,0,0
2026-03-17T16:56:59.955573,76,,0.95,0,0.95,1,0,0,0
2026-03-17T16:57:11.867455,77,,0.95,0,0.95,1,0,0,0
2026-03-17T16:57:20.894359,78,,0.95,0,0.95,1,0,0,0
2026-03-17T16:57:35.967158,79,,0.95,0,0.95,1,0,0,0
2026-03-17T16:57:48.192163,80,,0.95,0,0.95,1,0,0,0
2026-03-17T16:57:58.344368,81,,0.95,0,0.95,1,0,0,0
2026-03-17T16:58:08.006665,82,,0.95,0,0.95,1,0,0,0
2026-03-17T16:58:16.633028,83,,0.95,0,0.95,1,0,0,0
2026-03-17T16:58:29.969549,84,,0.95,0,0.95,1,0,0,0
2026-03-17T16:58:43.316536,85,,0.95,0,0.95,1,0,0,0
2026-03-17T16:58:56.798459,86,,0.95,0,0.95,1,0,0,0
2026-03-17T16:59:10.465471,87,,0.95,0,0.95,1,0,0,0
2026-03-17T16:59:25.391633,88,,0.95,0,0.95,1,0,0,0
2026-03-17T16:59:34.149628,89,,0.95,0,0.95,1,0,0,0
2026-03-17T16:59:45.199076,90,,0.95,0,0.95,1,0,0,0
2026-03-17T16:59:56.263840,91,,0.95,0,0.95,1,0,0,0
2026-03-17T17:00:04.690619,92,,0.95,0,0.95,1,0,0,0
2026-03-17T17:00:16.757729,93,,0.95,0,0.95,1,0,0,0
2026-03-17T17:00:27.168063,94,,0.95,0,0.95,1,0,0,0
2026-03-17T17:00:35.806906,95,,0.95,0,0.95,1,0,0,0
2026-03-17T17:00:43.104733,96,,0.95,0,0.95,1,0,0,0
2026-03-17T17:00:51.471456,97,,0.95,0,0.95,1,0,0,0
2026-03-17T17:00:59.624676,98,,0.95,0,0.95,1,0,0,0
2026-03-17T17:01:07.887371,99,,0.95,0,0.95,1,0,0,0
2026-03-17T17:01:15.286238,100,,0.95,0,0.95,1,0,0,0
2026-03-17T17:01:23.959773,101,,0.95,0,0.95,1,0,0,0
2026-03-17T17:01:32.160857,102,,0.95,0,0.95,1,0,0,0
2026-03-17T17:01:39.540051,103,,0.95,0,0.95,1,0,0,0
2026-03-17T17:01:47.710695,104,,0.95,0,0.95,1,0,0,0
2026-03-17T17:01:55.926296,105,,0.95,0,0.95,1,0,0,0
2026-03-17T17:02:04.092154,106,,0.95,0,0.95,1,0,0,0
2026-03-17T17:02:11.596430,107,,0.95,0,0.95,1,0,0,0
2026-03-17T17:02:19.819960,108,,0.95,0,0.95,1,0,0,0
2026-03-17T17:02:28.068159,109,,0.95,0,0.95,1,0,0,0
2026-03-17T17:02:36.755886,110,,0.95,0,0.95,1,0,0,0
2026-03-17T17:02:44.145919,111,,0.95,0,0.95,1,0,0,0
2026-03-17T17:02:52.652567,112,,0.95,0,0.95,1,0,0,0
2026-03-17T17:03:00.866066,113,,0.95,0,0.95,1,0,0,0
2026-03-17T17:03:09.110032,114,,0.95,0,0.95,1,0,0,0
2026-03-17T17:03:16.785452,115,,0.95,0,0.95,1,0,0,0
2026-03-17T17:03:25.330797,116,,0.95,0,0.95,1,0,0,0
2026-03-17T17:03:35.195010,117,,0.95,0,0.95,1,0,0,0
2026-03-17T17:03:43.540593,118,,0.95,0,0.95,1,0,0,0
2026-03-17T17:03:51.159979,119,,0.95,0,0.95,1,0,0,0
2026-03-17T17:03:59.424305,120,,0.95,0,0.95,1,0,0,0
2026-03-17T17:04:07.729141,121,,0.95,0,0.95,1,0,0,0
2026-03-17T17:04:15.972668,122,,0.95,0,0.95,1,0,0,0
2026-03-17T17:04:23.347025,123,,0.95,0,0.95,1,0,0,0
2026-03-17T17:04:31.681192,124,,0.95,0,0.95,1,0,0,0
2026-03-17T17:04:41.920740,125,,0.95,0,0.95,1,0,0,0
2026-03-17T17:04:49.331043,126,,0.95,0,0.95,1,0,0,0
2026-03-17T17:04:57.687605,127,,0.95,0,0.95,1,0,0,0
2026-03-17T17:05:06.022563,128,,0.95,0,0.95,1,0,0,0
2026-03-17T17:05:14.624009,129,,0.95,0,0.95,1,0,0,0
2026-03-17T17:05:22.352563,130,,0.95,0,0.95,1,0,0,0
2026-03-17T17:05:31.296471,131,,0.95,0,0.95,1,0,0,0
2026-03-17T17:05:39.471903,132,,0.95,0,0.95,1,0,0,0
2026-03-17T17:05:47.634282,133,,0.95,0,0.95,1,0,0,0
2026-03-17T17:05:55.419942,134,,0.95,0,0.95,1,0,0,0
2026-03-17T17:06:03.635306,135,,0.95,0,0.95,1,0,0,0
2026-03-17T17:06:11.821754,136,,0.95,0,0.95,1,0,0,0
2026-03-17T17:06:19.966086,137,,0.95,0,0.95,1,0,0,0
2026-03-17T17:06:27.308886,138,,0.95,0,0.95,1,0,0,0
2026-03-17T17:06:35.516790,139,,0.95,0,0.95,1,0,0,0
2026-03-17T17:06:43.685937,140,,0.95,0,0.95,1,0,0,0
2026-03-17T17:06:51.847236,141,,0.95,0,0.95,1,0,0,0
2026-03-17T17:06:59.303218,142,,0.95,0,0.95,1,0,0,0
2026-03-17T17:07:07.451915,143,,0.95,0,0.95,1,0,0,0
2026-03-17T17:07:15.608365,144,,0.95,0,0.95,1,0,0,0
2026-03-17T17:07:23.747183,145,,0.95,0,0.95,1,0,0,0
2026-03-17T17:07:31.103568,146,,0.95,0,0.95,1,0,0,0
2026-03-17T17:07:39.411707,147,,0.95,0,0.95,1,0,0,0
2026-03-17T17:07:47.653923,148,,0.95,0,0.95,1,0,0,0
2026-03-17T17:07:55.915399,149,,0.95,0,0.95,1,0,0,0
2026-03-17T17:08:03.121502,150,,0.95,0,0.95,1,0,0,0
2026-03-17T17:08:11.351075,151,,0.95,0,0.95,1,0,0,0
2026-03-17T17:08:19.539145,152,,0.95,0,0.95,1,0,0,0
2026-03-17T17:08:27.736482,153,,0.95,0,0.95,1,0,0,0
2026-03-17T17:08:35.032599,154,,0.95,0,0.95,1,0,0,0
2026-03-17T17:08:43.222808,155,,0.95,0,0.95,1,0,0,0
2026-03-17T17:08:51.437779,156,,0.95,0,0.95,1,0,0,0
2026-03-17T17:08:59.696936,157,,0.95,0,0.95,1,0,0,0
2026-03-17T17:09:07.196065,158,,0.95,0,0.95,1,0,0,0
2026-03-17T17:09:15.414169,159,,0.95,0,0.95,1,0,0,0
2026-03-17T17:09:23.631789,160,,0.95,0,0.95,1,0,0,0
2026-03-17T17:09:31.879380,161,,0.95,0,0.95,1,0,0,0
2026-03-17T17:09:38.996560,162,,0.95,0,0.95,1,0,0,0
2026-03-17T17:09:47.250969,163,,0.95,0,0.95,1,0,0,0
2026-03-17T17:09:55.492297,164,,0.95,0,0.95,1,0,0,0
2026-03-17T17:10:03.707228,165,,0.95,0,0.95,1,0,0,0
2026-03-17T17:10:11.082965,166,,0.95,0,0.95,1,0,0,0
2026-03-17T17:10:19.370225,167,,0.95,0,0.95,1,0,0,0
2026-03-17T17:10:27.656412,168,,0.95,0,0.95,1,0,0,0
2026-03-17T17:10:35.847203,169,,0.95,0,0.95,1,0,0,0
2026-03-17T17:10:43.144356,170,,0.95,0,0.95,1,0,0,0
2026-03-17T17:10:51.369674,171,,0.95,0,0.95,1,0,0,0
2026-03-17T17:10:59.594589,172,,0.95,0,0.95,1,0,0,0
2026-03-17T17:11:06.972006,173,,0.95,0,0.95,1,0,0,0
2026-03-17T17:11:15.273773,174,,0.95,0,0.95,1,0,0,0
2026-03-17T17:11:23.558252,175,,0.95,0,0.95,1,0,0,0
2026-03-17T17:11:31.771046,176,,0.95,0,0.95,1,0,0,0
2026-03-17T17:11:39.164191,177,,0.95,0,0.95,1,0,0,0
2026-03-17T17:11:47.348027,178,,0.95,0,0.95,1,0,0,0
2026-03-17T17:11:55.682239,179,,0.95,0,0.95,1,0,0,0
2026-03-17T17:12:04.465026,180,,0.95,0,0.95,1,0,0,0
2026-03-17T17:12:12.498967,181,,0.95,0,0.95,1,0,0,0
2026-03-17T17:12:21.941474,182,,0.95,0,0.95,1,0,0,0
2026-03-17T17:12:32.888269,183,,0.95,0,0.95,1,0,0,0
2026-03-17T17:12:40.887334,184,,0.95,0,0.95,1,0,0,0
2026-03-17T17:12:49.275009,185,,0.95,0,0.95,1,0,0,0
2026-03-17T17:12:57.863771,186,,0.95,0,0.95,1,0,0,0
2026-03-17T17:13:07.434434,187,,0.95,0,0.95,1,0,0,0
2026-03-17T17:13:15.356564,188,,0.95,0,0.95,1,0,0,0
2026-03-17T17:13:24.005018,189,,0.95,0,0.95,1,0,0,0
2026-03-17T17:13:33.161839,190,,0.95,0,0.95,1,0,0,0
2026-03-17T17:13:42.858569,191,,0.95,0,0.95,1,0,0,0
2026-03-17T17:13:51.235682,192,,0.95,0,0.95,1,0,0,0
2026-03-17T17:14:00.237171,193,,0.95,0,0.95,1,0,0,0
2026-03-17T17:14:09.537656,194,,0.95,0,0.95,1,0,0,0
2026-03-17T17:14:17.852747,195,,0.95,0,0.95,1,0,0,0
2026-03-17T17:14:27.442715,196,,0.95,0,0.95,1,0,0,0
2026-03-17T17:14:36.216736,197,,0.95,0,0.95,1,0,0,0
2026-03-17T17:14:45.604373,198,,0.95,0,0.95,1,0,0,0
2026-03-17T17:14:53.786185,199,,0.95,0,0.95,1,0,0,0
2026-03-17T17:15:02.778459,200,,0.95,0,0.95,1,0,0,0
2026-03-17T17:15:12.312769,201,,0.95,0,0.95,1,0,0,0
2026-03-17T17:15:21.493459,202,,0.95,0,0.95,1,0,0,0
2026-03-17T17:15:32.308295,203,,0.95,0,0.95,1,0,0,0
2026-03-17T17:15:42.139870,204,,0.95,0,0.95,1,0,0,0
2026-03-17T17:15:50.993461,205,,0.95,0,0.95,1,0,0,0
2026-03-17T17:16:00.663368,206,,0.95,0,0.95,1,0,0,0
2026-03-17T17:16:10.420023,207,,0.95,0,0.95,1,0,0,0
2026-03-17T17:16:19.313262,208,,0.95,0,0.95,1,0,0,0
2026-03-17T17:16:27.246491,209,,0.95,0,0.95,1,0,0,0
2026-03-17T17:16:37.008386,210,,0.95,0,0.95,1,0,0,0
2026-03-17T17:16:47.292690,211,,0.95,0,0.95,1,0,0,0
2026-03-17T17:16:56.286880,212,,0.95,0,0.95,1,0,0,0
2026-03-17T17:17:05.276750,213,,0.95,0,0.95,1,0,0,0
2026-03-17T17:17:14.358565,214,,0.95,0,0.95,1,0,0,0
2026-03-17T17:17:23.267492,215,,0.95,0,0.95,1,0,0,0
2026-03-17T17:17:34.707106,216,,0.95,0,0.95,1,0,0,0
2026-03-17T17:17:44.076375,217,,0.95,0,0.95,1,0,0,0
2026-03-17T17:17:53.263012,218,,0.95,0,0.95,1,0,0,0
2026-03-17T17:18:01.889181,219,,0.95,0,0.95,1,0,0,0
2026-03-17T17:18:11.759624,220,,0.95,0,0.95,1,0,0,0
2026-03-17T17:18:21.369193,221,,0.95,0,0.95,1,0,0,0
2026-03-17T17:18:30.951787,222,,0.95,0,0.95,1,0,0,0
2026-03-17T17:18:39.958713,223,,0.95,0,0.95,1,0,0,0
2026-03-17T17:18:48.800398,224,,0.95,0,0.95,1,0,0,0
2026-03-17T17:18:57.761802,225,,0.95,0,0.95,1,0,0,0
2026-03-17T17:19:05.781979,226,,0.95,0,0.95,1,0,0,0
2026-03-17T17:19:14.572302,227,,0.95,0,0.95,1,0,0,0
2026-03-17T17:19:23.858703,228,,0.95,0,0.95,1,0,0,0
2026-03-17T17:19:33.637217,229,,0.95,0,0.95,1,0,0,0
2026-03-17T17:19:43.212918,230,,0.95,0,0.95,1,0,0,0
2026-03-17T17:19:52.438574,231,,0.95,0,0.95,1,0,0,0
2026-03-17T17:20:01.037484,232,,0.95,0,0.95,1,0,0,0
2026-03-17T17:20:11.286822,233,,0.95,0,0.95,1,0,0,0
2026-03-17T17:20:21.797887,234,,0.95,0,0.95,1,0,0,0
2026-03-17T17:20:31.372203,235,,0.95,0,0.95,1,0,0,0
2026-03-17T17:20:39.031595,236,,0.95,0,0.95,1,0,0,0
2026-03-17T17:20:48.180530,237,,0.95,0,0.95,1,0,0,0
2026-03-17T17:20:57.312206,238,,0.95,0,0.95,1,0,0,0
2026-03-17T17:21:06.021904,239,,0.95,0,0.95,1,0,0,0
2026-03-17T17:21:14.839367,240,,0.95,0,0.95,1,0,0,0
2026-03-17T17:21:25.599281,241,,0.95,0,0.95,1,0,0,0
2026-03-17T17:21:34.748298,242,,0.95,0,0.95,1,0,0,0
2026-03-17T17:21:43.843679,243,,0.95,0,0.95,1,0,0,0
2026-03-17T17:21:53.837047,244,,0.95,0,0.95,1,0,0,0
2026-03-17T17:22:03.827766,245,,0.95,0,0.95,1,0,0,0
2026-03-17T17:22:11.899663,246,,0.95,0,0.95,1,0,0,0
2026-03-17T17:22:20.664063,247,,0.95,0,0.95,1,0,0,0
2026-03-17T17:22:32.124667,248,,0.95,0,0.95,1,0,0,0
2026-03-17T17:22:39.969631,249,,0.95,0,0.95,1,0,0,0
2026-03-17T17:22:48.358999,250,,0.95,0,0.95,1,0,0,0
2026-03-17T17:22:56.753647,251,,0.95,0,0.95,1,0,0,0
2026-03-17T17:23:06.291679,252,,0.95,0,0.95,1,0,0,0
2026-03-17T17:23:14.038361,253,,0.95,0,0.95,1,0,0,0
2026-03-17T17:23:22.801673,254,,0.95,0,0.95,1,0,0,0
2026-03-17T17:23:34.370002,255,,0.95,0,0.95,1,0,0,0
2026-03-17T17:23:41.697791,256,,0.95,0,0.95,1,0,0,0
2026-03-17T17:23:51.457449,257,,0.95,0,0.95,1,0,0,0
2026-03-17T17:24:00.132027,258,,0.95,0,0.95,1,0,0,0
2026-03-17T17:24:08.652885,259,,0.95,0,0.95,1,0,0,0
2026-03-17T17:24:16.222035,260,,0.95,0,0.95,1,0,0,0
2026-03-17T17:24:25.022208,261,,0.95,0,0.95,1,0,0,0
2026-03-17T17:24:33.627990,262,,0.95,0,0.95,1,0,0,0
2026-03-17T17:24:42.454254,263,,0.95,0,0.95,1,0,0,0
2026-03-17T17:24:50.405790,264,,0.95,0,0.95,1,0,0,0
2026-03-17T17:24:58.941842,265,,0.95,0,0.95,1,0,0,0
2026-03-17T17:25:07.714825,266,,0.95,0,0.95,1,0,0,0
2026-03-17T17:25:15.174281,267,,0.95,0,0.95,1,0,0,0
2026-03-17T17:25:23.688395,268,,0.95,0,0.95,1,0,0,0
2026-03-17T17:25:33.346542,269,,0.95,0,0.95,1,0,0,0
2026-03-17T17:25:41.763002,270,,0.95,0,0.95,1,0,0,0
2026-03-17T17:25:49.239787,271,,0.95,0,0.95,1,0,0,0
2026-03-17T17:25:58.160363,272,,0.95,0,0.95,1,0,0,0
2026-03-17T17:26:07.416592,273,,0.95,0,0.95,1,0,0,0
2026-03-17T17:26:15.981954,274,,0.95,0,0.95,1,0,0,0
2026-03-17T17:26:23.641081,275,,0.95,0,0.95,1,0,0,0
2026-03-17T17:26:32.829583,276,,0.95,0,0.95,1,0,0,0
2026-03-17T17:26:41.327729,277,,0.95,0,0.95,1,0,0,0
2026-03-17T17:26:49.288641,278,,0.95,0,0.95,1,0,0,0
2026-03-17T17:26:57.860911,279,,0.95,0,0.95,1,0,0,0
2026-03-17T17:27:06.238823,280,,0.95,0,0.95,1,0,0,0
2026-03-17T17:27:15.021060,281,,0.95,0,0.95,1,0,0,0
2026-03-17T17:27:23.114080,282,,0.95,0,0.95,1,0,0,0
2026-03-17T17:27:31.757309,283,,0.95,0,0.95,1,0,0,0
2026-03-17T17:27:40.564098,284,,0.95,0,0.95,1,0,0,0
2026-03-17T17:27:49.012328,285,,0.95,0,0.95,1,0,0,0
2026-03-17T17:27:56.371106,286,,0.95,0,0.95,1,0,0,0
2026-03-17T17:28:06.292601,287,,0.95,0,0.95,1,0,0,0
2026-03-17T17:28:14.721714,288,,0.95,0,0.95,1,0,0,0
2026-03-17T17:28:22.916779,289,,0.95,0,0.95,1,0,0,0
2026-03-17T17:28:30.121919,290,,0.95,0,0.95,1,0,0,0
2026-03-17T17:28:38.316599,291,,0.95,0,0.95,1,0,0,0
2026-03-17T17:28:46.697246,292,,0.95,0,0.95,1,0,0,0
2026-03-17T17:28:53.944251,293,,0.95,0,0.95,1,0,0,0
2026-03-17T17:29:02.145707,294,,0.95,0,0.95,1,0,0,0
2026-03-17T17:29:10.311999,295,,0.95,0,0.95,1,0,0,0
2026-03-17T17:29:18.491327,296,,0.95,0,0.95,1,0,0,0
2026-03-17T17:29:25.746489,297,,0.95,0,0.95,1,0,0,0
2026-03-17T17:29:33.958578,298,,0.95,0,0.95,1,0,0,0
2026-03-17T17:29:42.227570,299,,0.95,0,0.95,1,0,0,0
2026-03-17T17:29:50.412126,300,,0.95,0,0.95,1,0,0,0
2026-03-17T17:29:57.565496,301,,0.95,0,0.95,1,0,0,0
2026-03-17T17:30:05.868025,302,,0.95,0,0.95,1,0,0,0
2026-03-17T17:30:14.220778,303,,0.95,0,0.95,1,0,0,0
2026-03-17T17:30:22.467992,304,,0.95,0,0.95,1,0,0,0
2026-03-17T17:30:29.799048,305,,0.95,0,0.95,1,0,0,0
2026-03-17T17:30:37.975734,306,,0.95,0,0.95,1,0,0,0
2026-03-17T17:30:46.202493,307,,0.95,0,0.95,1,0,0,0
2026-03-17T17:30:54.718369,308,,0.95,0,0.95,1,0,0,0
2026-03-17T17:31:01.835044,309,,0.95,0,0.95,1,0,0,0
2026-03-17T17:31:10.145210,310,,0.95,0,0.95,1,0,0,0
2026-03-17T17:31:18.372100,311,,0.95,0,0.95,1,0,0,0
2026-03-17T17:31:26.552568,312,,0.95,0,0.95,1,0,0,0
2026-03-17T17:31:33.718436,313,,0.95,0,0.95,1,0,0,0
2026-03-17T17:31:41.887032,314,,0.95,0,0.95,1,0,0,0
2026-03-17T17:31:50.334479,315,,0.95,0,0.95,1,0,0,0
2026-03-17T17:31:58.863924,316,,0.95,0,0.95,1,0,0,0
2026-03-17T17:32:06.093924,317,,0.95,0,0.95,1,0,0,0
2026-03-17T17:32:14.717464,318,,0.95,0,0.95,1,0,0,0
2026-03-17T17:32:23.139020,319,,0.95,0,0.95,1,0,0,0
2026-03-17T17:32:31.277251,320,,0.95,0,0.95,1,0,0,0
2026-03-17T17:32:38.470572,321,,0.95,0,0.95,1,0,0,0
2026-03-17T17:32:47.548256,322,,0.95,0,0.95,1,0,0,0
2026-03-17T17:32:56.149442,323,,0.95,0,0.95,1,0,0,0
2026-03-17T17:33:04.685665,324,,0.95,0,0.95,1,0,0,0
2026-03-17T17:33:11.869828,325,,0.95,0,0.95,1,0,0,0
2026-03-17T17:33:20.179231,326,,0.95,0,0.95,1,0,0,0
2026-03-17T17:33:28.396270,327,,0.95,0,0.95,1,0,0,0
2026-03-17T17:33:36.568275,328,,0.95,0,0.95,1,0,0,0
2026-03-17T17:33:43.654342,329,,0.95,0,0.95,1,0,0,0
2026-03-17T17:33:57.117464,330,,0.95,0,0.95,1,0,0,0
2026-03-17T17:34:07.657675,331,,0.95,0,0.95,1,0,0,0
2026-03-17T17:34:16.297294,332,,0.95,0,0.95,1,0,0,0
2026-03-17T17:34:24.541801,333,,0.95,0,0.95,1,0,0,0
2026-03-17T17:34:32.763398,334,,0.95,0,0.95,1,0,0,0
2026-03-17T17:34:40.202529,335,,0.95,0,0.95,1,0,0,0
2026-03-17T17:34:48.370446,336,,0.95,0,0.95,1,0,0,0
2026-03-17T17:34:57.085842,337,,0.95,0,0.95,1,0,0,0
2026-03-17T17:35:05.380721,338,,0.95,0,0.95,1,0,0,0
2026-03-17T17:35:12.567815,339,,0.95,0,0.95,1,0,0,0
2026-03-17T17:35:20.743227,340,,0.95,0,0.95,1,0,0,0
2026-03-17T17:35:29.997550,341,,0.95,0,0.95,1,0,0,0
2026-03-17T17:35:38.434077,342,,0.95,0,0.95,1,0,0,0
2026-03-17T17:35:45.519607,343,,0.95,0,0.95,1,0,0,0
2026-03-22T04:34:39.955854,344,,0.95,0,0.95,1,0,0,0
2026-03-22T04:34:48.379735,345,,0.940727,0,0.940727,1,0,0,0
2026-03-22T04:34:56.919701,346,,0.95,0,0.95,1,0,0,0
2026-03-22T04:35:05.216834,347,,0.946754,0,0.946754,1,0,0,0
2026-03-22T04:35:11.843957,348,,0.95,0,0.95,1,0,0,0
2026-03-22T04:35:20.514827,349,,0.95,0,0.95,1,0,0,0
2026-03-22T04:35:29.198231,350,,0.95,0,0.95,1,0,0,0
2026-03-22T04:35:37.437344,351,,0.947482,0,0.947482,1,0,0,0
2026-03-22T04:35:43.698878,352,,0.95,0,0.95,1,0,0,0
2026-03-22T04:35:52.021112,353,,0.95,0,0.95,1,0,0,0
2026-03-22T04:38:16.114014,354,,0.954202,0,0.954202,4,0,0,0
2026-03-22T04:38:23.525637,355,,0.956931,0,0.956931,4,0,0,0
2026-03-22T04:38:31.376186,356,,0.956931,0,0.956931,4,0,0,0
2026-03-22T04:38:38.729074,357,,0.956931,0,0.956931,4,0,0,0
2026-03-22T04:40:29.267774,358,,0.952331,0,0.952331,4,0,0,0
